platform,username,profile_url,followers,median_likes,median_comments,engagement_rate,usable_posts,sampled_posts,data_completeness,short_video_share,last_post_date,score,score_components,selection_explanation,evidence,recent_post_url,barter_offer,manual_verification_status,verification_notes,discovery_confidence,eligibility_status,eligibility_reasons,query_ids,provider,collected_at,offer_generation_mode,source_exclusion_check
instagram,bainur_beauty,https://www.instagram.com/bainur_beauty/,777795,18407.5,852.5,2.511137253389389,12,12,1.0,0.6666666666666666,2026-07-26T12:06:47+00:00,70.62,"[{""evidence"":[{""evidence_text"":""Matched explicit term: лук"",""observation_type"":""direct"",""signal_type"":""fashion"",""source_field"":""recent_posts.caption"",""source_reference"":""3930213720923595839"",""url"":""https://www.instagram.com/p/DaK7I5XBGQ_/""},{""evidence_text"":""Matched explicit term: beauty"",""observation_type"":""direct"",""signal_type"":""beauty"",""source_field"":""full_name"",""source_reference"":""profile"",""url"":""https://www.instagram.com/bainur_beauty/""},{""evidence_text"":""Matched explicit term: beauty"",""observation_type"":""direct"",""signal_type"":""beauty"",""source_field"":""biography"",""source_reference"":""profile"",""url"":""https://www.instagram.com/bainur_beauty/""},{""evidence_text"":""Matched explicit term: макияж"",""observation_type"":""direct"",""signal_type"":""beauty"",""source_field"":""biography"",""source_reference"":""profile"",""url"":""https://www.instagram.com/bainur_beauty/""},{""evidence_text"":""Matched explicit term: уход"",""observation_type"":""direct"",""signal_type"":""beauty"",""source_field"":""biography"",""source_reference"":""profile"",""url"":""https://www.instagram.com/bainur_beauty/""},{""evidence_text"":""Matched explicit term: визаж"",""observation_type"":""direct"",""signal_type"":""beauty"",""source_field"":""biography"",""source_reference"":""profile"",""url"":""https://www.instagram.com/bainur_beauty/""},{""evidence_text"":""Matched explicit term: космет"",""observation_type"":""direct"",""signal_type"":""beauty"",""source_field"":""recent_posts.caption"",""source_reference"":""3945326156816112805"",""url"":""https://www.instagram.com/p/DbAnTyEFNyl/""},{""evidence_text"":""Matched explicit term: макияж"",""observation_type"":""direct"",""signal_type"":""beauty"",""source_field"":""recent_posts.caption"",""source_reference"":""3945326156816112805"",""url"":""https://www.instagram.com/p/DbAnTyEFNyl/""},{""evidence_text"":""Matched explicit term: макияж"",""observation_type"":""direct"",""signal_type"":""beauty"",""source_field"":""recent_posts.caption"",""source_reference"":""3935245478177213272"",""url"":""https://www.instagram.com/p/DaczOmetwtY/""},{""evidence_text"":""Matched explicit term: content creator"",""observation_type"":""direct"",""signal_type"":""ugc"",""source_field"":""full_name"",""source_reference"":""profile"",""url"":""https://www.instagram.com/bainur_beauty/""},{""evidence_text"":""17.00/24 topical + 4.00/5 format readiness + 0.88/1 Nike/Apple format alignment."",""observation_type"":""derived"",""signal_type"":""content_and_aesthetic_fit"",""source_field"":""candidate_metrics"",""source_reference"":""bainur_beauty"",""url"":""https://www.instagram.com/bainur_beauty/""}],""explanation"":""17.00/24 topical + 4.00/5 format readiness + 0.88/1 Nike/Apple format alignment."",""max_score"":30.0,""name"":""content_and_aesthetic_fit"",""score"":21.88},{""evidence"":[{""evidence_text"":""Matched explicit term: content creator"",""observation_type"":""direct"",""signal_type"":""ugc"",""source_field"":""full_name"",""source_reference"":""profile"",""url"":""https://www.instagram.com/bainur_beauty/""},{""evidence_text"":""Matched explicit term: collab"",""observation_type"":""direct"",""signal_type"":""commercial_pr"",""source_field"":""biography"",""source_reference"":""profile"",""url"":""https://www.instagram.com/bainur_beauty/""},{""evidence_text"":""Matched explicit term: pr"",""observation_type"":""direct"",""signal_type"":""commercial_pr"",""source_field"":""biography"",""source_reference"":""profile"",""url"":""https://www.instagram.com/bainur_beauty/""},{""evidence_text"":""Matched explicit term: бартер"",""observation_type"":""direct"",""signal_type"":""commercial_pr"",""source_field"":""recent_posts.caption"",""source_reference"":""3947608460409364383"",""url"":""https://www.instagram.com/p/DbIuPq7Bt-f/""},{""evidence_text"":""Observed email address: pr@bainurbeauty.com"",""observation_type"":""direct"",""signal_type"":""contact"",""source_field"":""biography"",""source_reference"":""profile"",""url"":""https://www.instagram.com/bainur_beauty/""},{""evidence_text"":""Observed tagged account(s): adan.berg, bonbonofficiall"",""observation_type"":""direct"",""signal_type"":""native_product_integration"",""source_field"":""recent_posts.tagged_usernames"",""source_reference"":""3936738135145500841"",""url"":""https://www.instagram.com/p/DaiGnnnFNCp/""},{""evidence_text"":""UGC=True, marketplace=False, commercial/PR=True, contact=True; 1/12 posts have independently observed native-integration evidence."",""observation_type"":""derived"",""signal_type"":""native_product_integration_potential"",""source_field"":""candidate_metrics"",""source_reference"":""bainur_beauty"",""url"":""https://www.instagram.com/bainur_beauty/""}],""explanation"":""UGC=True, marketplace=False, commercial/PR=True, contact=True; 1/12 posts have independently observed native-integration evidence."",""max_score"":20.0,""name"":""native_product_integration_potential"",""score"":12.67},{""evidence"":[{""evidence_text"":""Short video share 0.667 × 15 = 10.00."",""observation_type"":""derived"",""signal_type"":""short_video_consistency"",""source_field"":""candidate_metrics"",""source_reference"":""bainur_beauty"",""url"":""https://www.instagram.com/bainur_beauty/""}],""explanation"":""Short video share 0.667 × 15 = 10.00."",""max_score"":15.0,""name"":""short_video_consistency"",""score"":10.0},{""evidence"":[{""evidence_text"":""Frozen Phase A percentile 0.737732 × 15 = 11.07 raw; × completeness 12/12 (1.000000) = 11.07 adjusted."",""observation_type"":""derived"",""signal_type"":""engagement"",""source_field"":""candidate_metrics"",""source_reference"":""bainur_beauty"",""url"":""https://www.instagram.com/bainur_beauty/""}],""explanation"":""Frozen Phase A percentile 0.737732 × 15 = 11.07 raw; × completeness 12/12 (1.000000) = 11.07 adjusted."",""max_score"":15.0,""name"":""engagement"",""score"":11.07},{""evidence"":[{""evidence_text"":""Matched explicit term: collab"",""observation_type"":""direct"",""signal_type"":""commercial_pr"",""source_field"":""biography"",""source_reference"":""profile"",""url"":""https://www.instagram.com/bainur_beauty/""},{""evidence_text"":""Matched explicit term: pr"",""observation_type"":""direct"",""signal_type"":""commercial_pr"",""source_field"":""biography"",""source_reference"":""profile"",""url"":""https://www.instagram.com/bainur_beauty/""},{""evidence_text"":""Matched explicit term: бартер"",""observation_type"":""direct"",""signal_type"":""commercial_pr"",""source_field"":""recent_posts.caption"",""source_reference"":""3947608460409364383"",""url"":""https://www.instagram.com/p/DbIuPq7Bt-f/""},{""evidence_text"":""Matched explicit term: content creator"",""observation_type"":""direct"",""signal_type"":""ugc"",""source_field"":""full_name"",""source_reference"":""profile"",""url"":""https://www.instagram.com/bainur_beauty/""},{""evidence_text"":""1.0/5 for very large audience (>300k); commercial/PR=True (+2), UGC=True (+2), marketplace=False (+1)."",""observation_type"":""derived"",""signal_type"":""barter_feasibility"",""source_field"":""candidate_metrics"",""source_reference"":""bainur_beauty"",""url"":""https://www.instagram.com/bainur_beauty/""}],""explanation"":""1.0/5 for very large audience (>300k); commercial/PR=True (+2), UGC=True (+2), marketplace=False (+1)."",""max_score"":10.0,""name"":""barter_feasibility"",""score"":5.0},{""evidence"":[{""evidence_text"":""6.00/6 recency + 4.00/4 posting frequency."",""observation_type"":""derived"",""signal_type"":""recent_activity"",""source_field"":""candidate_metrics"",""source_reference"":""bainur_beauty"",""url"":""https://www.instagram.com/bainur_beauty/""}],""explanation"":""6.00/6 recency + 4.00/4 posting frequency."",""max_score"":10.0,""name"":""recent_activity"",""score"":10.0}]","Rank 1 of 30 eligible candidates: score 70.62/100, discovery confidence 0.867, data completeness 1.000, engagement rate 2.511%.","[{""evidence_text"":""Matched explicit term: collab"",""observation_type"":""direct"",""signal_type"":""commercial_pr"",""source_field"":""biography"",""source_reference"":""profile"",""url"":""https://www.instagram.com/bainur_beauty/""},{""evidence_text"":""Matched explicit term: pr"",""observation_type"":""direct"",""signal_type"":""commercial_pr"",""source_field"":""biography"",""source_reference"":""profile"",""url"":""https://www.instagram.com/bainur_beauty/""},{""evidence_text"":""Matched explicit term: бартер"",""observation_type"":""direct"",""signal_type"":""commercial_pr"",""source_field"":""recent_posts.caption"",""source_reference"":""3947608460409364383"",""url"":""https://www.instagram.com/p/DbIuPq7Bt-f/""},{""evidence_text"":""Observed email address: pr@bainurbeauty.com"",""observation_type"":""direct"",""signal_type"":""contact"",""source_field"":""biography"",""source_reference"":""profile"",""url"":""https://www.instagram.com/bainur_beauty/""},{""evidence_text"":""Matched explicit term: лук"",""observation_type"":""direct"",""signal_type"":""fashion"",""source_field"":""recent_posts.caption"",""source_reference"":""3930213720923595839"",""url"":""https://www.instagram.com/p/DaK7I5XBGQ_/""},{""evidence_text"":""Matched explicit term: beauty"",""observation_type"":""direct"",""signal_type"":""beauty"",""source_field"":""full_name"",""source_reference"":""profile"",""url"":""https://www.instagram.com/bainur_beauty/""},{""evidence_text"":""Matched explicit term: beauty"",""observation_type"":""direct"",""signal_type"":""beauty"",""source_field"":""biography"",""source_reference"":""profile"",""url"":""https://www.instagram.com/bainur_beauty/""},{""evidence_text"":""Matched explicit term: макияж"",""observation_type"":""direct"",""signal_type"":""beauty"",""source_field"":""biography"",""source_reference"":""profile"",""url"":""https://www.instagram.com/bainur_beauty/""},{""evidence_text"":""Matched explicit term: уход"",""observation_type"":""direct"",""signal_type"":""beauty"",""source_field"":""biography"",""source_reference"":""profile"",""url"":""https://www.instagram.com/bainur_beauty/""},{""evidence_text"":""Matched explicit term: визаж"",""observation_type"":""direct"",""signal_type"":""beauty"",""source_field"":""biography"",""source_reference"":""profile"",""url"":""https://www.instagram.com/bainur_beauty/""},{""evidence_text"":""Matched explicit term: космет"",""observation_type"":""direct"",""signal_type"":""beauty"",""source_field"":""recent_posts.caption"",""source_reference"":""3945326156816112805"",""url"":""https://www.instagram.com/p/DbAnTyEFNyl/""},{""evidence_text"":""Matched explicit term: макияж"",""observation_type"":""direct"",""signal_type"":""beauty"",""source_field"":""recent_posts.caption"",""source_reference"":""3945326156816112805"",""url"":""https://www.instagram.com/p/DbAnTyEFNyl/""},{""evidence_text"":""Matched explicit term: макияж"",""observation_type"":""direct"",""signal_type"":""beauty"",""source_field"":""recent_posts.caption"",""source_reference"":""3935245478177213272"",""url"":""https://www.instagram.com/p/DaczOmetwtY/""},{""evidence_text"":""Matched explicit term: content creator"",""observation_type"":""direct"",""signal_type"":""ugc"",""source_field"":""full_name"",""source_reference"":""profile"",""url"":""https://www.instagram.com/bainur_beauty/""},{""evidence_text"":""Observed tagged account(s): adan.berg, bonbonofficiall"",""observation_type"":""direct"",""signal_type"":""native_product_integration"",""source_field"":""recent_posts.tagged_usernames"",""source_reference"":""3936738135145500841"",""url"":""https://www.instagram.com/p/DaiGnnnFNCp/""},{""evidence_text"":""0.40×provider identity (1.000) + 0.20×multi-query support (0.333; 1 distinct queries, full credit at 3) + 0.20×profile/post link verification (1.000) + 0.20×query relevance (1.000; 4 directly evidenced target dimensions) = 0.867."",""observation_type"":""derived"",""signal_type"":""discovery_confidence"",""source_field"":""provider_and_discovery"",""source_reference"":""bainur_beauty"",""url"":""https://www.instagram.com/bainur_beauty/""},{""evidence_text"":""Caption-derived topic excerpt used: Я ПЛАЧУ💔Нет большей награды для преподавателя, чем читать такие сообщения от своих учениц. ❤️ Каждый такой от…"",""observation_type"":""direct"",""signal_type"":""offer_personalization"",""source_field"":""recent_posts.caption"",""source_reference"":""3945326156816112805"",""url"":""https://www.instagram.com/p/DbAnTyEFNyl/""},{""evidence_text"":""Observed profile name used in greeting: Beauty Expert | Content Creator"",""observation_type"":""direct"",""signal_type"":""offer_greeting"",""source_field"":""full_name"",""source_reference"":""profile"",""url"":""https://www.instagram.com/bainur_beauty/""}]",https://www.instagram.com/p/DbAnTyEFNyl/,"Здравствуйте, Beauty Expert | Content Creator!

Увидели вашу недавнюю публикацию «Я ПЛАЧУ💔Нет большей награды для преподавателя, чем читать такие сообщения от своих учениц. ❤️ Каждый такой от…»: https://www.instagram.com/p/DbAnTyEFNyl/
Нам кажется, такой формат контента может естественно сочетаться с категорией «женская одежда».

Мы — LD Latte. Хотим предложить для обсуждения товар бренда в обмен на согласованный контент: товар из новой коллекции LD Latte. Если идея вам интересна, возможный формат — Reels или нативный обзор; детали и творческую подачу согласуем вместе.

Будем рады обсудить предложение, если оно вам подходит; никаких обязательств до согласования условий нет.

[Черновик: требуется ручная проверка и одобрение перед использованием.]",pending,,0.866667,eligible,[],"[""beauty_lifestyle_01""]",apify,2026-07-28T19:11:52.795572+00:00,deterministic_template,"clear: no Phase A username, URL, historical alias, replacement, rejected false lead, Nike, or Apple match"
instagram,creatorbrand.hub,https://www.instagram.com/creatorbrand.hub/,2058,66.0,5.0,3.352769679300292,12,12,1.0,0.75,2026-07-11T08:07:24+00:00,64.83,"[{""evidence"":[{""evidence_text"":""Matched explicit term: content creator"",""observation_type"":""direct"",""signal_type"":""ugc"",""source_field"":""recent_posts.caption"",""source_reference"":""3923964519588186449"",""url"":""https://www.instagram.com/p/DZ0uPDFSklR/""},{""evidence_text"":""5.00/24 topical + 4.00/5 format readiness + 0.79/1 Nike/Apple format alignment."",""observation_type"":""derived"",""signal_type"":""content_and_aesthetic_fit"",""source_field"":""candidate_metrics"",""source_reference"":""creatorbrand.hub"",""url"":""https://www.instagram.com/creatorbrand.hub/""}],""explanation"":""5.00/24 topical + 4.00/5 format readiness + 0.79/1 Nike/Apple format alignment."",""max_score"":30.0,""name"":""content_and_aesthetic_fit"",""score"":9.79},{""evidence"":[{""evidence_text"":""Matched explicit term: content creator"",""observation_type"":""direct"",""signal_type"":""ugc"",""source_field"":""recent_posts.caption"",""source_reference"":""3923964519588186449"",""url"":""https://www.instagram.com/p/DZ0uPDFSklR/""},{""evidence_text"":""Matched explicit term: partnership"",""observation_type"":""direct"",""signal_type"":""commercial_pr"",""source_field"":""recent_posts.caption"",""source_reference"":""3907186798685580596"",""url"":""https://www.instagram.com/p/DY5HbE2v-00/""},{""evidence_text"":""Matched explicit term: partnership"",""observation_type"":""direct"",""signal_type"":""commercial_pr"",""source_field"":""recent_posts.hashtags"",""source_reference"":""3907186798685580596"",""url"":""https://www.instagram.com/p/DY5HbE2v-00/""},{""evidence_text"":""Matched explicit term: direct"",""observation_type"":""direct"",""signal_type"":""contact"",""source_field"":""recent_posts.caption"",""source_reference"":""3918008017366790169"",""url"":""https://www.instagram.com/p/DZfj4iGR7AZ/""},{""evidence_text"":""Matched explicit term: contact"",""observation_type"":""direct"",""signal_type"":""contact"",""source_field"":""recent_posts.caption"",""source_reference"":""3918008017366790169"",""url"":""https://www.instagram.com/p/DZfj4iGR7AZ/""},{""evidence_text"":""Observed structured account mention(s): rdcworld1, dreamconvention, creatorbrand.hub, ferdie.dev, a.kwe_si"",""observation_type"":""direct"",""signal_type"":""native_product_integration"",""source_field"":""recent_posts.mentions"",""source_reference"":""3938763704242692338"",""url"":""https://www.instagram.com/p/DapTLh1lmDy/""},{""evidence_text"":""Observed tagged account(s): dreamconvention, ferdie.dev, creatorbrand.hub, a.kwe_si"",""observation_type"":""direct"",""signal_type"":""native_product_integration"",""source_field"":""recent_posts.tagged_usernames"",""source_reference"":""3938763704242692338"",""url"":""https://www.instagram.com/p/DapTLh1lmDy/""},{""evidence_text"":""Observed structured account mention(s): dreamconvention, creatorbrand.hub, learnwithkubi, mykelbdavis, 6rod._"",""observation_type"":""direct"",""signal_type"":""native_product_integration"",""source_field"":""recent_posts.mentions"",""source_reference"":""3936085912442733133"",""url"":""https://www.instagram.com/p/DafyUh4kYJN/""},{""evidence_text"":""Observed tagged account(s): mykelbdavis, learnwithkubi, 6rod._, creatorbrand.hub"",""observation_type"":""direct"",""signal_type"":""native_product_integration"",""source_field"":""recent_posts.tagged_usernames"",""source_reference"":""3936085912442733133"",""url"":""https://www.instagram.com/p/DafyUh4kYJN/""},{""evidence_text"":""Observed structured account mention(s): creatorbrand.hub"",""observation_type"":""direct"",""signal_type"":""native_product_integration"",""source_field"":""recent_posts.mentions"",""source_reference"":""3927679514588802513"",""url"":""https://www.instagram.com/p/DaB67VypO3R/""},{""evidence_text"":""Observed tagged account(s): creatorbrand.hub"",""observation_type"":""direct"",""signal_type"":""native_product_integration"",""source_field"":""recent_posts.tagged_usernames"",""source_reference"":""3927679514588802513"",""url"":""https://www.instagram.com/p/DaB67VypO3R/""},{""evidence_text"":""Observed structured account mention(s): creatorbrand.hub"",""observation_type"":""direct"",""signal_type"":""native_product_integration"",""source_field"":""recent_posts.mentions"",""source_reference"":""3923964519588186449"",""url"":""https://www.instagram.com/p/DZ0uPDFSklR/""},{""evidence_text"":""Observed tagged account(s): creatorbrand.hub"",""observation_type"":""direct"",""signal_type"":""native_product_integration"",""source_field"":""recent_posts.tagged_usernames"",""source_reference"":""3923964519588186449"",""url"":""https://www.instagram.com/p/DZ0uPDFSklR/""},{""evidence_text"":""Observed structured account mention(s): learnwithkubi"",""observation_type"":""direct"",""signal_type"":""native_product_integration"",""source_field"":""recent_posts.mentions"",""source_reference"":""3918150705626129073"",""url"":""https://www.instagram.com/p/DZgEU65SqKx/""},{""evidence_text"":""Observed tagged account(s): creatorbrand.hub"",""observation_type"":""direct"",""signal_type"":""native_product_integration"",""source_field"":""recent_posts.tagged_usernames"",""source_reference"":""3918150705626129073"",""url"":""https://www.instagram.com/p/DZgEU65SqKx/""},{""evidence_text"":""Observed structured account mention(s): creatorbrand.hub"",""observation_type"":""direct"",""signal_type"":""native_product_integration"",""source_field"":""recent_posts.mentions"",""source_reference"":""3918006882841121256"",""url"":""https://www.instagram.com/p/DZfjoBfR9Ho/""},{""evidence_text"":""Observed structured account mention(s): creatorbrand.hub"",""observation_type"":""direct"",""signal_type"":""native_product_integration"",""source_field"":""recent_posts.mentions"",""source_reference"":""3911816895775443527"",""url"":""https://www.instagram.com/p/DZJkL2zEQpH/""},{""evidence_text"":""Observed tagged account(s): capcutapp, figma, accio_b2b, trytango, creatorbrand.hub"",""observation_type"":""direct"",""signal_type"":""native_product_integration"",""source_field"":""recent_posts.tagged_usernames"",""source_reference"":""3911816895775443527"",""url"":""https://www.instagram.com/p/DZJkL2zEQpH/""},{""evidence_text"":""Observed product-focused caption term(s): product"",""observation_type"":""direct"",""signal_type"":""native_product_integration"",""source_field"":""recent_posts.caption"",""source_reference"":""3911816895775443527"",""url"":""https://www.instagram.com/p/DZJkL2zEQpH/""},{""evidence_text"":""Observed tagged account(s): creatorbrand.hub"",""observation_type"":""direct"",""signal_type"":""native_product_integration"",""source_field"":""recent_posts.tagged_usernames"",""source_reference"":""3907186798685580596"",""url"":""https://www.instagram.com/p/DY5HbE2v-00/""},{""evidence_text"":""Observed tagged account(s): creatorbrand.hub"",""observation_type"":""direct"",""signal_type"":""native_product_integration"",""source_field"":""recent_posts.tagged_usernames"",""source_reference"":""3903121766402597701"",""url"":""https://www.instagram.com/p/DYqrJEhhaNF/""},{""evidence_text"":""Observed tagged account(s): creatorbrand.hub"",""observation_type"":""direct"",""signal_type"":""native_product_integration"",""source_field"":""recent_posts.tagged_usernames"",""source_reference"":""3901654293831555098"",""url"":""https://www.instagram.com/p/DYldeiMNRga/""},{""evidence_text"":""Observed structured account mention(s): learnwithkubi"",""observation_type"":""direct"",""signal_type"":""native_product_integration"",""source_field"":""recent_posts.mentions"",""source_reference"":""3897818787931909221"",""url"":""https://www.instagram.com/p/DYX1Yk9hmxl/""},{""evidence_text"":""Observed tagged account(s): creatorbrand.hub"",""observation_type"":""direct"",""signal_type"":""native_product_integration"",""source_field"":""recent_posts.tagged_usernames"",""source_reference"":""3897818787931909221"",""url"":""https://www.instagram.com/p/DYX1Yk9hmxl/""},{""evidence_text"":""UGC=True, marketplace=False, commercial/PR=True, contact=True; 11/12 posts have independently observed native-integration evidence."",""observation_type"":""derived"",""signal_type"":""native_product_integration_potential"",""source_field"":""candidate_metrics"",""source_reference"":""creatorbrand.hub"",""url"":""https://www.instagram.com/creatorbrand.hub/""}],""explanation"":""UGC=True, marketplace=False, commercial/PR=True, contact=True; 11/12 posts have independently observed native-integration evidence."",""max_score"":20.0,""name"":""native_product_integration_potential"",""score"":16.0},{""evidence"":[{""evidence_text"":""Short video share 0.750 × 15 = 11.25."",""observation_type"":""derived"",""signal_type"":""short_video_consistency"",""source_field"":""candidate_metrics"",""source_reference"":""creatorbrand.hub"",""url"":""https://www.instagram.com/creatorbrand.hub/""}],""explanation"":""Short video share 0.750 × 15 = 11.25."",""max_score"":15.0,""name"":""short_video_consistency"",""score"":11.25},{""evidence"":[{""evidence_text"":""Frozen Phase A percentile 0.803778 × 15 = 12.06 raw; × completeness 12/12 (1.000000) = 12.06 adjusted."",""observation_type"":""derived"",""signal_type"":""engagement"",""source_field"":""candidate_metrics"",""source_reference"":""creatorbrand.hub"",""url"":""https://www.instagram.com/creatorbrand.hub/""}],""explanation"":""Frozen Phase A percentile 0.803778 × 15 = 12.06 raw; × completeness 12/12 (1.000000) = 12.06 adjusted."",""max_score"":15.0,""name"":""engagement"",""score"":12.06},{""evidence"":[{""evidence_text"":""Matched explicit term: partnership"",""observation_type"":""direct"",""signal_type"":""commercial_pr"",""source_field"":""recent_posts.caption"",""source_reference"":""3907186798685580596"",""url"":""https://www.instagram.com/p/DY5HbE2v-00/""},{""evidence_text"":""Matched explicit term: partnership"",""observation_type"":""direct"",""signal_type"":""commercial_pr"",""source_field"":""recent_posts.hashtags"",""source_reference"":""3907186798685580596"",""url"":""https://www.instagram.com/p/DY5HbE2v-00/""},{""evidence_text"":""Matched explicit term: content creator"",""observation_type"":""direct"",""signal_type"":""ugc"",""source_field"":""recent_posts.caption"",""source_reference"":""3923964519588186449"",""url"":""https://www.instagram.com/p/DZ0uPDFSklR/""},{""evidence_text"":""5.0/5 for small creator audience (1k–10k); commercial/PR=True (+2), UGC=True (+2), marketplace=False (+1)."",""observation_type"":""derived"",""signal_type"":""barter_feasibility"",""source_field"":""candidate_metrics"",""source_reference"":""creatorbrand.hub"",""url"":""https://www.instagram.com/creatorbrand.hub/""}],""explanation"":""5.0/5 for small creator audience (1k–10k); commercial/PR=True (+2), UGC=True (+2), marketplace=False (+1)."",""max_score"":10.0,""name"":""barter_feasibility"",""score"":9.0},{""evidence"":[{""evidence_text"":""4.00/6 recency + 2.73/4 posting frequency."",""observation_type"":""derived"",""signal_type"":""recent_activity"",""source_field"":""candidate_metrics"",""source_reference"":""creatorbrand.hub"",""url"":""https://www.instagram.com/creatorbrand.hub/""}],""explanation"":""4.00/6 recency + 2.73/4 posting frequency."",""max_score"":10.0,""name"":""recent_activity"",""score"":6.73}]","Rank 2 of 30 eligible candidates: score 64.83/100, discovery confidence 0.800, data completeness 1.000, engagement rate 3.353%.","[{""evidence_text"":""Matched explicit term: partnership"",""observation_type"":""direct"",""signal_type"":""commercial_pr"",""source_field"":""recent_posts.caption"",""source_reference"":""3907186798685580596"",""url"":""https://www.instagram.com/p/DY5HbE2v-00/""},{""evidence_text"":""Matched explicit term: partnership"",""observation_type"":""direct"",""signal_type"":""commercial_pr"",""source_field"":""recent_posts.hashtags"",""source_reference"":""3907186798685580596"",""url"":""https://www.instagram.com/p/DY5HbE2v-00/""},{""evidence_text"":""Matched explicit term: direct"",""observation_type"":""direct"",""signal_type"":""contact"",""source_field"":""recent_posts.caption"",""source_reference"":""3918008017366790169"",""url"":""https://www.instagram.com/p/DZfj4iGR7AZ/""},{""evidence_text"":""Matched explicit term: contact"",""observation_type"":""direct"",""signal_type"":""contact"",""source_field"":""recent_posts.caption"",""source_reference"":""3918008017366790169"",""url"":""https://www.instagram.com/p/DZfj4iGR7AZ/""},{""evidence_text"":""Matched explicit term: content creator"",""observation_type"":""direct"",""signal_type"":""ugc"",""source_field"":""recent_posts.caption"",""source_reference"":""3923964519588186449"",""url"":""https://www.instagram.com/p/DZ0uPDFSklR/""},{""evidence_text"":""Observed structured account mention(s): rdcworld1, dreamconvention, creatorbrand.hub, ferdie.dev, a.kwe_si"",""observation_type"":""direct"",""signal_type"":""native_product_integration"",""source_field"":""recent_posts.mentions"",""source_reference"":""3938763704242692338"",""url"":""https://www.instagram.com/p/DapTLh1lmDy/""},{""evidence_text"":""Observed tagged account(s): dreamconvention, ferdie.dev, creatorbrand.hub, a.kwe_si"",""observation_type"":""direct"",""signal_type"":""native_product_integration"",""source_field"":""recent_posts.tagged_usernames"",""source_reference"":""3938763704242692338"",""url"":""https://www.instagram.com/p/DapTLh1lmDy/""},{""evidence_text"":""Observed structured account mention(s): dreamconvention, creatorbrand.hub, learnwithkubi, mykelbdavis, 6rod._"",""observation_type"":""direct"",""signal_type"":""native_product_integration"",""source_field"":""recent_posts.mentions"",""source_reference"":""3936085912442733133"",""url"":""https://www.instagram.com/p/DafyUh4kYJN/""},{""evidence_text"":""Observed tagged account(s): mykelbdavis, learnwithkubi, 6rod._, creatorbrand.hub"",""observation_type"":""direct"",""signal_type"":""native_product_integration"",""source_field"":""recent_posts.tagged_usernames"",""source_reference"":""3936085912442733133"",""url"":""https://www.instagram.com/p/DafyUh4kYJN/""},{""evidence_text"":""Observed structured account mention(s): creatorbrand.hub"",""observation_type"":""direct"",""signal_type"":""native_product_integration"",""source_field"":""recent_posts.mentions"",""source_reference"":""3927679514588802513"",""url"":""https://www.instagram.com/p/DaB67VypO3R/""},{""evidence_text"":""Observed tagged account(s): creatorbrand.hub"",""observation_type"":""direct"",""signal_type"":""native_product_integration"",""source_field"":""recent_posts.tagged_usernames"",""source_reference"":""3927679514588802513"",""url"":""https://www.instagram.com/p/DaB67VypO3R/""},{""evidence_text"":""Observed structured account mention(s): creatorbrand.hub"",""observation_type"":""direct"",""signal_type"":""native_product_integration"",""source_field"":""recent_posts.mentions"",""source_reference"":""3923964519588186449"",""url"":""https://www.instagram.com/p/DZ0uPDFSklR/""},{""evidence_text"":""Observed tagged account(s): creatorbrand.hub"",""observation_type"":""direct"",""signal_type"":""native_product_integration"",""source_field"":""recent_posts.tagged_usernames"",""source_reference"":""3923964519588186449"",""url"":""https://www.instagram.com/p/DZ0uPDFSklR/""},{""evidence_text"":""Observed structured account mention(s): learnwithkubi"",""observation_type"":""direct"",""signal_type"":""native_product_integration"",""source_field"":""recent_posts.mentions"",""source_reference"":""3918150705626129073"",""url"":""https://www.instagram.com/p/DZgEU65SqKx/""},{""evidence_text"":""Observed tagged account(s): creatorbrand.hub"",""observation_type"":""direct"",""signal_type"":""native_product_integration"",""source_field"":""recent_posts.tagged_usernames"",""source_reference"":""3918150705626129073"",""url"":""https://www.instagram.com/p/DZgEU65SqKx/""},{""evidence_text"":""Observed structured account mention(s): creatorbrand.hub"",""observation_type"":""direct"",""signal_type"":""native_product_integration"",""source_field"":""recent_posts.mentions"",""source_reference"":""3918006882841121256"",""url"":""https://www.instagram.com/p/DZfjoBfR9Ho/""},{""evidence_text"":""Observed structured account mention(s): creatorbrand.hub"",""observation_type"":""direct"",""signal_type"":""native_product_integration"",""source_field"":""recent_posts.mentions"",""source_reference"":""3911816895775443527"",""url"":""https://www.instagram.com/p/DZJkL2zEQpH/""},{""evidence_text"":""Observed tagged account(s): capcutapp, figma, accio_b2b, trytango, creatorbrand.hub"",""observation_type"":""direct"",""signal_type"":""native_product_integration"",""source_field"":""recent_posts.tagged_usernames"",""source_reference"":""3911816895775443527"",""url"":""https://www.instagram.com/p/DZJkL2zEQpH/""},{""evidence_text"":""Observed product-focused caption term(s): product"",""observation_type"":""direct"",""signal_type"":""native_product_integration"",""source_field"":""recent_posts.caption"",""source_reference"":""3911816895775443527"",""url"":""https://www.instagram.com/p/DZJkL2zEQpH/""},{""evidence_text"":""Observed tagged account(s): creatorbrand.hub"",""observation_type"":""direct"",""signal_type"":""native_product_integration"",""source_field"":""recent_posts.tagged_usernames"",""source_reference"":""3907186798685580596"",""url"":""https://www.instagram.com/p/DY5HbE2v-00/""},{""evidence_text"":""Observed tagged account(s): creatorbrand.hub"",""observation_type"":""direct"",""signal_type"":""native_product_integration"",""source_field"":""recent_posts.tagged_usernames"",""source_reference"":""3903121766402597701"",""url"":""https://www.instagram.com/p/DYqrJEhhaNF/""},{""evidence_text"":""Observed tagged account(s): creatorbrand.hub"",""observation_type"":""direct"",""signal_type"":""native_product_integration"",""source_field"":""recent_posts.tagged_usernames"",""source_reference"":""3901654293831555098"",""url"":""https://www.instagram.com/p/DYldeiMNRga/""},{""evidence_text"":""Observed structured account mention(s): learnwithkubi"",""observation_type"":""direct"",""signal_type"":""native_product_integration"",""source_field"":""recent_posts.mentions"",""source_reference"":""3897818787931909221"",""url"":""https://www.instagram.com/p/DYX1Yk9hmxl/""},{""evidence_text"":""Observed tagged account(s): creatorbrand.hub"",""observation_type"":""direct"",""signal_type"":""native_product_integration"",""source_field"":""recent_posts.tagged_usernames"",""source_reference"":""3897818787931909221"",""url"":""https://www.instagram.com/p/DYX1Yk9hmxl/""},{""evidence_text"":""0.40×provider identity (1.000) + 0.20×multi-query support (0.333; 1 distinct queries, full credit at 3) + 0.20×profile/post link verification (1.000) + 0.20×query relevance (0.667; 2 directly evidenced target dimensions) = 0.800."",""observation_type"":""derived"",""signal_type"":""discovery_confidence"",""source_field"":""provider_and_discovery"",""source_reference"":""creatorbrand.hub"",""url"":""https://www.instagram.com/creatorbrand.hub/""},{""evidence_text"":""Caption-derived topic excerpt used: Day 1 of Dream Con was amazing. Love seeing all the creativity and good vibes. If you’re around, come see me…"",""observation_type"":""direct"",""signal_type"":""offer_personalization"",""source_field"":""recent_posts.caption"",""source_reference"":""3938763704242692338"",""url"":""https://www.instagram.com/p/DapTLh1lmDy/""},{""evidence_text"":""Observed profile name used in greeting: Creator Brand Hub (CBH)"",""observation_type"":""direct"",""signal_type"":""offer_greeting"",""source_field"":""full_name"",""source_reference"":""profile"",""url"":""https://www.instagram.com/creatorbrand.hub/""}]",https://www.instagram.com/p/DapTLh1lmDy/,"Здравствуйте, Creator Brand Hub (CBH)!

Увидели вашу недавнюю публикацию «Day 1 of Dream Con was amazing. Love seeing all the creativity and good vibes. If you’re around, come see me…»: https://www.instagram.com/p/DapTLh1lmDy/
Нам кажется, такой формат контента может естественно сочетаться с категорией «женская одежда».

Мы — LD Latte. Хотим предложить для обсуждения товар бренда в обмен на согласованный контент: товар из новой коллекции LD Latte. Если идея вам интересна, возможный формат — Reels или нативный обзор; детали и творческую подачу согласуем вместе.

Будем рады обсудить предложение, если оно вам подходит; никаких обязательств до согласования условий нет.

[Черновик: требуется ручная проверка и одобрение перед использованием.]",pending,,0.8,eligible,[],"[""ugc_creator_01""]",apify,2026-07-28T19:11:52.795572+00:00,deterministic_template,"clear: no Phase A username, URL, historical alias, replacement, rejected false lead, Nike, or Apple match"
instagram,by.wildberries,https://www.instagram.com/by.wildberries/,1032,8.0,0.0,0.7751937984496124,12,12,1.0,0.4166666666666667,2026-07-27T15:56:02+00:00,61.93,"[{""evidence"":[{""evidence_text"":""Matched explicit term: лук"",""observation_type"":""direct"",""signal_type"":""fashion"",""source_field"":""recent_posts.caption"",""source_reference"":""3950595921711043390"",""url"":""https://www.instagram.com/p/DbTVg9EsZM-/""},{""evidence_text"":""Matched explicit term: гардероб"",""observation_type"":""direct"",""signal_type"":""fashion"",""source_field"":""recent_posts.caption"",""source_reference"":""3950595921711043390"",""url"":""https://www.instagram.com/p/DbTVg9EsZM-/""},{""evidence_text"":""Matched explicit term: одежд"",""observation_type"":""direct"",""signal_type"":""fashion"",""source_field"":""recent_posts.caption"",""source_reference"":""3947650858836215157"",""url"":""https://www.instagram.com/p/DbI34piMsV1/""},{""evidence_text"":""Matched explicit term: космет"",""observation_type"":""direct"",""signal_type"":""beauty"",""source_field"":""recent_posts.caption"",""source_reference"":""3947650858836215157"",""url"":""https://www.instagram.com/p/DbI34piMsV1/""},{""evidence_text"":""Matched explicit term: уход"",""observation_type"":""direct"",""signal_type"":""beauty"",""source_field"":""recent_posts.caption"",""source_reference"":""3947650858836215157"",""url"":""https://www.instagram.com/p/DbI34piMsV1/""},{""evidence_text"":""Matched explicit term: жизн"",""observation_type"":""direct"",""signal_type"":""lifestyle"",""source_field"":""recent_posts.caption"",""source_reference"":""3949784345328409512"",""url"":""https://www.instagram.com/p/DbQc-9qstuo/""},{""evidence_text"":""Matched explicit term: путеше"",""observation_type"":""direct"",""signal_type"":""lifestyle"",""source_field"":""recent_posts.caption"",""source_reference"":""3947650858836215157"",""url"":""https://www.instagram.com/p/DbI34piMsV1/""},{""evidence_text"":""Matched explicit term: лайф"",""observation_type"":""direct"",""signal_type"":""lifestyle"",""source_field"":""recent_posts.caption"",""source_reference"":""3941836706417963391"",""url"":""https://www.instagram.com/p/Da0N5mIo3F_/""},{""evidence_text"":""Matched explicit term: дом"",""observation_type"":""direct"",""signal_type"":""lifestyle"",""source_field"":""recent_posts.caption"",""source_reference"":""3941000969712608244"",""url"":""https://www.instagram.com/p/DaxP4BrMKP0/""},{""evidence_text"":""Matched explicit term: вдохнов"",""observation_type"":""direct"",""signal_type"":""lifestyle"",""source_field"":""recent_posts.caption"",""source_reference"":""3940228154207818828"",""url"":""https://www.instagram.com/p/DaugKFJjNRM/""},{""evidence_text"":""Matched explicit term: wildberries"",""observation_type"":""direct"",""signal_type"":""marketplace"",""source_field"":""full_name"",""source_reference"":""profile"",""url"":""https://www.instagram.com/by.wildberries/""},{""evidence_text"":""Matched explicit term: wildberries"",""observation_type"":""direct"",""signal_type"":""marketplace"",""source_field"":""biography"",""source_reference"":""profile"",""url"":""https://www.instagram.com/by.wildberries/""},{""evidence_text"":""Matched explicit term: wildberries"",""observation_type"":""direct"",""signal_type"":""marketplace"",""source_field"":""recent_posts.caption"",""source_reference"":""3949784345328409512"",""url"":""https://www.instagram.com/p/DbQc-9qstuo/""},{""evidence_text"":""Matched explicit term: wildberries"",""observation_type"":""direct"",""signal_type"":""marketplace"",""source_field"":""recent_posts.caption"",""source_reference"":""3948989048398308955"",""url"":""https://www.instagram.com/p/DbNoJ3rsGZb/""},{""evidence_text"":""Matched explicit term: wildberries"",""observation_type"":""direct"",""signal_type"":""marketplace"",""source_field"":""recent_posts.caption"",""source_reference"":""3947650858836215157"",""url"":""https://www.instagram.com/p/DbI34piMsV1/""},{""evidence_text"":""Matched explicit term: wildberries"",""observation_type"":""direct"",""signal_type"":""marketplace"",""source_field"":""recent_posts.caption"",""source_reference"":""3946179605362941732"",""url"":""https://www.instagram.com/p/DbDpXF9jJ8k/""},{""evidence_text"":""Matched explicit term: wildberries"",""observation_type"":""direct"",""signal_type"":""marketplace"",""source_field"":""recent_posts.caption"",""source_reference"":""3945393936284094028"",""url"":""https://www.instagram.com/p/DbA2uGnMY5M/""},{""evidence_text"":""Matched explicit term: покупок"",""observation_type"":""direct"",""signal_type"":""marketplace"",""source_field"":""recent_posts.caption"",""source_reference"":""3945393936284094028"",""url"":""https://www.instagram.com/p/DbA2uGnMY5M/""},{""evidence_text"":""Matched explicit term: wildberries"",""observation_type"":""direct"",""signal_type"":""marketplace"",""source_field"":""recent_posts.caption"",""source_reference"":""3942501348094901625"",""url"":""https://www.instagram.com/p/Da2lBZ7sf15/""},{""evidence_text"":""Matched explicit term: wildberries"",""observation_type"":""direct"",""signal_type"":""marketplace"",""source_field"":""recent_posts.caption"",""source_reference"":""3941836706417963391"",""url"":""https://www.instagram.com/p/Da0N5mIo3F_/""},{""evidence_text"":""Matched explicit term: wb"",""observation_type"":""direct"",""signal_type"":""marketplace"",""source_field"":""recent_posts.caption"",""source_reference"":""3941836706417963391"",""url"":""https://www.instagram.com/p/Da0N5mIo3F_/""},{""evidence_text"":""Matched explicit term: wildberries"",""observation_type"":""direct"",""signal_type"":""marketplace"",""source_field"":""recent_posts.caption"",""source_reference"":""3941805994363647414"",""url"":""https://www.instagram.com/p/Da0G6rTjPW2/""},{""evidence_text"":""Matched explicit term: wildberries"",""observation_type"":""direct"",""signal_type"":""marketplace"",""source_field"":""recent_posts.caption"",""source_reference"":""3941000969712608244"",""url"":""https://www.instagram.com/p/DaxP4BrMKP0/""},{""evidence_text"":""Matched explicit term: wildberries"",""observation_type"":""direct"",""signal_type"":""marketplace"",""source_field"":""recent_posts.caption"",""source_reference"":""3940228154207818828"",""url"":""https://www.instagram.com/p/DaugKFJjNRM/""},{""evidence_text"":""19.00/24 topical + 4.00/5 format readiness + 0.88/1 Nike/Apple format alignment."",""observation_type"":""derived"",""signal_type"":""content_and_aesthetic_fit"",""source_field"":""candidate_metrics"",""source_reference"":""by.wildberries"",""url"":""https://www.instagram.com/by.wildberries/""}],""explanation"":""19.00/24 topical + 4.00/5 format readiness + 0.88/1 Nike/Apple format alignment."",""max_score"":30.0,""name"":""content_and_aesthetic_fit"",""score"":23.88},{""evidence"":[{""evidence_text"":""Matched explicit term: wildberries"",""observation_type"":""direct"",""signal_type"":""marketplace"",""source_field"":""full_name"",""source_reference"":""profile"",""url"":""https://www.instagram.com/by.wildberries/""},{""evidence_text"":""Matched explicit term: wildberries"",""observation_type"":""direct"",""signal_type"":""marketplace"",""source_field"":""biography"",""source_reference"":""profile"",""url"":""https://www.instagram.com/by.wildberries/""},{""evidence_text"":""Matched explicit term: wildberries"",""observation_type"":""direct"",""signal_type"":""marketplace"",""source_field"":""recent_posts.caption"",""source_reference"":""3949784345328409512"",""url"":""https://www.instagram.com/p/DbQc-9qstuo/""},{""evidence_text"":""Matched explicit term: wildberries"",""observation_type"":""direct"",""signal_type"":""marketplace"",""source_field"":""recent_posts.caption"",""source_reference"":""3948989048398308955"",""url"":""https://www.instagram.com/p/DbNoJ3rsGZb/""},{""evidence_text"":""Matched explicit term: wildberries"",""observation_type"":""direct"",""signal_type"":""marketplace"",""source_field"":""recent_posts.caption"",""source_reference"":""3947650858836215157"",""url"":""https://www.instagram.com/p/DbI34piMsV1/""},{""evidence_text"":""Matched explicit term: wildberries"",""observation_type"":""direct"",""signal_type"":""marketplace"",""source_field"":""recent_posts.caption"",""source_reference"":""3946179605362941732"",""url"":""https://www.instagram.com/p/DbDpXF9jJ8k/""},{""evidence_text"":""Matched explicit term: wildberries"",""observation_type"":""direct"",""signal_type"":""marketplace"",""source_field"":""recent_posts.caption"",""source_reference"":""3945393936284094028"",""url"":""https://www.instagram.com/p/DbA2uGnMY5M/""},{""evidence_text"":""Matched explicit term: покупок"",""observation_type"":""direct"",""signal_type"":""marketplace"",""source_field"":""recent_posts.caption"",""source_reference"":""3945393936284094028"",""url"":""https://www.instagram.com/p/DbA2uGnMY5M/""},{""evidence_text"":""Matched explicit term: wildberries"",""observation_type"":""direct"",""signal_type"":""marketplace"",""source_field"":""recent_posts.caption"",""source_reference"":""3942501348094901625"",""url"":""https://www.instagram.com/p/Da2lBZ7sf15/""},{""evidence_text"":""Matched explicit term: wildberries"",""observation_type"":""direct"",""signal_type"":""marketplace"",""source_field"":""recent_posts.caption"",""source_reference"":""3941836706417963391"",""url"":""https://www.instagram.com/p/Da0N5mIo3F_/""},{""evidence_text"":""Matched explicit term: wb"",""observation_type"":""direct"",""signal_type"":""marketplace"",""source_field"":""recent_posts.caption"",""source_reference"":""3941836706417963391"",""url"":""https://www.instagram.com/p/Da0N5mIo3F_/""},{""evidence_text"":""Matched explicit term: wildberries"",""observation_type"":""direct"",""signal_type"":""marketplace"",""source_field"":""recent_posts.caption"",""source_reference"":""3941805994363647414"",""url"":""https://www.instagram.com/p/Da0G6rTjPW2/""},{""evidence_text"":""Matched explicit term: wildberries"",""observation_type"":""direct"",""signal_type"":""marketplace"",""source_field"":""recent_posts.caption"",""source_reference"":""3941000969712608244"",""url"":""https://www.instagram.com/p/DaxP4BrMKP0/""},{""evidence_text"":""Matched explicit term: wildberries"",""observation_type"":""direct"",""signal_type"":""marketplace"",""source_field"":""recent_posts.caption"",""source_reference"":""3940228154207818828"",""url"":""https://www.instagram.com/p/DaugKFJjNRM/""},{""evidence_text"":""Observed product-focused caption term(s): wildberries"",""observation_type"":""direct"",""signal_type"":""native_product_integration"",""source_field"":""recent_posts.caption"",""source_reference"":""3949784345328409512"",""url"":""https://www.instagram.com/p/DbQc-9qstuo/""},{""evidence_text"":""Observed product-focused caption term(s): wildberries"",""observation_type"":""direct"",""signal_type"":""native_product_integration"",""source_field"":""recent_posts.caption"",""source_reference"":""3948989048398308955"",""url"":""https://www.instagram.com/p/DbNoJ3rsGZb/""},{""evidence_text"":""Observed product-focused caption term(s): wildberries"",""observation_type"":""direct"",""signal_type"":""native_product_integration"",""source_field"":""recent_posts.caption"",""source_reference"":""3947650858836215157"",""url"":""https://www.instagram.com/p/DbI34piMsV1/""},{""evidence_text"":""Observed product-focused caption term(s): wildberries"",""observation_type"":""direct"",""signal_type"":""native_product_integration"",""source_field"":""recent_posts.caption"",""source_reference"":""3946179605362941732"",""url"":""https://www.instagram.com/p/DbDpXF9jJ8k/""},{""evidence_text"":""Observed product-focused caption term(s): wildberries, покупок, товар"",""observation_type"":""direct"",""signal_type"":""native_product_integration"",""source_field"":""recent_posts.caption"",""source_reference"":""3945393936284094028"",""url"":""https://www.instagram.com/p/DbA2uGnMY5M/""},{""evidence_text"":""Observed product-focused caption term(s): wildberries"",""observation_type"":""direct"",""signal_type"":""native_product_integration"",""source_field"":""recent_posts.caption"",""source_reference"":""3942501348094901625"",""url"":""https://www.instagram.com/p/Da2lBZ7sf15/""},{""evidence_text"":""Observed structured account mention(s): by.wildberries"",""observation_type"":""direct"",""signal_type"":""native_product_integration"",""source_field"":""recent_posts.mentions"",""source_reference"":""3941836706417963391"",""url"":""https://www.instagram.com/p/Da0N5mIo3F_/""},{""evidence_text"":""Observed tagged account(s): by.wildberries"",""observation_type"":""direct"",""signal_type"":""native_product_integration"",""source_field"":""recent_posts.tagged_usernames"",""source_reference"":""3941836706417963391"",""url"":""https://www.instagram.com/p/Da0N5mIo3F_/""},{""evidence_text"":""Observed product-focused caption term(s): wb, wildberries"",""observation_type"":""direct"",""signal_type"":""native_product_integration"",""source_field"":""recent_posts.caption"",""source_reference"":""3941836706417963391"",""url"":""https://www.instagram.com/p/Da0N5mIo3F_/""},{""evidence_text"":""Observed product-focused caption term(s): wildberries"",""observation_type"":""direct"",""signal_type"":""native_product_integration"",""source_field"":""recent_posts.caption"",""source_reference"":""3941805994363647414"",""url"":""https://www.instagram.com/p/Da0G6rTjPW2/""},{""evidence_text"":""Observed product-focused caption term(s): wildberries, товар"",""observation_type"":""direct"",""signal_type"":""native_product_integration"",""source_field"":""recent_posts.caption"",""source_reference"":""3941000969712608244"",""url"":""https://www.instagram.com/p/DaxP4BrMKP0/""},{""evidence_text"":""Observed product-focused caption term(s): wildberries, товар"",""observation_type"":""direct"",""signal_type"":""native_product_integration"",""source_field"":""recent_posts.caption"",""source_reference"":""3940228154207818828"",""url"":""https://www.instagram.com/p/DaugKFJjNRM/""},{""evidence_text"":""UGC=False, marketplace=True, commercial/PR=False, contact=False; 10/12 posts have independently observed native-integration evidence."",""observation_type"":""derived"",""signal_type"":""native_product_integration_potential"",""source_field"":""candidate_metrics"",""source_reference"":""by.wildberries"",""url"":""https://www.instagram.com/by.wildberries/""}],""explanation"":""UGC=False, marketplace=True, commercial/PR=False, contact=False; 10/12 posts have independently observed native-integration evidence."",""max_score"":20.0,""name"":""native_product_integration_potential"",""score"":8.0},{""evidence"":[{""evidence_text"":""Short video share 0.417 × 15 = 6.25."",""observation_type"":""derived"",""signal_type"":""short_video_consistency"",""source_field"":""candidate_metrics"",""source_reference"":""by.wildberries"",""url"":""https://www.instagram.com/by.wildberries/""}],""explanation"":""Short video share 0.417 × 15 = 6.25."",""max_score"":15.0,""name"":""short_video_consistency"",""score"":6.25},{""evidence"":[{""evidence_text"":""Frozen Phase A percentile 0.519762 × 15 = 7.80 raw; × completeness 12/12 (1.000000) = 7.80 adjusted."",""observation_type"":""derived"",""signal_type"":""engagement"",""source_field"":""candidate_metrics"",""source_reference"":""by.wildberries"",""url"":""https://www.instagram.com/by.wildberries/""}],""explanation"":""Frozen Phase A percentile 0.519762 × 15 = 7.80 raw; × completeness 12/12 (1.000000) = 7.80 adjusted."",""max_score"":15.0,""name"":""engagement"",""score"":7.8},{""evidence"":[{""evidence_text"":""Matched explicit term: wildberries"",""observation_type"":""direct"",""signal_type"":""marketplace"",""source_field"":""full_name"",""source_reference"":""profile"",""url"":""https://www.instagram.com/by.wildberries/""},{""evidence_text"":""Matched explicit term: wildberries"",""observation_type"":""direct"",""signal_type"":""marketplace"",""source_field"":""biography"",""source_reference"":""profile"",""url"":""https://www.instagram.com/by.wildberries/""},{""evidence_text"":""Matched explicit term: wildberries"",""observation_type"":""direct"",""signal_type"":""marketplace"",""source_field"":""recent_posts.caption"",""source_reference"":""3949784345328409512"",""url"":""https://www.instagram.com/p/DbQc-9qstuo/""},{""evidence_text"":""Matched explicit term: wildberries"",""observation_type"":""direct"",""signal_type"":""marketplace"",""source_field"":""recent_posts.caption"",""source_reference"":""3948989048398308955"",""url"":""https://www.instagram.com/p/DbNoJ3rsGZb/""},{""evidence_text"":""Matched explicit term: wildberries"",""observation_type"":""direct"",""signal_type"":""marketplace"",""source_field"":""recent_posts.caption"",""source_reference"":""3947650858836215157"",""url"":""https://www.instagram.com/p/DbI34piMsV1/""},{""evidence_text"":""Matched explicit term: wildberries"",""observation_type"":""direct"",""signal_type"":""marketplace"",""source_field"":""recent_posts.caption"",""source_reference"":""3946179605362941732"",""url"":""https://www.instagram.com/p/DbDpXF9jJ8k/""},{""evidence_text"":""Matched explicit term: wildberries"",""observation_type"":""direct"",""signal_type"":""marketplace"",""source_field"":""recent_posts.caption"",""source_reference"":""3945393936284094028"",""url"":""https://www.instagram.com/p/DbA2uGnMY5M/""},{""evidence_text"":""Matched explicit term: покупок"",""observation_type"":""direct"",""signal_type"":""marketplace"",""source_field"":""recent_posts.caption"",""source_reference"":""3945393936284094028"",""url"":""https://www.instagram.com/p/DbA2uGnMY5M/""},{""evidence_text"":""Matched explicit term: wildberries"",""observation_type"":""direct"",""signal_type"":""marketplace"",""source_field"":""recent_posts.caption"",""source_reference"":""3942501348094901625"",""url"":""https://www.instagram.com/p/Da2lBZ7sf15/""},{""evidence_text"":""Matched explicit term: wildberries"",""observation_type"":""direct"",""signal_type"":""marketplace"",""source_field"":""recent_posts.caption"",""source_reference"":""3941836706417963391"",""url"":""https://www.instagram.com/p/Da0N5mIo3F_/""},{""evidence_text"":""Matched explicit term: wb"",""observation_type"":""direct"",""signal_type"":""marketplace"",""source_field"":""recent_posts.caption"",""source_reference"":""3941836706417963391"",""url"":""https://www.instagram.com/p/Da0N5mIo3F_/""},{""evidence_text"":""Matched explicit term: wildberries"",""observation_type"":""direct"",""signal_type"":""marketplace"",""source_field"":""recent_posts.caption"",""source_reference"":""3941805994363647414"",""url"":""https://www.instagram.com/p/Da0G6rTjPW2/""},{""evidence_text"":""Matched explicit term: wildberries"",""observation_type"":""direct"",""signal_type"":""marketplace"",""source_field"":""recent_posts.caption"",""source_reference"":""3941000969712608244"",""url"":""https://www.instagram.com/p/DaxP4BrMKP0/""},{""evidence_text"":""Matched explicit term: wildberries"",""observation_type"":""direct"",""signal_type"":""marketplace"",""source_field"":""recent_posts.caption"",""source_reference"":""3940228154207818828"",""url"":""https://www.instagram.com/p/DaugKFJjNRM/""},{""evidence_text"":""5.0/5 for small creator audience (1k–10k); commercial/PR=False (+2), UGC=False (+2), marketplace=True (+1)."",""observation_type"":""derived"",""signal_type"":""barter_feasibility"",""source_field"":""candidate_metrics"",""source_reference"":""by.wildberries"",""url"":""https://www.instagram.com/by.wildberries/""}],""explanation"":""5.0/5 for small creator audience (1k–10k); commercial/PR=False (+2), UGC=False (+2), marketplace=True (+1)."",""max_score"":10.0,""name"":""barter_feasibility"",""score"":6.0},{""evidence"":[{""evidence_text"":""6.00/6 recency + 4.00/4 posting frequency."",""observation_type"":""derived"",""signal_type"":""recent_activity"",""source_field"":""candidate_metrics"",""source_reference"":""by.wildberries"",""url"":""https://www.instagram.com/by.wildberries/""}],""explanation"":""6.00/6 recency + 4.00/4 posting frequency."",""max_score"":10.0,""name"":""recent_activity"",""score"":10.0}]","Rank 3 of 30 eligible candidates: score 61.93/100, discovery confidence 0.867, data completeness 1.000, engagement rate 0.775%.","[{""evidence_text"":""Matched explicit term: лук"",""observation_type"":""direct"",""signal_type"":""fashion"",""source_field"":""recent_posts.caption"",""source_reference"":""3950595921711043390"",""url"":""https://www.instagram.com/p/DbTVg9EsZM-/""},{""evidence_text"":""Matched explicit term: гардероб"",""observation_type"":""direct"",""signal_type"":""fashion"",""source_field"":""recent_posts.caption"",""source_reference"":""3950595921711043390"",""url"":""https://www.instagram.com/p/DbTVg9EsZM-/""},{""evidence_text"":""Matched explicit term: одежд"",""observation_type"":""direct"",""signal_type"":""fashion"",""source_field"":""recent_posts.caption"",""source_reference"":""3947650858836215157"",""url"":""https://www.instagram.com/p/DbI34piMsV1/""},{""evidence_text"":""Matched explicit term: космет"",""observation_type"":""direct"",""signal_type"":""beauty"",""source_field"":""recent_posts.caption"",""source_reference"":""3947650858836215157"",""url"":""https://www.instagram.com/p/DbI34piMsV1/""},{""evidence_text"":""Matched explicit term: уход"",""observation_type"":""direct"",""signal_type"":""beauty"",""source_field"":""recent_posts.caption"",""source_reference"":""3947650858836215157"",""url"":""https://www.instagram.com/p/DbI34piMsV1/""},{""evidence_text"":""Matched explicit term: жизн"",""observation_type"":""direct"",""signal_type"":""lifestyle"",""source_field"":""recent_posts.caption"",""source_reference"":""3949784345328409512"",""url"":""https://www.instagram.com/p/DbQc-9qstuo/""},{""evidence_text"":""Matched explicit term: путеше"",""observation_type"":""direct"",""signal_type"":""lifestyle"",""source_field"":""recent_posts.caption"",""source_reference"":""3947650858836215157"",""url"":""https://www.instagram.com/p/DbI34piMsV1/""},{""evidence_text"":""Matched explicit term: лайф"",""observation_type"":""direct"",""signal_type"":""lifestyle"",""source_field"":""recent_posts.caption"",""source_reference"":""3941836706417963391"",""url"":""https://www.instagram.com/p/Da0N5mIo3F_/""},{""evidence_text"":""Matched explicit term: дом"",""observation_type"":""direct"",""signal_type"":""lifestyle"",""source_field"":""recent_posts.caption"",""source_reference"":""3941000969712608244"",""url"":""https://www.instagram.com/p/DaxP4BrMKP0/""},{""evidence_text"":""Matched explicit term: вдохнов"",""observation_type"":""direct"",""signal_type"":""lifestyle"",""source_field"":""recent_posts.caption"",""source_reference"":""3940228154207818828"",""url"":""https://www.instagram.com/p/DaugKFJjNRM/""},{""evidence_text"":""Matched explicit term: wildberries"",""observation_type"":""direct"",""signal_type"":""marketplace"",""source_field"":""full_name"",""source_reference"":""profile"",""url"":""https://www.instagram.com/by.wildberries/""},{""evidence_text"":""Matched explicit term: wildberries"",""observation_type"":""direct"",""signal_type"":""marketplace"",""source_field"":""biography"",""source_reference"":""profile"",""url"":""https://www.instagram.com/by.wildberries/""},{""evidence_text"":""Matched explicit term: wildberries"",""observation_type"":""direct"",""signal_type"":""marketplace"",""source_field"":""recent_posts.caption"",""source_reference"":""3949784345328409512"",""url"":""https://www.instagram.com/p/DbQc-9qstuo/""},{""evidence_text"":""Matched explicit term: wildberries"",""observation_type"":""direct"",""signal_type"":""marketplace"",""source_field"":""recent_posts.caption"",""source_reference"":""3948989048398308955"",""url"":""https://www.instagram.com/p/DbNoJ3rsGZb/""},{""evidence_text"":""Matched explicit term: wildberries"",""observation_type"":""direct"",""signal_type"":""marketplace"",""source_field"":""recent_posts.caption"",""source_reference"":""3947650858836215157"",""url"":""https://www.instagram.com/p/DbI34piMsV1/""},{""evidence_text"":""Matched explicit term: wildberries"",""observation_type"":""direct"",""signal_type"":""marketplace"",""source_field"":""recent_posts.caption"",""source_reference"":""3946179605362941732"",""url"":""https://www.instagram.com/p/DbDpXF9jJ8k/""},{""evidence_text"":""Matched explicit term: wildberries"",""observation_type"":""direct"",""signal_type"":""marketplace"",""source_field"":""recent_posts.caption"",""source_reference"":""3945393936284094028"",""url"":""https://www.instagram.com/p/DbA2uGnMY5M/""},{""evidence_text"":""Matched explicit term: покупок"",""observation_type"":""direct"",""signal_type"":""marketplace"",""source_field"":""recent_posts.caption"",""source_reference"":""3945393936284094028"",""url"":""https://www.instagram.com/p/DbA2uGnMY5M/""},{""evidence_text"":""Matched explicit term: wildberries"",""observation_type"":""direct"",""signal_type"":""marketplace"",""source_field"":""recent_posts.caption"",""source_reference"":""3942501348094901625"",""url"":""https://www.instagram.com/p/Da2lBZ7sf15/""},{""evidence_text"":""Matched explicit term: wildberries"",""observation_type"":""direct"",""signal_type"":""marketplace"",""source_field"":""recent_posts.caption"",""source_reference"":""3941836706417963391"",""url"":""https://www.instagram.com/p/Da0N5mIo3F_/""},{""evidence_text"":""Matched explicit term: wb"",""observation_type"":""direct"",""signal_type"":""marketplace"",""source_field"":""recent_posts.caption"",""source_reference"":""3941836706417963391"",""url"":""https://www.instagram.com/p/Da0N5mIo3F_/""},{""evidence_text"":""Matched explicit term: wildberries"",""observation_type"":""direct"",""signal_type"":""marketplace"",""source_field"":""recent_posts.caption"",""source_reference"":""3941805994363647414"",""url"":""https://www.instagram.com/p/Da0G6rTjPW2/""},{""evidence_text"":""Matched explicit term: wildberries"",""observation_type"":""direct"",""signal_type"":""marketplace"",""source_field"":""recent_posts.caption"",""source_reference"":""3941000969712608244"",""url"":""https://www.instagram.com/p/DaxP4BrMKP0/""},{""evidence_text"":""Matched explicit term: wildberries"",""observation_type"":""direct"",""signal_type"":""marketplace"",""source_field"":""recent_posts.caption"",""source_reference"":""3940228154207818828"",""url"":""https://www.instagram.com/p/DaugKFJjNRM/""},{""evidence_text"":""Observed product-focused caption term(s): wildberries"",""observation_type"":""direct"",""signal_type"":""native_product_integration"",""source_field"":""recent_posts.caption"",""source_reference"":""3949784345328409512"",""url"":""https://www.instagram.com/p/DbQc-9qstuo/""},{""evidence_text"":""Observed product-focused caption term(s): wildberries"",""observation_type"":""direct"",""signal_type"":""native_product_integration"",""source_field"":""recent_posts.caption"",""source_reference"":""3948989048398308955"",""url"":""https://www.instagram.com/p/DbNoJ3rsGZb/""},{""evidence_text"":""Observed product-focused caption term(s): wildberries"",""observation_type"":""direct"",""signal_type"":""native_product_integration"",""source_field"":""recent_posts.caption"",""source_reference"":""3947650858836215157"",""url"":""https://www.instagram.com/p/DbI34piMsV1/""},{""evidence_text"":""Observed product-focused caption term(s): wildberries"",""observation_type"":""direct"",""signal_type"":""native_product_integration"",""source_field"":""recent_posts.caption"",""source_reference"":""3946179605362941732"",""url"":""https://www.instagram.com/p/DbDpXF9jJ8k/""},{""evidence_text"":""Observed product-focused caption term(s): wildberries, покупок, товар"",""observation_type"":""direct"",""signal_type"":""native_product_integration"",""source_field"":""recent_posts.caption"",""source_reference"":""3945393936284094028"",""url"":""https://www.instagram.com/p/DbA2uGnMY5M/""},{""evidence_text"":""Observed product-focused caption term(s): wildberries"",""observation_type"":""direct"",""signal_type"":""native_product_integration"",""source_field"":""recent_posts.caption"",""source_reference"":""3942501348094901625"",""url"":""https://www.instagram.com/p/Da2lBZ7sf15/""},{""evidence_text"":""Observed structured account mention(s): by.wildberries"",""observation_type"":""direct"",""signal_type"":""native_product_integration"",""source_field"":""recent_posts.mentions"",""source_reference"":""3941836706417963391"",""url"":""https://www.instagram.com/p/Da0N5mIo3F_/""},{""evidence_text"":""Observed tagged account(s): by.wildberries"",""observation_type"":""direct"",""signal_type"":""native_product_integration"",""source_field"":""recent_posts.tagged_usernames"",""source_reference"":""3941836706417963391"",""url"":""https://www.instagram.com/p/Da0N5mIo3F_/""},{""evidence_text"":""Observed product-focused caption term(s): wb, wildberries"",""observation_type"":""direct"",""signal_type"":""native_product_integration"",""source_field"":""recent_posts.caption"",""source_reference"":""3941836706417963391"",""url"":""https://www.instagram.com/p/Da0N5mIo3F_/""},{""evidence_text"":""Observed product-focused caption term(s): wildberries"",""observation_type"":""direct"",""signal_type"":""native_product_integration"",""source_field"":""recent_posts.caption"",""source_reference"":""3941805994363647414"",""url"":""https://www.instagram.com/p/Da0G6rTjPW2/""},{""evidence_text"":""Observed product-focused caption term(s): wildberries, товар"",""observation_type"":""direct"",""signal_type"":""native_product_integration"",""source_field"":""recent_posts.caption"",""source_reference"":""3941000969712608244"",""url"":""https://www.instagram.com/p/DaxP4BrMKP0/""},{""evidence_text"":""Observed product-focused caption term(s): wildberries, товар"",""observation_type"":""direct"",""signal_type"":""native_product_integration"",""source_field"":""recent_posts.caption"",""source_reference"":""3940228154207818828"",""url"":""https://www.instagram.com/p/DaugKFJjNRM/""},{""evidence_text"":""0.40×provider identity (1.000) + 0.20×multi-query support (0.333; 1 distinct queries, full credit at 3) + 0.20×profile/post link verification (1.000) + 0.20×query relevance (1.000; 5 directly evidenced target dimensions) = 0.867."",""observation_type"":""derived"",""signal_type"":""discovery_confidence"",""source_field"":""provider_and_discovery"",""source_reference"":""by.wildberries"",""url"":""https://www.instagram.com/by.wildberries/""},{""evidence_text"":""Caption-derived topic excerpt used: Желе — не только на столе Но и во всех луках этого лета! Добавляем в гардероб трендовые позиции а-ля желе и п…"",""observation_type"":""direct"",""signal_type"":""offer_personalization"",""source_field"":""recent_posts.caption"",""source_reference"":""3950595921711043390"",""url"":""https://www.instagram.com/p/DbTVg9EsZM-/""},{""evidence_text"":""Observed profile name used in greeting: Wildberries Belarus"",""observation_type"":""direct"",""signal_type"":""offer_greeting"",""source_field"":""full_name"",""source_reference"":""profile"",""url"":""https://www.instagram.com/by.wildberries/""}]",https://www.instagram.com/p/DbTVg9EsZM-/,"Здравствуйте, Wildberries Belarus!

Увидели вашу недавнюю публикацию «Желе — не только на столе Но и во всех луках этого лета! Добавляем в гардероб трендовые позиции а-ля желе и п…»: https://www.instagram.com/p/DbTVg9EsZM-/
Нам кажется, такой формат контента может естественно сочетаться с категорией «женская одежда».

Мы — LD Latte. Хотим предложить для обсуждения товар бренда в обмен на согласованный контент: товар из новой коллекции LD Latte. Если идея вам интересна, возможный формат — Reels или нативный обзор; детали и творческую подачу согласуем вместе.

Будем рады обсудить предложение, если оно вам подходит; никаких обязательств до согласования условий нет.

[Черновик: требуется ручная проверка и одобрение перед использованием.]",pending,,0.866667,eligible,[],"[""marketplace_reviews_01""]",apify,2026-07-28T19:11:52.795572+00:00,deterministic_template,"clear: no Phase A username, URL, historical alias, replacement, rejected false lead, Nike, or Apple match"
instagram,beautynthebean,https://www.instagram.com/beautynthebean/,442744,2877.5,70.0,0.6621207740816364,12,12,1.0,0.9166666666666666,2026-07-28T16:58:56+00:00,61.06,"[{""evidence"":[{""evidence_text"":""Matched explicit term: outfit"",""observation_type"":""direct"",""signal_type"":""fashion"",""source_field"":""recent_posts.caption"",""source_reference"":""3948473816924979221"",""url"":""https://www.instagram.com/p/DbLzAQ-voAV/""},{""evidence_text"":""Matched explicit term: beauty"",""observation_type"":""direct"",""signal_type"":""beauty"",""source_field"":""full_name"",""source_reference"":""profile"",""url"":""https://www.instagram.com/beautynthebean/""},{""evidence_text"":""Matched explicit term: beauty"",""observation_type"":""direct"",""signal_type"":""beauty"",""source_field"":""recent_posts.caption"",""source_reference"":""3925896279632295860"",""url"":""https://www.instagram.com/p/DZ7ld20gre0/""},{""evidence_text"":""Matched explicit term: beauty"",""observation_type"":""direct"",""signal_type"":""beauty"",""source_field"":""recent_posts.hashtags"",""source_reference"":""3925896279632295860"",""url"":""https://www.instagram.com/p/DZ7ld20gre0/""},{""evidence_text"":""Matched explicit term: beauty"",""observation_type"":""direct"",""signal_type"":""beauty"",""source_field"":""recent_posts.caption"",""source_reference"":""3805204960086383165"",""url"":""https://www.instagram.com/p/DTOzcAXgNo9/""},{""evidence_text"":""Matched explicit term: beauty"",""observation_type"":""direct"",""signal_type"":""beauty"",""source_field"":""recent_posts.hashtags"",""source_reference"":""3805204960086383165"",""url"":""https://www.instagram.com/p/DTOzcAXgNo9/""},{""evidence_text"":""Matched explicit term: beauty"",""observation_type"":""direct"",""signal_type"":""beauty"",""source_field"":""recent_posts.caption"",""source_reference"":""3396930559874904496"",""url"":""https://www.instagram.com/p/C8kUli0AzGw/""},{""evidence_text"":""Matched explicit term: beauty"",""observation_type"":""direct"",""signal_type"":""beauty"",""source_field"":""recent_posts.hashtags"",""source_reference"":""3396930559874904496"",""url"":""https://www.instagram.com/p/C8kUli0AzGw/""},{""evidence_text"":""Matched explicit term: beauty"",""observation_type"":""direct"",""signal_type"":""beauty"",""source_field"":""recent_posts.caption"",""source_reference"":""3951350924230215147"",""url"":""https://www.instagram.com/p/DbWBLr9p0Xr/""},{""evidence_text"":""Matched explicit term: beauty"",""observation_type"":""direct"",""signal_type"":""beauty"",""source_field"":""recent_posts.hashtags"",""source_reference"":""3951350924230215147"",""url"":""https://www.instagram.com/p/DbWBLr9p0Xr/""},{""evidence_text"":""Matched explicit term: beauty"",""observation_type"":""direct"",""signal_type"":""beauty"",""source_field"":""recent_posts.caption"",""source_reference"":""3950563279688052996"",""url"":""https://www.instagram.com/p/DbTOF80gjEE/""},{""evidence_text"":""Matched explicit term: beauty"",""observation_type"":""direct"",""signal_type"":""beauty"",""source_field"":""recent_posts.hashtags"",""source_reference"":""3950563279688052996"",""url"":""https://www.instagram.com/p/DbTOF80gjEE/""},{""evidence_text"":""Matched explicit term: beauty"",""observation_type"":""direct"",""signal_type"":""beauty"",""source_field"":""recent_posts.caption"",""source_reference"":""3949863523928007217"",""url"":""https://www.instagram.com/p/DbQu_KfAGIx/""},{""evidence_text"":""Matched explicit term: beauty"",""observation_type"":""direct"",""signal_type"":""beauty"",""source_field"":""recent_posts.hashtags"",""source_reference"":""3949863523928007217"",""url"":""https://www.instagram.com/p/DbQu_KfAGIx/""},{""evidence_text"":""Matched explicit term: beauty"",""observation_type"":""direct"",""signal_type"":""beauty"",""source_field"":""recent_posts.caption"",""source_reference"":""3948473816924979221"",""url"":""https://www.instagram.com/p/DbLzAQ-voAV/""},{""evidence_text"":""Matched explicit term: hair"",""observation_type"":""direct"",""signal_type"":""beauty"",""source_field"":""recent_posts.caption"",""source_reference"":""3948473816924979221"",""url"":""https://www.instagram.com/p/DbLzAQ-voAV/""},{""evidence_text"":""Matched explicit term: beauty"",""observation_type"":""direct"",""signal_type"":""beauty"",""source_field"":""recent_posts.hashtags"",""source_reference"":""3948473816924979221"",""url"":""https://www.instagram.com/p/DbLzAQ-voAV/""},{""evidence_text"":""Matched explicit term: beauty"",""observation_type"":""direct"",""signal_type"":""beauty"",""source_field"":""recent_posts.caption"",""source_reference"":""3946551275994362557"",""url"":""https://www.instagram.com/p/DbE93nNgjK9/""},{""evidence_text"":""Matched explicit term: skin"",""observation_type"":""direct"",""signal_type"":""beauty"",""source_field"":""recent_posts.caption"",""source_reference"":""3946551275994362557"",""url"":""https://www.instagram.com/p/DbE93nNgjK9/""},{""evidence_text"":""Matched explicit term: beauty"",""observation_type"":""direct"",""signal_type"":""beauty"",""source_field"":""recent_posts.hashtags"",""source_reference"":""3946551275994362557"",""url"":""https://www.instagram.com/p/DbE93nNgjK9/""},{""evidence_text"":""Matched explicit term: beauty"",""observation_type"":""direct"",""signal_type"":""beauty"",""source_field"":""recent_posts.caption"",""source_reference"":""3945500632059758781"",""url"":""https://www.instagram.com/p/DbBO-uzAEi9/""},{""evidence_text"":""Matched explicit term: beauty"",""observation_type"":""direct"",""signal_type"":""beauty"",""source_field"":""recent_posts.hashtags"",""source_reference"":""3945500632059758781"",""url"":""https://www.instagram.com/p/DbBO-uzAEi9/""},{""evidence_text"":""Matched explicit term: beauty"",""observation_type"":""direct"",""signal_type"":""beauty"",""source_field"":""recent_posts.caption"",""source_reference"":""3949178030059951265"",""url"":""https://www.instagram.com/p/DbOTH6kgBSh/""},{""evidence_text"":""Matched explicit term: beauty"",""observation_type"":""direct"",""signal_type"":""beauty"",""source_field"":""recent_posts.hashtags"",""source_reference"":""3949178030059951265"",""url"":""https://www.instagram.com/p/DbOTH6kgBSh/""},{""evidence_text"":""Matched explicit term: beauty"",""observation_type"":""direct"",""signal_type"":""beauty"",""source_field"":""recent_posts.caption"",""source_reference"":""3947714446087121481"",""url"":""https://www.instagram.com/p/DbJGV9xs2pJ/""},{""evidence_text"":""Matched explicit term: beauty"",""observation_type"":""direct"",""signal_type"":""beauty"",""source_field"":""recent_posts.hashtags"",""source_reference"":""3947714446087121481"",""url"":""https://www.instagram.com/p/DbJGV9xs2pJ/""},{""evidence_text"":""Matched explicit term: life"",""observation_type"":""direct"",""signal_type"":""lifestyle"",""source_field"":""recent_posts.caption"",""source_reference"":""3946255315124666461"",""url"":""https://www.instagram.com/p/DbD6k0LAMBd/""},{""evidence_text"":""16.00/24 topical + 4.00/5 format readiness + 0.62/1 Nike/Apple format alignment."",""observation_type"":""derived"",""signal_type"":""content_and_aesthetic_fit"",""source_field"":""candidate_metrics"",""source_reference"":""beautynthebean"",""url"":""https://www.instagram.com/beautynthebean/""}],""explanation"":""16.00/24 topical + 4.00/5 format readiness + 0.62/1 Nike/Apple format alignment."",""max_score"":30.0,""name"":""content_and_aesthetic_fit"",""score"":20.62},{""evidence"":[{""evidence_text"":""Matched explicit term: pr"",""observation_type"":""direct"",""signal_type"":""commercial_pr"",""source_field"":""recent_posts.caption"",""source_reference"":""3949178030059951265"",""url"":""https://www.instagram.com/p/DbOTH6kgBSh/""},{""evidence_text"":""Observed email address: cassidy@creatorsociety.com"",""observation_type"":""direct"",""signal_type"":""contact"",""source_field"":""biography"",""source_reference"":""profile"",""url"":""https://www.instagram.com/beautynthebean/""},{""evidence_text"":""Observed structured account mention(s): itschrisspencer, peakingzebra"",""observation_type"":""direct"",""signal_type"":""native_product_integration"",""source_field"":""recent_posts.mentions"",""source_reference"":""3396930559874904496"",""url"":""https://www.instagram.com/p/C8kUli0AzGw/""},{""evidence_text"":""Observed tagged account(s): peakingzebra, itschrisspencer"",""observation_type"":""direct"",""signal_type"":""native_product_integration"",""source_field"":""recent_posts.tagged_usernames"",""source_reference"":""3396930559874904496"",""url"":""https://www.instagram.com/p/C8kUli0AzGw/""},{""evidence_text"":""Observed structured account mention(s): beautynthebean"",""observation_type"":""direct"",""signal_type"":""native_product_integration"",""source_field"":""recent_posts.mentions"",""source_reference"":""3951350924230215147"",""url"":""https://www.instagram.com/p/DbWBLr9p0Xr/""},{""evidence_text"":""Observed structured account mention(s): beautynthebean"",""observation_type"":""direct"",""signal_type"":""native_product_integration"",""source_field"":""recent_posts.mentions"",""source_reference"":""3950563279688052996"",""url"":""https://www.instagram.com/p/DbTOF80gjEE/""},{""evidence_text"":""Observed structured account mention(s): beautynthebean"",""observation_type"":""direct"",""signal_type"":""native_product_integration"",""source_field"":""recent_posts.mentions"",""source_reference"":""3949863523928007217"",""url"":""https://www.instagram.com/p/DbQu_KfAGIx/""},{""evidence_text"":""Observed tagged account(s): thewebbyawards, newhot899, royalcanincanada, ottawastraycatrescue, capcityvet"",""observation_type"":""direct"",""signal_type"":""native_product_integration"",""source_field"":""recent_posts.tagged_usernames"",""source_reference"":""3946255315124666461"",""url"":""https://www.instagram.com/p/DbD6k0LAMBd/""},{""evidence_text"":""Observed structured account mention(s): openfarmpet"",""observation_type"":""direct"",""signal_type"":""native_product_integration"",""source_field"":""recent_posts.mentions"",""source_reference"":""3945500632059758781"",""url"":""https://www.instagram.com/p/DbBO-uzAEi9/""},{""evidence_text"":""Observed structured account mention(s): beautynthebean"",""observation_type"":""direct"",""signal_type"":""native_product_integration"",""source_field"":""recent_posts.mentions"",""source_reference"":""3949178030059951265"",""url"":""https://www.instagram.com/p/DbOTH6kgBSh/""},{""evidence_text"":""Observed structured account mention(s): beautynthebean"",""observation_type"":""direct"",""signal_type"":""native_product_integration"",""source_field"":""recent_posts.mentions"",""source_reference"":""3947714446087121481"",""url"":""https://www.instagram.com/p/DbJGV9xs2pJ/""},{""evidence_text"":""UGC=False, marketplace=False, commercial/PR=True, contact=True; 8/12 posts have independently observed native-integration evidence."",""observation_type"":""derived"",""signal_type"":""native_product_integration_potential"",""source_field"":""candidate_metrics"",""source_reference"":""beautynthebean"",""url"":""https://www.instagram.com/beautynthebean/""}],""explanation"":""UGC=False, marketplace=False, commercial/PR=True, contact=True; 8/12 posts have independently observed native-integration evidence."",""max_score"":20.0,""name"":""native_product_integration_potential"",""score"":10.0},{""evidence"":[{""evidence_text"":""Short video share 0.917 × 15 = 13.75."",""observation_type"":""derived"",""signal_type"":""short_video_consistency"",""source_field"":""candidate_metrics"",""source_reference"":""beautynthebean"",""url"":""https://www.instagram.com/beautynthebean/""}],""explanation"":""Short video share 0.917 × 15 = 13.75."",""max_score"":15.0,""name"":""short_video_consistency"",""score"":13.75},{""evidence"":[{""evidence_text"":""Frozen Phase A percentile 0.499635 × 15 = 7.49 raw; × completeness 12/12 (1.000000) = 7.49 adjusted."",""observation_type"":""derived"",""signal_type"":""engagement"",""source_field"":""candidate_metrics"",""source_reference"":""beautynthebean"",""url"":""https://www.instagram.com/beautynthebean/""}],""explanation"":""Frozen Phase A percentile 0.499635 × 15 = 7.49 raw; × completeness 12/12 (1.000000) = 7.49 adjusted."",""max_score"":15.0,""name"":""engagement"",""score"":7.49},{""evidence"":[{""evidence_text"":""Matched explicit term: pr"",""observation_type"":""direct"",""signal_type"":""commercial_pr"",""source_field"":""recent_posts.caption"",""source_reference"":""3949178030059951265"",""url"":""https://www.instagram.com/p/DbOTH6kgBSh/""},{""evidence_text"":""1.0/5 for very large audience (>300k); commercial/PR=True (+2), UGC=False (+2), marketplace=False (+1)."",""observation_type"":""derived"",""signal_type"":""barter_feasibility"",""source_field"":""candidate_metrics"",""source_reference"":""beautynthebean"",""url"":""https://www.instagram.com/beautynthebean/""}],""explanation"":""1.0/5 for very large audience (>300k); commercial/PR=True (+2), UGC=False (+2), marketplace=False (+1)."",""max_score"":10.0,""name"":""barter_feasibility"",""score"":3.0},{""evidence"":[{""evidence_text"":""6.00/6 recency + 0.20/4 posting frequency."",""observation_type"":""derived"",""signal_type"":""recent_activity"",""source_field"":""candidate_metrics"",""source_reference"":""beautynthebean"",""url"":""https://www.instagram.com/beautynthebean/""}],""explanation"":""6.00/6 recency + 0.20/4 posting frequency."",""max_score"":10.0,""name"":""recent_activity"",""score"":6.2}]","Rank 4 of 30 eligible candidates: score 61.06/100, discovery confidence 0.867, data completeness 1.000, engagement rate 0.662%.","[{""evidence_text"":""Matched explicit term: pr"",""observation_type"":""direct"",""signal_type"":""commercial_pr"",""source_field"":""recent_posts.caption"",""source_reference"":""3949178030059951265"",""url"":""https://www.instagram.com/p/DbOTH6kgBSh/""},{""evidence_text"":""Observed email address: cassidy@creatorsociety.com"",""observation_type"":""direct"",""signal_type"":""contact"",""source_field"":""biography"",""source_reference"":""profile"",""url"":""https://www.instagram.com/beautynthebean/""},{""evidence_text"":""Matched explicit term: outfit"",""observation_type"":""direct"",""signal_type"":""fashion"",""source_field"":""recent_posts.caption"",""source_reference"":""3948473816924979221"",""url"":""https://www.instagram.com/p/DbLzAQ-voAV/""},{""evidence_text"":""Matched explicit term: beauty"",""observation_type"":""direct"",""signal_type"":""beauty"",""source_field"":""full_name"",""source_reference"":""profile"",""url"":""https://www.instagram.com/beautynthebean/""},{""evidence_text"":""Matched explicit term: beauty"",""observation_type"":""direct"",""signal_type"":""beauty"",""source_field"":""recent_posts.caption"",""source_reference"":""3925896279632295860"",""url"":""https://www.instagram.com/p/DZ7ld20gre0/""},{""evidence_text"":""Matched explicit term: beauty"",""observation_type"":""direct"",""signal_type"":""beauty"",""source_field"":""recent_posts.hashtags"",""source_reference"":""3925896279632295860"",""url"":""https://www.instagram.com/p/DZ7ld20gre0/""},{""evidence_text"":""Matched explicit term: beauty"",""observation_type"":""direct"",""signal_type"":""beauty"",""source_field"":""recent_posts.caption"",""source_reference"":""3805204960086383165"",""url"":""https://www.instagram.com/p/DTOzcAXgNo9/""},{""evidence_text"":""Matched explicit term: beauty"",""observation_type"":""direct"",""signal_type"":""beauty"",""source_field"":""recent_posts.hashtags"",""source_reference"":""3805204960086383165"",""url"":""https://www.instagram.com/p/DTOzcAXgNo9/""},{""evidence_text"":""Matched explicit term: beauty"",""observation_type"":""direct"",""signal_type"":""beauty"",""source_field"":""recent_posts.caption"",""source_reference"":""3396930559874904496"",""url"":""https://www.instagram.com/p/C8kUli0AzGw/""},{""evidence_text"":""Matched explicit term: beauty"",""observation_type"":""direct"",""signal_type"":""beauty"",""source_field"":""recent_posts.hashtags"",""source_reference"":""3396930559874904496"",""url"":""https://www.instagram.com/p/C8kUli0AzGw/""},{""evidence_text"":""Matched explicit term: beauty"",""observation_type"":""direct"",""signal_type"":""beauty"",""source_field"":""recent_posts.caption"",""source_reference"":""3951350924230215147"",""url"":""https://www.instagram.com/p/DbWBLr9p0Xr/""},{""evidence_text"":""Matched explicit term: beauty"",""observation_type"":""direct"",""signal_type"":""beauty"",""source_field"":""recent_posts.hashtags"",""source_reference"":""3951350924230215147"",""url"":""https://www.instagram.com/p/DbWBLr9p0Xr/""},{""evidence_text"":""Matched explicit term: beauty"",""observation_type"":""direct"",""signal_type"":""beauty"",""source_field"":""recent_posts.caption"",""source_reference"":""3950563279688052996"",""url"":""https://www.instagram.com/p/DbTOF80gjEE/""},{""evidence_text"":""Matched explicit term: beauty"",""observation_type"":""direct"",""signal_type"":""beauty"",""source_field"":""recent_posts.hashtags"",""source_reference"":""3950563279688052996"",""url"":""https://www.instagram.com/p/DbTOF80gjEE/""},{""evidence_text"":""Matched explicit term: beauty"",""observation_type"":""direct"",""signal_type"":""beauty"",""source_field"":""recent_posts.caption"",""source_reference"":""3949863523928007217"",""url"":""https://www.instagram.com/p/DbQu_KfAGIx/""},{""evidence_text"":""Matched explicit term: beauty"",""observation_type"":""direct"",""signal_type"":""beauty"",""source_field"":""recent_posts.hashtags"",""source_reference"":""3949863523928007217"",""url"":""https://www.instagram.com/p/DbQu_KfAGIx/""},{""evidence_text"":""Matched explicit term: beauty"",""observation_type"":""direct"",""signal_type"":""beauty"",""source_field"":""recent_posts.caption"",""source_reference"":""3948473816924979221"",""url"":""https://www.instagram.com/p/DbLzAQ-voAV/""},{""evidence_text"":""Matched explicit term: hair"",""observation_type"":""direct"",""signal_type"":""beauty"",""source_field"":""recent_posts.caption"",""source_reference"":""3948473816924979221"",""url"":""https://www.instagram.com/p/DbLzAQ-voAV/""},{""evidence_text"":""Matched explicit term: beauty"",""observation_type"":""direct"",""signal_type"":""beauty"",""source_field"":""recent_posts.hashtags"",""source_reference"":""3948473816924979221"",""url"":""https://www.instagram.com/p/DbLzAQ-voAV/""},{""evidence_text"":""Matched explicit term: beauty"",""observation_type"":""direct"",""signal_type"":""beauty"",""source_field"":""recent_posts.caption"",""source_reference"":""3946551275994362557"",""url"":""https://www.instagram.com/p/DbE93nNgjK9/""},{""evidence_text"":""Matched explicit term: skin"",""observation_type"":""direct"",""signal_type"":""beauty"",""source_field"":""recent_posts.caption"",""source_reference"":""3946551275994362557"",""url"":""https://www.instagram.com/p/DbE93nNgjK9/""},{""evidence_text"":""Matched explicit term: beauty"",""observation_type"":""direct"",""signal_type"":""beauty"",""source_field"":""recent_posts.hashtags"",""source_reference"":""3946551275994362557"",""url"":""https://www.instagram.com/p/DbE93nNgjK9/""},{""evidence_text"":""Matched explicit term: beauty"",""observation_type"":""direct"",""signal_type"":""beauty"",""source_field"":""recent_posts.caption"",""source_reference"":""3945500632059758781"",""url"":""https://www.instagram.com/p/DbBO-uzAEi9/""},{""evidence_text"":""Matched explicit term: beauty"",""observation_type"":""direct"",""signal_type"":""beauty"",""source_field"":""recent_posts.hashtags"",""source_reference"":""3945500632059758781"",""url"":""https://www.instagram.com/p/DbBO-uzAEi9/""},{""evidence_text"":""Matched explicit term: beauty"",""observation_type"":""direct"",""signal_type"":""beauty"",""source_field"":""recent_posts.caption"",""source_reference"":""3949178030059951265"",""url"":""https://www.instagram.com/p/DbOTH6kgBSh/""},{""evidence_text"":""Matched explicit term: beauty"",""observation_type"":""direct"",""signal_type"":""beauty"",""source_field"":""recent_posts.hashtags"",""source_reference"":""3949178030059951265"",""url"":""https://www.instagram.com/p/DbOTH6kgBSh/""},{""evidence_text"":""Matched explicit term: beauty"",""observation_type"":""direct"",""signal_type"":""beauty"",""source_field"":""recent_posts.caption"",""source_reference"":""3947714446087121481"",""url"":""https://www.instagram.com/p/DbJGV9xs2pJ/""},{""evidence_text"":""Matched explicit term: beauty"",""observation_type"":""direct"",""signal_type"":""beauty"",""source_field"":""recent_posts.hashtags"",""source_reference"":""3947714446087121481"",""url"":""https://www.instagram.com/p/DbJGV9xs2pJ/""},{""evidence_text"":""Matched explicit term: life"",""observation_type"":""direct"",""signal_type"":""lifestyle"",""source_field"":""recent_posts.caption"",""source_reference"":""3946255315124666461"",""url"":""https://www.instagram.com/p/DbD6k0LAMBd/""},{""evidence_text"":""Observed structured account mention(s): itschrisspencer, peakingzebra"",""observation_type"":""direct"",""signal_type"":""native_product_integration"",""source_field"":""recent_posts.mentions"",""source_reference"":""3396930559874904496"",""url"":""https://www.instagram.com/p/C8kUli0AzGw/""},{""evidence_text"":""Observed tagged account(s): peakingzebra, itschrisspencer"",""observation_type"":""direct"",""signal_type"":""native_product_integration"",""source_field"":""recent_posts.tagged_usernames"",""source_reference"":""3396930559874904496"",""url"":""https://www.instagram.com/p/C8kUli0AzGw/""},{""evidence_text"":""Observed structured account mention(s): beautynthebean"",""observation_type"":""direct"",""signal_type"":""native_product_integration"",""source_field"":""recent_posts.mentions"",""source_reference"":""3951350924230215147"",""url"":""https://www.instagram.com/p/DbWBLr9p0Xr/""},{""evidence_text"":""Observed structured account mention(s): beautynthebean"",""observation_type"":""direct"",""signal_type"":""native_product_integration"",""source_field"":""recent_posts.mentions"",""source_reference"":""3950563279688052996"",""url"":""https://www.instagram.com/p/DbTOF80gjEE/""},{""evidence_text"":""Observed structured account mention(s): beautynthebean"",""observation_type"":""direct"",""signal_type"":""native_product_integration"",""source_field"":""recent_posts.mentions"",""source_reference"":""3949863523928007217"",""url"":""https://www.instagram.com/p/DbQu_KfAGIx/""},{""evidence_text"":""Observed tagged account(s): thewebbyawards, newhot899, royalcanincanada, ottawastraycatrescue, capcityvet"",""observation_type"":""direct"",""signal_type"":""native_product_integration"",""source_field"":""recent_posts.tagged_usernames"",""source_reference"":""3946255315124666461"",""url"":""https://www.instagram.com/p/DbD6k0LAMBd/""},{""evidence_text"":""Observed structured account mention(s): openfarmpet"",""observation_type"":""direct"",""signal_type"":""native_product_integration"",""source_field"":""recent_posts.mentions"",""source_reference"":""3945500632059758781"",""url"":""https://www.instagram.com/p/DbBO-uzAEi9/""},{""evidence_text"":""Observed structured account mention(s): beautynthebean"",""observation_type"":""direct"",""signal_type"":""native_product_integration"",""source_field"":""recent_posts.mentions"",""source_reference"":""3949178030059951265"",""url"":""https://www.instagram.com/p/DbOTH6kgBSh/""},{""evidence_text"":""Observed structured account mention(s): beautynthebean"",""observation_type"":""direct"",""signal_type"":""native_product_integration"",""source_field"":""recent_posts.mentions"",""source_reference"":""3947714446087121481"",""url"":""https://www.instagram.com/p/DbJGV9xs2pJ/""},{""evidence_text"":""0.40×provider identity (1.000) + 0.20×multi-query support (0.333; 1 distinct queries, full credit at 3) + 0.20×profile/post link verification (1.000) + 0.20×query relevance (1.000; 4 directly evidenced target dimensions) = 0.867."",""observation_type"":""derived"",""signal_type"":""discovery_confidence"",""source_field"":""provider_and_discovery"",""source_reference"":""beautynthebean"",""url"":""https://www.instagram.com/beautynthebean/""},{""evidence_text"":""Caption-derived topic excerpt used: I have raised such an emotional mama’s boy 🥹♥️ Follow to wake up with Bean every day! @beautynthebean #cats #…"",""observation_type"":""direct"",""signal_type"":""offer_personalization"",""source_field"":""recent_posts.caption"",""source_reference"":""3951350924230215147"",""url"":""https://www.instagram.com/p/DbWBLr9p0Xr/""},{""evidence_text"":""Observed profile name used in greeting: Beauty and the Bean"",""observation_type"":""direct"",""signal_type"":""offer_greeting"",""source_field"":""full_name"",""source_reference"":""profile"",""url"":""https://www.instagram.com/beautynthebean/""}]",https://www.instagram.com/p/DbWBLr9p0Xr/,"Здравствуйте, Beauty and the Bean!

Увидели вашу недавнюю публикацию «I have raised such an emotional mama’s boy 🥹♥️ Follow to wake up with Bean every day! @beautynthebean #cats #…»: https://www.instagram.com/p/DbWBLr9p0Xr/
Нам кажется, такой формат контента может естественно сочетаться с категорией «женская одежда».

Мы — LD Latte. Хотим предложить для обсуждения товар бренда в обмен на согласованный контент: товар из новой коллекции LD Latte. Если идея вам интересна, возможный формат — Reels или нативный обзор; детали и творческую подачу согласуем вместе.

Будем рады обсудить предложение, если оно вам подходит; никаких обязательств до согласования условий нет.

[Черновик: требуется ручная проверка и одобрение перед использованием.]",pending,,0.866667,eligible,[],"[""beauty_lifestyle_01""]",apify,2026-07-28T19:11:52.795572+00:00,deterministic_template,"clear: no Phase A username, URL, historical alias, replacement, rejected false lead, Nike, or Apple match"
instagram,kz.wildberries,https://www.instagram.com/kz.wildberries/,5783,8.0,0.0,0.13833650354487292,11,12,0.9166666666666666,0.6666666666666666,2026-07-28T12:46:55+00:00,58.87,"[{""evidence"":[{""evidence_text"":""Matched explicit term: мода"",""observation_type"":""direct"",""signal_type"":""fashion"",""source_field"":""recent_posts.caption"",""source_reference"":""3940430766826150165"",""url"":""https://www.instagram.com/p/DavOOe2sVkV/""},{""evidence_text"":""Matched explicit term: одежд"",""observation_type"":""direct"",""signal_type"":""fashion"",""source_field"":""recent_posts.caption"",""source_reference"":""3940430766826150165"",""url"":""https://www.instagram.com/p/DavOOe2sVkV/""},{""evidence_text"":""Matched explicit term: мода"",""observation_type"":""direct"",""signal_type"":""fashion"",""source_field"":""recent_posts.caption"",""source_reference"":""3938861831815270206"",""url"":""https://www.instagram.com/p/DappfeQsY8-/""},{""evidence_text"":""Matched explicit term: одежд"",""observation_type"":""direct"",""signal_type"":""fashion"",""source_field"":""recent_posts.caption"",""source_reference"":""3938861831815270206"",""url"":""https://www.instagram.com/p/DappfeQsY8-/""},{""evidence_text"":""Matched explicit term: уход"",""observation_type"":""direct"",""signal_type"":""beauty"",""source_field"":""recent_posts.caption"",""source_reference"":""3938861831815270206"",""url"":""https://www.instagram.com/p/DappfeQsY8-/""},{""evidence_text"":""Matched explicit term: дом"",""observation_type"":""direct"",""signal_type"":""lifestyle"",""source_field"":""recent_posts.caption"",""source_reference"":""3948279447382247121"",""url"":""https://www.instagram.com/p/DbLGz0PMcbR/""},{""evidence_text"":""Matched explicit term: жизн"",""observation_type"":""direct"",""signal_type"":""lifestyle"",""source_field"":""recent_posts.caption"",""source_reference"":""3941864243593398003"",""url"":""https://www.instagram.com/p/Da0UKUIMsbz/""},{""evidence_text"":""Matched explicit term: дом"",""observation_type"":""direct"",""signal_type"":""lifestyle"",""source_field"":""recent_posts.caption"",""source_reference"":""3938999744959963726"",""url"":""https://www.instagram.com/p/DaqI2X4sWJO/""},{""evidence_text"":""Matched explicit term: путеше"",""observation_type"":""direct"",""signal_type"":""lifestyle"",""source_field"":""recent_posts.caption"",""source_reference"":""3938861831815270206"",""url"":""https://www.instagram.com/p/DappfeQsY8-/""},{""evidence_text"":""Matched explicit term: дом"",""observation_type"":""direct"",""signal_type"":""lifestyle"",""source_field"":""recent_posts.caption"",""source_reference"":""3938223455416341565"",""url"":""https://www.instagram.com/p/DanYV36M9Q9/""},{""evidence_text"":""Matched explicit term: путеше"",""observation_type"":""direct"",""signal_type"":""lifestyle"",""source_field"":""recent_posts.caption"",""source_reference"":""3938223455416341565"",""url"":""https://www.instagram.com/p/DanYV36M9Q9/""},{""evidence_text"":""Matched explicit term: wildberries"",""observation_type"":""direct"",""signal_type"":""marketplace"",""source_field"":""biography"",""source_reference"":""profile"",""url"":""https://www.instagram.com/kz.wildberries/""},{""evidence_text"":""Matched explicit term: wildberries"",""observation_type"":""direct"",""signal_type"":""marketplace"",""source_field"":""recent_posts.caption"",""source_reference"":""3951225109623331818"",""url"":""https://www.instagram.com/p/DbVkk1-s9vq/""},{""evidence_text"":""Matched explicit term: wildberries"",""observation_type"":""direct"",""signal_type"":""marketplace"",""source_field"":""recent_posts.caption"",""source_reference"":""3950564028835910968"",""url"":""https://www.instagram.com/p/DbTOQ2hM1U4/""},{""evidence_text"":""Matched explicit term: wildberries"",""observation_type"":""direct"",""signal_type"":""marketplace"",""source_field"":""recent_posts.caption"",""source_reference"":""3949792854841447250"",""url"":""https://www.instagram.com/p/DbQe6yxM1NS/""},{""evidence_text"":""Matched explicit term: wildberries"",""observation_type"":""direct"",""signal_type"":""marketplace"",""source_field"":""recent_posts.caption"",""source_reference"":""3948279447382247121"",""url"":""https://www.instagram.com/p/DbLGz0PMcbR/""},{""evidence_text"":""Matched explicit term: wildberries"",""observation_type"":""direct"",""signal_type"":""marketplace"",""source_field"":""recent_posts.caption"",""source_reference"":""3946950036781041507"",""url"":""https://www.instagram.com/p/DbGYiWIjIdj/""},{""evidence_text"":""Matched explicit term: wildberries"",""observation_type"":""direct"",""signal_type"":""marketplace"",""source_field"":""recent_posts.caption"",""source_reference"":""3941864243593398003"",""url"":""https://www.instagram.com/p/Da0UKUIMsbz/""},{""evidence_text"":""Matched explicit term: wildberries"",""observation_type"":""direct"",""signal_type"":""marketplace"",""source_field"":""recent_posts.caption"",""source_reference"":""3940430766826150165"",""url"":""https://www.instagram.com/p/DavOOe2sVkV/""},{""evidence_text"":""Matched explicit term: wildberries"",""observation_type"":""direct"",""signal_type"":""marketplace"",""source_field"":""recent_posts.caption"",""source_reference"":""3939636648778463840"",""url"":""https://www.instagram.com/p/DasZqiyjPpg/""},{""evidence_text"":""Matched explicit term: wildberries"",""observation_type"":""direct"",""signal_type"":""marketplace"",""source_field"":""recent_posts.caption"",""source_reference"":""3938999744959963726"",""url"":""https://www.instagram.com/p/DaqI2X4sWJO/""},{""evidence_text"":""Matched explicit term: wildberries"",""observation_type"":""direct"",""signal_type"":""marketplace"",""source_field"":""recent_posts.caption"",""source_reference"":""3938861831815270206"",""url"":""https://www.instagram.com/p/DappfeQsY8-/""},{""evidence_text"":""Matched explicit term: wildberries"",""observation_type"":""direct"",""signal_type"":""marketplace"",""source_field"":""recent_posts.caption"",""source_reference"":""3936162631927343502"",""url"":""https://www.instagram.com/p/DagDw8eMimO/""},{""evidence_text"":""19.00/24 topical + 4.00/5 format readiness + 0.88/1 Nike/Apple format alignment."",""observation_type"":""derived"",""signal_type"":""content_and_aesthetic_fit"",""source_field"":""candidate_metrics"",""source_reference"":""kz.wildberries"",""url"":""https://www.instagram.com/kz.wildberries/""}],""explanation"":""19.00/24 topical + 4.00/5 format readiness + 0.88/1 Nike/Apple format alignment."",""max_score"":30.0,""name"":""content_and_aesthetic_fit"",""score"":23.88},{""evidence"":[{""evidence_text"":""Matched explicit term: wildberries"",""observation_type"":""direct"",""signal_type"":""marketplace"",""source_field"":""biography"",""source_reference"":""profile"",""url"":""https://www.instagram.com/kz.wildberries/""},{""evidence_text"":""Matched explicit term: wildberries"",""observation_type"":""direct"",""signal_type"":""marketplace"",""source_field"":""recent_posts.caption"",""source_reference"":""3951225109623331818"",""url"":""https://www.instagram.com/p/DbVkk1-s9vq/""},{""evidence_text"":""Matched explicit term: wildberries"",""observation_type"":""direct"",""signal_type"":""marketplace"",""source_field"":""recent_posts.caption"",""source_reference"":""3950564028835910968"",""url"":""https://www.instagram.com/p/DbTOQ2hM1U4/""},{""evidence_text"":""Matched explicit term: wildberries"",""observation_type"":""direct"",""signal_type"":""marketplace"",""source_field"":""recent_posts.caption"",""source_reference"":""3949792854841447250"",""url"":""https://www.instagram.com/p/DbQe6yxM1NS/""},{""evidence_text"":""Matched explicit term: wildberries"",""observation_type"":""direct"",""signal_type"":""marketplace"",""source_field"":""recent_posts.caption"",""source_reference"":""3948279447382247121"",""url"":""https://www.instagram.com/p/DbLGz0PMcbR/""},{""evidence_text"":""Matched explicit term: wildberries"",""observation_type"":""direct"",""signal_type"":""marketplace"",""source_field"":""recent_posts.caption"",""source_reference"":""3946950036781041507"",""url"":""https://www.instagram.com/p/DbGYiWIjIdj/""},{""evidence_text"":""Matched explicit term: wildberries"",""observation_type"":""direct"",""signal_type"":""marketplace"",""source_field"":""recent_posts.caption"",""source_reference"":""3941864243593398003"",""url"":""https://www.instagram.com/p/Da0UKUIMsbz/""},{""evidence_text"":""Matched explicit term: wildberries"",""observation_type"":""direct"",""signal_type"":""marketplace"",""source_field"":""recent_posts.caption"",""source_reference"":""3940430766826150165"",""url"":""https://www.instagram.com/p/DavOOe2sVkV/""},{""evidence_text"":""Matched explicit term: wildberries"",""observation_type"":""direct"",""signal_type"":""marketplace"",""source_field"":""recent_posts.caption"",""source_reference"":""3939636648778463840"",""url"":""https://www.instagram.com/p/DasZqiyjPpg/""},{""evidence_text"":""Matched explicit term: wildberries"",""observation_type"":""direct"",""signal_type"":""marketplace"",""source_field"":""recent_posts.caption"",""source_reference"":""3938999744959963726"",""url"":""https://www.instagram.com/p/DaqI2X4sWJO/""},{""evidence_text"":""Matched explicit term: wildberries"",""observation_type"":""direct"",""signal_type"":""marketplace"",""source_field"":""recent_posts.caption"",""source_reference"":""3938861831815270206"",""url"":""https://www.instagram.com/p/DappfeQsY8-/""},{""evidence_text"":""Matched explicit term: wildberries"",""observation_type"":""direct"",""signal_type"":""marketplace"",""source_field"":""recent_posts.caption"",""source_reference"":""3936162631927343502"",""url"":""https://www.instagram.com/p/DagDw8eMimO/""},{""evidence_text"":""Observed product-focused caption term(s): wildberries"",""observation_type"":""direct"",""signal_type"":""native_product_integration"",""source_field"":""recent_posts.caption"",""source_reference"":""3951225109623331818"",""url"":""https://www.instagram.com/p/DbVkk1-s9vq/""},{""evidence_text"":""Observed product-focused caption term(s): wildberries"",""observation_type"":""direct"",""signal_type"":""native_product_integration"",""source_field"":""recent_posts.caption"",""source_reference"":""3950564028835910968"",""url"":""https://www.instagram.com/p/DbTOQ2hM1U4/""},{""evidence_text"":""Observed product-focused caption term(s): wildberries"",""observation_type"":""direct"",""signal_type"":""native_product_integration"",""source_field"":""recent_posts.caption"",""source_reference"":""3949792854841447250"",""url"":""https://www.instagram.com/p/DbQe6yxM1NS/""},{""evidence_text"":""Observed product-focused caption term(s): wildberries"",""observation_type"":""direct"",""signal_type"":""native_product_integration"",""source_field"":""recent_posts.caption"",""source_reference"":""3948279447382247121"",""url"":""https://www.instagram.com/p/DbLGz0PMcbR/""},{""evidence_text"":""Observed product-focused caption term(s): wildberries, товар"",""observation_type"":""direct"",""signal_type"":""native_product_integration"",""source_field"":""recent_posts.caption"",""source_reference"":""3946950036781041507"",""url"":""https://www.instagram.com/p/DbGYiWIjIdj/""},{""evidence_text"":""Observed product-focused caption term(s): wildberries"",""observation_type"":""direct"",""signal_type"":""native_product_integration"",""source_field"":""recent_posts.caption"",""source_reference"":""3941864243593398003"",""url"":""https://www.instagram.com/p/Da0UKUIMsbz/""},{""evidence_text"":""Observed product-focused caption term(s): wildberries, покупк"",""observation_type"":""direct"",""signal_type"":""native_product_integration"",""source_field"":""recent_posts.caption"",""source_reference"":""3940430766826150165"",""url"":""https://www.instagram.com/p/DavOOe2sVkV/""},{""evidence_text"":""Observed product-focused caption term(s): wildberries"",""observation_type"":""direct"",""signal_type"":""native_product_integration"",""source_field"":""recent_posts.caption"",""source_reference"":""3939636648778463840"",""url"":""https://www.instagram.com/p/DasZqiyjPpg/""},{""evidence_text"":""Observed product-focused caption term(s): wildberries, товар"",""observation_type"":""direct"",""signal_type"":""native_product_integration"",""source_field"":""recent_posts.caption"",""source_reference"":""3938999744959963726"",""url"":""https://www.instagram.com/p/DaqI2X4sWJO/""},{""evidence_text"":""Observed product-focused caption term(s): wildberries"",""observation_type"":""direct"",""signal_type"":""native_product_integration"",""source_field"":""recent_posts.caption"",""source_reference"":""3938861831815270206"",""url"":""https://www.instagram.com/p/DappfeQsY8-/""},{""evidence_text"":""Observed tagged account(s): kz.wildberries"",""observation_type"":""direct"",""signal_type"":""native_product_integration"",""source_field"":""recent_posts.tagged_usernames"",""source_reference"":""3936162631927343502"",""url"":""https://www.instagram.com/p/DagDw8eMimO/""},{""evidence_text"":""Observed product-focused caption term(s): wildberries"",""observation_type"":""direct"",""signal_type"":""native_product_integration"",""source_field"":""recent_posts.caption"",""source_reference"":""3936162631927343502"",""url"":""https://www.instagram.com/p/DagDw8eMimO/""},{""evidence_text"":""UGC=False, marketplace=True, commercial/PR=False, contact=False; 11/12 posts have independently observed native-integration evidence."",""observation_type"":""derived"",""signal_type"":""native_product_integration_potential"",""source_field"":""candidate_metrics"",""source_reference"":""kz.wildberries"",""url"":""https://www.instagram.com/kz.wildberries/""}],""explanation"":""UGC=False, marketplace=True, commercial/PR=False, contact=False; 11/12 posts have independently observed native-integration evidence."",""max_score"":20.0,""name"":""native_product_integration_potential"",""score"":8.0},{""evidence"":[{""evidence_text"":""Short video share 0.667 × 15 = 10.00."",""observation_type"":""derived"",""signal_type"":""short_video_consistency"",""source_field"":""candidate_metrics"",""source_reference"":""kz.wildberries"",""url"":""https://www.instagram.com/kz.wildberries/""}],""explanation"":""Short video share 0.667 × 15 = 10.00."",""max_score"":15.0,""name"":""short_video_consistency"",""score"":10.0},{""evidence"":[{""evidence_text"":""Frozen Phase A percentile 0.072259 × 15 = 1.08 raw; × completeness 11/12 (0.916667) = 0.99 adjusted."",""observation_type"":""derived"",""signal_type"":""engagement"",""source_field"":""candidate_metrics"",""source_reference"":""kz.wildberries"",""url"":""https://www.instagram.com/kz.wildberries/""}],""explanation"":""Frozen Phase A percentile 0.072259 × 15 = 1.08 raw; × completeness 11/12 (0.916667) = 0.99 adjusted."",""max_score"":15.0,""name"":""engagement"",""score"":0.99},{""evidence"":[{""evidence_text"":""Matched explicit term: wildberries"",""observation_type"":""direct"",""signal_type"":""marketplace"",""source_field"":""biography"",""source_reference"":""profile"",""url"":""https://www.instagram.com/kz.wildberries/""},{""evidence_text"":""Matched explicit term: wildberries"",""observation_type"":""direct"",""signal_type"":""marketplace"",""source_field"":""recent_posts.caption"",""source_reference"":""3951225109623331818"",""url"":""https://www.instagram.com/p/DbVkk1-s9vq/""},{""evidence_text"":""Matched explicit term: wildberries"",""observation_type"":""direct"",""signal_type"":""marketplace"",""source_field"":""recent_posts.caption"",""source_reference"":""3950564028835910968"",""url"":""https://www.instagram.com/p/DbTOQ2hM1U4/""},{""evidence_text"":""Matched explicit term: wildberries"",""observation_type"":""direct"",""signal_type"":""marketplace"",""source_field"":""recent_posts.caption"",""source_reference"":""3949792854841447250"",""url"":""https://www.instagram.com/p/DbQe6yxM1NS/""},{""evidence_text"":""Matched explicit term: wildberries"",""observation_type"":""direct"",""signal_type"":""marketplace"",""source_field"":""recent_posts.caption"",""source_reference"":""3948279447382247121"",""url"":""https://www.instagram.com/p/DbLGz0PMcbR/""},{""evidence_text"":""Matched explicit term: wildberries"",""observation_type"":""direct"",""signal_type"":""marketplace"",""source_field"":""recent_posts.caption"",""source_reference"":""3946950036781041507"",""url"":""https://www.instagram.com/p/DbGYiWIjIdj/""},{""evidence_text"":""Matched explicit term: wildberries"",""observation_type"":""direct"",""signal_type"":""marketplace"",""source_field"":""recent_posts.caption"",""source_reference"":""3941864243593398003"",""url"":""https://www.instagram.com/p/Da0UKUIMsbz/""},{""evidence_text"":""Matched explicit term: wildberries"",""observation_type"":""direct"",""signal_type"":""marketplace"",""source_field"":""recent_posts.caption"",""source_reference"":""3940430766826150165"",""url"":""https://www.instagram.com/p/DavOOe2sVkV/""},{""evidence_text"":""Matched explicit term: wildberries"",""observation_type"":""direct"",""signal_type"":""marketplace"",""source_field"":""recent_posts.caption"",""source_reference"":""3939636648778463840"",""url"":""https://www.instagram.com/p/DasZqiyjPpg/""},{""evidence_text"":""Matched explicit term: wildberries"",""observation_type"":""direct"",""signal_type"":""marketplace"",""source_field"":""recent_posts.caption"",""source_reference"":""3938999744959963726"",""url"":""https://www.instagram.com/p/DaqI2X4sWJO/""},{""evidence_text"":""Matched explicit term: wildberries"",""observation_type"":""direct"",""signal_type"":""marketplace"",""source_field"":""recent_posts.caption"",""source_reference"":""3938861831815270206"",""url"":""https://www.instagram.com/p/DappfeQsY8-/""},{""evidence_text"":""Matched explicit term: wildberries"",""observation_type"":""direct"",""signal_type"":""marketplace"",""source_field"":""recent_posts.caption"",""source_reference"":""3936162631927343502"",""url"":""https://www.instagram.com/p/DagDw8eMimO/""},{""evidence_text"":""5.0/5 for small creator audience (1k–10k); commercial/PR=False (+2), UGC=False (+2), marketplace=True (+1)."",""observation_type"":""derived"",""signal_type"":""barter_feasibility"",""source_field"":""candidate_metrics"",""source_reference"":""kz.wildberries"",""url"":""https://www.instagram.com/kz.wildberries/""}],""explanation"":""5.0/5 for small creator audience (1k–10k); commercial/PR=False (+2), UGC=False (+2), marketplace=True (+1)."",""max_score"":10.0,""name"":""barter_feasibility"",""score"":6.0},{""evidence"":[{""evidence_text"":""6.00/6 recency + 4.00/4 posting frequency."",""observation_type"":""derived"",""signal_type"":""recent_activity"",""source_field"":""candidate_metrics"",""source_reference"":""kz.wildberries"",""url"":""https://www.instagram.com/kz.wildberries/""}],""explanation"":""6.00/6 recency + 4.00/4 posting frequency."",""max_score"":10.0,""name"":""recent_activity"",""score"":10.0}]","Rank 5 of 30 eligible candidates: score 58.87/100, discovery confidence 0.867, data completeness 0.917, engagement rate 0.138%.","[{""evidence_text"":""Matched explicit term: мода"",""observation_type"":""direct"",""signal_type"":""fashion"",""source_field"":""recent_posts.caption"",""source_reference"":""3940430766826150165"",""url"":""https://www.instagram.com/p/DavOOe2sVkV/""},{""evidence_text"":""Matched explicit term: одежд"",""observation_type"":""direct"",""signal_type"":""fashion"",""source_field"":""recent_posts.caption"",""source_reference"":""3940430766826150165"",""url"":""https://www.instagram.com/p/DavOOe2sVkV/""},{""evidence_text"":""Matched explicit term: мода"",""observation_type"":""direct"",""signal_type"":""fashion"",""source_field"":""recent_posts.caption"",""source_reference"":""3938861831815270206"",""url"":""https://www.instagram.com/p/DappfeQsY8-/""},{""evidence_text"":""Matched explicit term: одежд"",""observation_type"":""direct"",""signal_type"":""fashion"",""source_field"":""recent_posts.caption"",""source_reference"":""3938861831815270206"",""url"":""https://www.instagram.com/p/DappfeQsY8-/""},{""evidence_text"":""Matched explicit term: уход"",""observation_type"":""direct"",""signal_type"":""beauty"",""source_field"":""recent_posts.caption"",""source_reference"":""3938861831815270206"",""url"":""https://www.instagram.com/p/DappfeQsY8-/""},{""evidence_text"":""Matched explicit term: дом"",""observation_type"":""direct"",""signal_type"":""lifestyle"",""source_field"":""recent_posts.caption"",""source_reference"":""3948279447382247121"",""url"":""https://www.instagram.com/p/DbLGz0PMcbR/""},{""evidence_text"":""Matched explicit term: жизн"",""observation_type"":""direct"",""signal_type"":""lifestyle"",""source_field"":""recent_posts.caption"",""source_reference"":""3941864243593398003"",""url"":""https://www.instagram.com/p/Da0UKUIMsbz/""},{""evidence_text"":""Matched explicit term: дом"",""observation_type"":""direct"",""signal_type"":""lifestyle"",""source_field"":""recent_posts.caption"",""source_reference"":""3938999744959963726"",""url"":""https://www.instagram.com/p/DaqI2X4sWJO/""},{""evidence_text"":""Matched explicit term: путеше"",""observation_type"":""direct"",""signal_type"":""lifestyle"",""source_field"":""recent_posts.caption"",""source_reference"":""3938861831815270206"",""url"":""https://www.instagram.com/p/DappfeQsY8-/""},{""evidence_text"":""Matched explicit term: дом"",""observation_type"":""direct"",""signal_type"":""lifestyle"",""source_field"":""recent_posts.caption"",""source_reference"":""3938223455416341565"",""url"":""https://www.instagram.com/p/DanYV36M9Q9/""},{""evidence_text"":""Matched explicit term: путеше"",""observation_type"":""direct"",""signal_type"":""lifestyle"",""source_field"":""recent_posts.caption"",""source_reference"":""3938223455416341565"",""url"":""https://www.instagram.com/p/DanYV36M9Q9/""},{""evidence_text"":""Matched explicit term: wildberries"",""observation_type"":""direct"",""signal_type"":""marketplace"",""source_field"":""biography"",""source_reference"":""profile"",""url"":""https://www.instagram.com/kz.wildberries/""},{""evidence_text"":""Matched explicit term: wildberries"",""observation_type"":""direct"",""signal_type"":""marketplace"",""source_field"":""recent_posts.caption"",""source_reference"":""3951225109623331818"",""url"":""https://www.instagram.com/p/DbVkk1-s9vq/""},{""evidence_text"":""Matched explicit term: wildberries"",""observation_type"":""direct"",""signal_type"":""marketplace"",""source_field"":""recent_posts.caption"",""source_reference"":""3950564028835910968"",""url"":""https://www.instagram.com/p/DbTOQ2hM1U4/""},{""evidence_text"":""Matched explicit term: wildberries"",""observation_type"":""direct"",""signal_type"":""marketplace"",""source_field"":""recent_posts.caption"",""source_reference"":""3949792854841447250"",""url"":""https://www.instagram.com/p/DbQe6yxM1NS/""},{""evidence_text"":""Matched explicit term: wildberries"",""observation_type"":""direct"",""signal_type"":""marketplace"",""source_field"":""recent_posts.caption"",""source_reference"":""3948279447382247121"",""url"":""https://www.instagram.com/p/DbLGz0PMcbR/""},{""evidence_text"":""Matched explicit term: wildberries"",""observation_type"":""direct"",""signal_type"":""marketplace"",""source_field"":""recent_posts.caption"",""source_reference"":""3946950036781041507"",""url"":""https://www.instagram.com/p/DbGYiWIjIdj/""},{""evidence_text"":""Matched explicit term: wildberries"",""observation_type"":""direct"",""signal_type"":""marketplace"",""source_field"":""recent_posts.caption"",""source_reference"":""3941864243593398003"",""url"":""https://www.instagram.com/p/Da0UKUIMsbz/""},{""evidence_text"":""Matched explicit term: wildberries"",""observation_type"":""direct"",""signal_type"":""marketplace"",""source_field"":""recent_posts.caption"",""source_reference"":""3940430766826150165"",""url"":""https://www.instagram.com/p/DavOOe2sVkV/""},{""evidence_text"":""Matched explicit term: wildberries"",""observation_type"":""direct"",""signal_type"":""marketplace"",""source_field"":""recent_posts.caption"",""source_reference"":""3939636648778463840"",""url"":""https://www.instagram.com/p/DasZqiyjPpg/""},{""evidence_text"":""Matched explicit term: wildberries"",""observation_type"":""direct"",""signal_type"":""marketplace"",""source_field"":""recent_posts.caption"",""source_reference"":""3938999744959963726"",""url"":""https://www.instagram.com/p/DaqI2X4sWJO/""},{""evidence_text"":""Matched explicit term: wildberries"",""observation_type"":""direct"",""signal_type"":""marketplace"",""source_field"":""recent_posts.caption"",""source_reference"":""3938861831815270206"",""url"":""https://www.instagram.com/p/DappfeQsY8-/""},{""evidence_text"":""Matched explicit term: wildberries"",""observation_type"":""direct"",""signal_type"":""marketplace"",""source_field"":""recent_posts.caption"",""source_reference"":""3936162631927343502"",""url"":""https://www.instagram.com/p/DagDw8eMimO/""},{""evidence_text"":""Observed product-focused caption term(s): wildberries"",""observation_type"":""direct"",""signal_type"":""native_product_integration"",""source_field"":""recent_posts.caption"",""source_reference"":""3951225109623331818"",""url"":""https://www.instagram.com/p/DbVkk1-s9vq/""},{""evidence_text"":""Observed product-focused caption term(s): wildberries"",""observation_type"":""direct"",""signal_type"":""native_product_integration"",""source_field"":""recent_posts.caption"",""source_reference"":""3950564028835910968"",""url"":""https://www.instagram.com/p/DbTOQ2hM1U4/""},{""evidence_text"":""Observed product-focused caption term(s): wildberries"",""observation_type"":""direct"",""signal_type"":""native_product_integration"",""source_field"":""recent_posts.caption"",""source_reference"":""3949792854841447250"",""url"":""https://www.instagram.com/p/DbQe6yxM1NS/""},{""evidence_text"":""Observed product-focused caption term(s): wildberries"",""observation_type"":""direct"",""signal_type"":""native_product_integration"",""source_field"":""recent_posts.caption"",""source_reference"":""3948279447382247121"",""url"":""https://www.instagram.com/p/DbLGz0PMcbR/""},{""evidence_text"":""Observed product-focused caption term(s): wildberries, товар"",""observation_type"":""direct"",""signal_type"":""native_product_integration"",""source_field"":""recent_posts.caption"",""source_reference"":""3946950036781041507"",""url"":""https://www.instagram.com/p/DbGYiWIjIdj/""},{""evidence_text"":""Observed product-focused caption term(s): wildberries"",""observation_type"":""direct"",""signal_type"":""native_product_integration"",""source_field"":""recent_posts.caption"",""source_reference"":""3941864243593398003"",""url"":""https://www.instagram.com/p/Da0UKUIMsbz/""},{""evidence_text"":""Observed product-focused caption term(s): wildberries, покупк"",""observation_type"":""direct"",""signal_type"":""native_product_integration"",""source_field"":""recent_posts.caption"",""source_reference"":""3940430766826150165"",""url"":""https://www.instagram.com/p/DavOOe2sVkV/""},{""evidence_text"":""Observed product-focused caption term(s): wildberries"",""observation_type"":""direct"",""signal_type"":""native_product_integration"",""source_field"":""recent_posts.caption"",""source_reference"":""3939636648778463840"",""url"":""https://www.instagram.com/p/DasZqiyjPpg/""},{""evidence_text"":""Observed product-focused caption term(s): wildberries, товар"",""observation_type"":""direct"",""signal_type"":""native_product_integration"",""source_field"":""recent_posts.caption"",""source_reference"":""3938999744959963726"",""url"":""https://www.instagram.com/p/DaqI2X4sWJO/""},{""evidence_text"":""Observed product-focused caption term(s): wildberries"",""observation_type"":""direct"",""signal_type"":""native_product_integration"",""source_field"":""recent_posts.caption"",""source_reference"":""3938861831815270206"",""url"":""https://www.instagram.com/p/DappfeQsY8-/""},{""evidence_text"":""Observed tagged account(s): kz.wildberries"",""observation_type"":""direct"",""signal_type"":""native_product_integration"",""source_field"":""recent_posts.tagged_usernames"",""source_reference"":""3936162631927343502"",""url"":""https://www.instagram.com/p/DagDw8eMimO/""},{""evidence_text"":""Observed product-focused caption term(s): wildberries"",""observation_type"":""direct"",""signal_type"":""native_product_integration"",""source_field"":""recent_posts.caption"",""source_reference"":""3936162631927343502"",""url"":""https://www.instagram.com/p/DagDw8eMimO/""},{""evidence_text"":""0.40×provider identity (1.000) + 0.20×multi-query support (0.333; 1 distinct queries, full credit at 3) + 0.20×profile/post link verification (1.000) + 0.20×query relevance (1.000; 5 directly evidenced target dimensions) = 0.867."",""observation_type"":""derived"",""signal_type"":""discovery_confidence"",""source_field"":""provider_and_discovery"",""source_reference"":""kz.wildberries"",""url"":""https://www.instagram.com/kz.wildberries/""},{""evidence_text"":""Caption-derived topic excerpt used: Жағымды күн тыныштықтан, хош иісті бір кесе кофеден және қасыңыздағы сүйікті үй жануарыңыздан басталады! Кофе…"",""observation_type"":""direct"",""signal_type"":""offer_personalization"",""source_field"":""recent_posts.caption"",""source_reference"":""3951225109623331818"",""url"":""https://www.instagram.com/p/DbVkk1-s9vq/""},{""evidence_text"":""Observed username used in greeting: @kz.wildberries"",""observation_type"":""direct"",""signal_type"":""offer_greeting"",""source_field"":""full_name"",""source_reference"":""profile"",""url"":""https://www.instagram.com/kz.wildberries/""}]",https://www.instagram.com/p/DbVkk1-s9vq/,"Здравствуйте, @kz.wildberries!

Увидели вашу недавнюю публикацию «Жағымды күн тыныштықтан, хош иісті бір кесе кофеден және қасыңыздағы сүйікті үй жануарыңыздан басталады! Кофе…»: https://www.instagram.com/p/DbVkk1-s9vq/
Нам кажется, такой формат контента может естественно сочетаться с категорией «женская одежда».

Мы — LD Latte. Хотим предложить для обсуждения товар бренда в обмен на согласованный контент: товар из новой коллекции LD Latte. Если идея вам интересна, возможный формат — Reels или нативный обзор; детали и творческую подачу согласуем вместе.

Будем рады обсудить предложение, если оно вам подходит; никаких обязательств до согласования условий нет.

[Черновик: требуется ручная проверка и одобрение перед использованием.]",pending,,0.866667,eligible,[],"[""marketplace_reviews_01""]",apify,2026-07-28T19:11:52.795572+00:00,deterministic_template,"clear: no Phase A username, URL, historical alias, replacement, rejected false lead, Nike, or Apple match"
instagram,ugc_creator_sayani,https://www.instagram.com/ugc_creator_sayani/,46219,20.5,3.0,0.05192669681299898,12,12,1.0,1.0,2026-07-28T15:34:06+00:00,55.11,"[{""evidence"":[{""evidence_text"":""Matched explicit term: fashion"",""observation_type"":""direct"",""signal_type"":""fashion"",""source_field"":""biography"",""source_reference"":""profile"",""url"":""https://www.instagram.com/ugc_creator_sayani/""},{""evidence_text"":""Matched explicit term: beauty"",""observation_type"":""direct"",""signal_type"":""beauty"",""source_field"":""biography"",""source_reference"":""profile"",""url"":""https://www.instagram.com/ugc_creator_sayani/""},{""evidence_text"":""Matched explicit term: skin"",""observation_type"":""direct"",""signal_type"":""beauty"",""source_field"":""biography"",""source_reference"":""profile"",""url"":""https://www.instagram.com/ugc_creator_sayani/""},{""evidence_text"":""12.00/24 topical + 4.00/5 format readiness + 0.54/1 Nike/Apple format alignment."",""observation_type"":""derived"",""signal_type"":""content_and_aesthetic_fit"",""source_field"":""candidate_metrics"",""source_reference"":""ugc_creator_sayani"",""url"":""https://www.instagram.com/ugc_creator_sayani/""}],""explanation"":""12.00/24 topical + 4.00/5 format readiness + 0.54/1 Nike/Apple format alignment."",""max_score"":30.0,""name"":""content_and_aesthetic_fit"",""score"":16.54},{""evidence"":[{""evidence_text"":""Matched explicit term: collab"",""observation_type"":""direct"",""signal_type"":""commercial_pr"",""source_field"":""biography"",""source_reference"":""profile"",""url"":""https://www.instagram.com/ugc_creator_sayani/""},{""evidence_text"":""Matched explicit term: barter"",""observation_type"":""direct"",""signal_type"":""commercial_pr"",""source_field"":""biography"",""source_reference"":""profile"",""url"":""https://www.instagram.com/ugc_creator_sayani/""},{""evidence_text"":""Observed email address: roysayani003@gmail.com"",""observation_type"":""direct"",""signal_type"":""contact"",""source_field"":""biography"",""source_reference"":""profile"",""url"":""https://www.instagram.com/ugc_creator_sayani/""},{""evidence_text"":""Observed tagged account(s): fansy_diva_rajanaa"",""observation_type"":""direct"",""signal_type"":""native_product_integration"",""source_field"":""recent_posts.tagged_usernames"",""source_reference"":""3951309343756769619"",""url"":""https://www.instagram.com/p/DbV3unITdlT/""},{""evidence_text"":""Observed tagged account(s): fansy_diva_rajanaa"",""observation_type"":""direct"",""signal_type"":""native_product_integration"",""source_field"":""recent_posts.tagged_usernames"",""source_reference"":""3950557026254169200"",""url"":""https://www.instagram.com/p/DbTMq82zaRw/""},{""evidence_text"":""UGC=False, marketplace=False, commercial/PR=True, contact=True; 2/12 posts have independently observed native-integration evidence."",""observation_type"":""derived"",""signal_type"":""native_product_integration_potential"",""source_field"":""candidate_metrics"",""source_reference"":""ugc_creator_sayani"",""url"":""https://www.instagram.com/ugc_creator_sayani/""}],""explanation"":""UGC=False, marketplace=False, commercial/PR=True, contact=True; 2/12 posts have independently observed native-integration evidence."",""max_score"":20.0,""name"":""native_product_integration_potential"",""score"":7.33},{""evidence"":[{""evidence_text"":""Short video share 1.000 × 15 = 15.00."",""observation_type"":""derived"",""signal_type"":""short_video_consistency"",""source_field"":""candidate_metrics"",""source_reference"":""ugc_creator_sayani"",""url"":""https://www.instagram.com/ugc_creator_sayani/""}],""explanation"":""Short video share 1.000 × 15 = 15.00."",""max_score"":15.0,""name"":""short_video_consistency"",""score"":15.0},{""evidence"":[{""evidence_text"":""Frozen Phase A percentile 0.015948 × 15 = 0.24 raw; × completeness 12/12 (1.000000) = 0.24 adjusted."",""observation_type"":""derived"",""signal_type"":""engagement"",""source_field"":""candidate_metrics"",""source_reference"":""ugc_creator_sayani"",""url"":""https://www.instagram.com/ugc_creator_sayani/""}],""explanation"":""Frozen Phase A percentile 0.015948 × 15 = 0.24 raw; × completeness 12/12 (1.000000) = 0.24 adjusted."",""max_score"":15.0,""name"":""engagement"",""score"":0.24},{""evidence"":[{""evidence_text"":""Matched explicit term: collab"",""observation_type"":""direct"",""signal_type"":""commercial_pr"",""source_field"":""biography"",""source_reference"":""profile"",""url"":""https://www.instagram.com/ugc_creator_sayani/""},{""evidence_text"":""Matched explicit term: barter"",""observation_type"":""direct"",""signal_type"":""commercial_pr"",""source_field"":""biography"",""source_reference"":""profile"",""url"":""https://www.instagram.com/ugc_creator_sayani/""},{""evidence_text"":""4.0/5 for micro creator audience (10k–50k); commercial/PR=True (+2), UGC=False (+2), marketplace=False (+1)."",""observation_type"":""derived"",""signal_type"":""barter_feasibility"",""source_field"":""candidate_metrics"",""source_reference"":""ugc_creator_sayani"",""url"":""https://www.instagram.com/ugc_creator_sayani/""}],""explanation"":""4.0/5 for micro creator audience (10k–50k); commercial/PR=True (+2), UGC=False (+2), marketplace=False (+1)."",""max_score"":10.0,""name"":""barter_feasibility"",""score"":6.0},{""evidence"":[{""evidence_text"":""6.00/6 recency + 4.00/4 posting frequency."",""observation_type"":""derived"",""signal_type"":""recent_activity"",""source_field"":""candidate_metrics"",""source_reference"":""ugc_creator_sayani"",""url"":""https://www.instagram.com/ugc_creator_sayani/""}],""explanation"":""6.00/6 recency + 4.00/4 posting frequency."",""max_score"":10.0,""name"":""recent_activity"",""score"":10.0}]","Rank 6 of 30 eligible candidates: score 55.11/100, discovery confidence 0.867, data completeness 1.000, engagement rate 0.052%.","[{""evidence_text"":""Matched explicit term: collab"",""observation_type"":""direct"",""signal_type"":""commercial_pr"",""source_field"":""biography"",""source_reference"":""profile"",""url"":""https://www.instagram.com/ugc_creator_sayani/""},{""evidence_text"":""Matched explicit term: barter"",""observation_type"":""direct"",""signal_type"":""commercial_pr"",""source_field"":""biography"",""source_reference"":""profile"",""url"":""https://www.instagram.com/ugc_creator_sayani/""},{""evidence_text"":""Observed email address: roysayani003@gmail.com"",""observation_type"":""direct"",""signal_type"":""contact"",""source_field"":""biography"",""source_reference"":""profile"",""url"":""https://www.instagram.com/ugc_creator_sayani/""},{""evidence_text"":""Matched explicit term: fashion"",""observation_type"":""direct"",""signal_type"":""fashion"",""source_field"":""biography"",""source_reference"":""profile"",""url"":""https://www.instagram.com/ugc_creator_sayani/""},{""evidence_text"":""Matched explicit term: beauty"",""observation_type"":""direct"",""signal_type"":""beauty"",""source_field"":""biography"",""source_reference"":""profile"",""url"":""https://www.instagram.com/ugc_creator_sayani/""},{""evidence_text"":""Matched explicit term: skin"",""observation_type"":""direct"",""signal_type"":""beauty"",""source_field"":""biography"",""source_reference"":""profile"",""url"":""https://www.instagram.com/ugc_creator_sayani/""},{""evidence_text"":""Observed tagged account(s): fansy_diva_rajanaa"",""observation_type"":""direct"",""signal_type"":""native_product_integration"",""source_field"":""recent_posts.tagged_usernames"",""source_reference"":""3951309343756769619"",""url"":""https://www.instagram.com/p/DbV3unITdlT/""},{""evidence_text"":""Observed tagged account(s): fansy_diva_rajanaa"",""observation_type"":""direct"",""signal_type"":""native_product_integration"",""source_field"":""recent_posts.tagged_usernames"",""source_reference"":""3950557026254169200"",""url"":""https://www.instagram.com/p/DbTMq82zaRw/""},{""evidence_text"":""0.40×provider identity (1.000) + 0.20×multi-query support (0.333; 1 distinct queries, full credit at 3) + 0.20×profile/post link verification (1.000) + 0.20×query relevance (1.000; 3 directly evidenced target dimensions) = 0.867."",""observation_type"":""derived"",""signal_type"":""discovery_confidence"",""source_field"":""provider_and_discovery"",""source_reference"":""ugc_creator_sayani"",""url"":""https://www.instagram.com/ugc_creator_sayani/""},{""evidence_text"":""Caption-derived topic excerpt used: Comfort ❤️❤️ #reels #explore #trendingreels #trending #reelsvideo"",""observation_type"":""direct"",""signal_type"":""offer_personalization"",""source_field"":""recent_posts.caption"",""source_reference"":""3951309343756769619"",""url"":""https://www.instagram.com/p/DbV3unITdlT/""},{""evidence_text"":""Observed profile name used in greeting: Sayani Roy"",""observation_type"":""direct"",""signal_type"":""offer_greeting"",""source_field"":""full_name"",""source_reference"":""profile"",""url"":""https://www.instagram.com/ugc_creator_sayani/""}]",https://www.instagram.com/p/DbV3unITdlT/,"Здравствуйте, Sayani Roy!

Увидели вашу недавнюю публикацию «Comfort ❤️❤️ #reels #explore #trendingreels #trending #reelsvideo»: https://www.instagram.com/p/DbV3unITdlT/
Нам кажется, такой формат контента может естественно сочетаться с категорией «женская одежда».

Мы — LD Latte. Хотим предложить для обсуждения товар бренда в обмен на согласованный контент: товар из новой коллекции LD Latte. Если идея вам интересна, возможный формат — Reels или нативный обзор; детали и творческую подачу согласуем вместе.

Будем рады обсудить предложение, если оно вам подходит; никаких обязательств до согласования условий нет.

[Черновик: требуется ручная проверка и одобрение перед использованием.]",pending,,0.866667,eligible,[],"[""ugc_creator_01""]",apify,2026-07-28T19:11:52.795572+00:00,deterministic_template,"clear: no Phase A username, URL, historical alias, replacement, rejected false lead, Nike, or Apple match"
instagram,dish_wildberries,https://www.instagram.com/dish_wildberries/,47,5.0,1.0,12.76595744680851,12,12,1.0,1.0,2026-06-28T17:46:09+00:00,54.89,"[{""evidence"":[{""evidence_text"":""Matched explicit term: wb"",""observation_type"":""direct"",""signal_type"":""marketplace"",""source_field"":""full_name"",""source_reference"":""profile"",""url"":""https://www.instagram.com/dish_wildberries/""},{""evidence_text"":""Matched explicit term: распаков"",""observation_type"":""direct"",""signal_type"":""marketplace"",""source_field"":""full_name"",""source_reference"":""profile"",""url"":""https://www.instagram.com/dish_wildberries/""},{""evidence_text"":""Matched explicit term: обзор"",""observation_type"":""direct"",""signal_type"":""marketplace"",""source_field"":""full_name"",""source_reference"":""profile"",""url"":""https://www.instagram.com/dish_wildberries/""},{""evidence_text"":""Matched explicit term: находк"",""observation_type"":""direct"",""signal_type"":""marketplace"",""source_field"":""full_name"",""source_reference"":""profile"",""url"":""https://www.instagram.com/dish_wildberries/""},{""evidence_text"":""Matched explicit term: wildberries"",""observation_type"":""direct"",""signal_type"":""marketplace"",""source_field"":""recent_posts.caption"",""source_reference"":""3929631878239319838"",""url"":""https://www.instagram.com/p/DaI21-IgXce/""},{""evidence_text"":""Matched explicit term: wb"",""observation_type"":""direct"",""signal_type"":""marketplace"",""source_field"":""recent_posts.caption"",""source_reference"":""3929631878239319838"",""url"":""https://www.instagram.com/p/DaI21-IgXce/""},{""evidence_text"":""Matched explicit term: wildberries"",""observation_type"":""direct"",""signal_type"":""marketplace"",""source_field"":""recent_posts.hashtags"",""source_reference"":""3929631878239319838"",""url"":""https://www.instagram.com/p/DaI21-IgXce/""},{""evidence_text"":""Matched explicit term: wb"",""observation_type"":""direct"",""signal_type"":""marketplace"",""source_field"":""recent_posts.hashtags"",""source_reference"":""3929631878239319838"",""url"":""https://www.instagram.com/p/DaI21-IgXce/""},{""evidence_text"":""Matched explicit term: wildberries"",""observation_type"":""direct"",""signal_type"":""marketplace"",""source_field"":""recent_posts.caption"",""source_reference"":""3928781237485020677"",""url"":""https://www.instagram.com/p/DaF1bhMg6YF/""},{""evidence_text"":""Matched explicit term: wb"",""observation_type"":""direct"",""signal_type"":""marketplace"",""source_field"":""recent_posts.caption"",""source_reference"":""3928781237485020677"",""url"":""https://www.instagram.com/p/DaF1bhMg6YF/""},{""evidence_text"":""Matched explicit term: wildberries"",""observation_type"":""direct"",""signal_type"":""marketplace"",""source_field"":""recent_posts.hashtags"",""source_reference"":""3928781237485020677"",""url"":""https://www.instagram.com/p/DaF1bhMg6YF/""},{""evidence_text"":""Matched explicit term: wb"",""observation_type"":""direct"",""signal_type"":""marketplace"",""source_field"":""recent_posts.hashtags"",""source_reference"":""3928781237485020677"",""url"":""https://www.instagram.com/p/DaF1bhMg6YF/""},{""evidence_text"":""Matched explicit term: wildberries"",""observation_type"":""direct"",""signal_type"":""marketplace"",""source_field"":""recent_posts.caption"",""source_reference"":""3927943877348150842"",""url"":""https://www.instagram.com/p/DaC3CUzAc46/""},{""evidence_text"":""Matched explicit term: wb"",""observation_type"":""direct"",""signal_type"":""marketplace"",""source_field"":""recent_posts.caption"",""source_reference"":""3927943877348150842"",""url"":""https://www.instagram.com/p/DaC3CUzAc46/""},{""evidence_text"":""Matched explicit term: wildberries"",""observation_type"":""direct"",""signal_type"":""marketplace"",""source_field"":""recent_posts.hashtags"",""source_reference"":""3927943877348150842"",""url"":""https://www.instagram.com/p/DaC3CUzAc46/""},{""evidence_text"":""Matched explicit term: wb"",""observation_type"":""direct"",""signal_type"":""marketplace"",""source_field"":""recent_posts.hashtags"",""source_reference"":""3927943877348150842"",""url"":""https://www.instagram.com/p/DaC3CUzAc46/""},{""evidence_text"":""Matched explicit term: wildberries"",""observation_type"":""direct"",""signal_type"":""marketplace"",""source_field"":""recent_posts.caption"",""source_reference"":""3927317648802816324"",""url"":""https://www.instagram.com/p/DaAopgBA6FE/""},{""evidence_text"":""Matched explicit term: wb"",""observation_type"":""direct"",""signal_type"":""marketplace"",""source_field"":""recent_posts.caption"",""source_reference"":""3927317648802816324"",""url"":""https://www.instagram.com/p/DaAopgBA6FE/""},{""evidence_text"":""Matched explicit term: wildberries"",""observation_type"":""direct"",""signal_type"":""marketplace"",""source_field"":""recent_posts.hashtags"",""source_reference"":""3927317648802816324"",""url"":""https://www.instagram.com/p/DaAopgBA6FE/""},{""evidence_text"":""Matched explicit term: wb"",""observation_type"":""direct"",""signal_type"":""marketplace"",""source_field"":""recent_posts.hashtags"",""source_reference"":""3927317648802816324"",""url"":""https://www.instagram.com/p/DaAopgBA6FE/""},{""evidence_text"":""Matched explicit term: wildberries"",""observation_type"":""direct"",""signal_type"":""marketplace"",""source_field"":""recent_posts.caption"",""source_reference"":""3926584305391792237"",""url"":""https://www.instagram.com/p/DZ-B58vgHBt/""},{""evidence_text"":""Matched explicit term: wb"",""observation_type"":""direct"",""signal_type"":""marketplace"",""source_field"":""recent_posts.caption"",""source_reference"":""3926584305391792237"",""url"":""https://www.instagram.com/p/DZ-B58vgHBt/""},{""evidence_text"":""Matched explicit term: wildberries"",""observation_type"":""direct"",""signal_type"":""marketplace"",""source_field"":""recent_posts.hashtags"",""source_reference"":""3926584305391792237"",""url"":""https://www.instagram.com/p/DZ-B58vgHBt/""},{""evidence_text"":""Matched explicit term: wb"",""observation_type"":""direct"",""signal_type"":""marketplace"",""source_field"":""recent_posts.hashtags"",""source_reference"":""3926584305391792237"",""url"":""https://www.instagram.com/p/DZ-B58vgHBt/""},{""evidence_text"":""Matched explicit term: wildberries"",""observation_type"":""direct"",""signal_type"":""marketplace"",""source_field"":""recent_posts.caption"",""source_reference"":""3925242289860951155"",""url"":""https://www.instagram.com/p/DZ5QxDYgLxz/""},{""evidence_text"":""Matched explicit term: wb"",""observation_type"":""direct"",""signal_type"":""marketplace"",""source_field"":""recent_posts.caption"",""source_reference"":""3925242289860951155"",""url"":""https://www.instagram.com/p/DZ5QxDYgLxz/""},{""evidence_text"":""Matched explicit term: wildberries"",""observation_type"":""direct"",""signal_type"":""marketplace"",""source_field"":""recent_posts.hashtags"",""source_reference"":""3925242289860951155"",""url"":""https://www.instagram.com/p/DZ5QxDYgLxz/""},{""evidence_text"":""Matched explicit term: wb"",""observation_type"":""direct"",""signal_type"":""marketplace"",""source_field"":""recent_posts.hashtags"",""source_reference"":""3925242289860951155"",""url"":""https://www.instagram.com/p/DZ5QxDYgLxz/""},{""evidence_text"":""Matched explicit term: wildberries"",""observation_type"":""direct"",""signal_type"":""marketplace"",""source_field"":""recent_posts.caption"",""source_reference"":""3923787944505381360"",""url"":""https://www.instagram.com/p/DZ0GFiuNBHw/""},{""evidence_text"":""Matched explicit term: wb"",""observation_type"":""direct"",""signal_type"":""marketplace"",""source_field"":""recent_posts.caption"",""source_reference"":""3923787944505381360"",""url"":""https://www.instagram.com/p/DZ0GFiuNBHw/""},{""evidence_text"":""Matched explicit term: wildberries"",""observation_type"":""direct"",""signal_type"":""marketplace"",""source_field"":""recent_posts.hashtags"",""source_reference"":""3923787944505381360"",""url"":""https://www.instagram.com/p/DZ0GFiuNBHw/""},{""evidence_text"":""Matched explicit term: wb"",""observation_type"":""direct"",""signal_type"":""marketplace"",""source_field"":""recent_posts.hashtags"",""source_reference"":""3923787944505381360"",""url"":""https://www.instagram.com/p/DZ0GFiuNBHw/""},{""evidence_text"":""Matched explicit term: wildberries"",""observation_type"":""direct"",""signal_type"":""marketplace"",""source_field"":""recent_posts.caption"",""source_reference"":""3922301452658511922"",""url"":""https://www.instagram.com/p/DZu0GPTtZAy/""},{""evidence_text"":""Matched explicit term: wb"",""observation_type"":""direct"",""signal_type"":""marketplace"",""source_field"":""recent_posts.caption"",""source_reference"":""3922301452658511922"",""url"":""https://www.instagram.com/p/DZu0GPTtZAy/""},{""evidence_text"":""Matched explicit term: wildberries"",""observation_type"":""direct"",""signal_type"":""marketplace"",""source_field"":""recent_posts.hashtags"",""source_reference"":""3922301452658511922"",""url"":""https://www.instagram.com/p/DZu0GPTtZAy/""},{""evidence_text"":""Matched explicit term: wb"",""observation_type"":""direct"",""signal_type"":""marketplace"",""source_field"":""recent_posts.hashtags"",""source_reference"":""3922301452658511922"",""url"":""https://www.instagram.com/p/DZu0GPTtZAy/""},{""evidence_text"":""Matched explicit term: wildberries"",""observation_type"":""direct"",""signal_type"":""marketplace"",""source_field"":""recent_posts.caption"",""source_reference"":""3921589877891872726"",""url"":""https://www.instagram.com/p/DZsSTdqgzfW/""},{""evidence_text"":""Matched explicit term: wb"",""observation_type"":""direct"",""signal_type"":""marketplace"",""source_field"":""recent_posts.caption"",""source_reference"":""3921589877891872726"",""url"":""https://www.instagram.com/p/DZsSTdqgzfW/""},{""evidence_text"":""Matched explicit term: wildberries"",""observation_type"":""direct"",""signal_type"":""marketplace"",""source_field"":""recent_posts.hashtags"",""source_reference"":""3921589877891872726"",""url"":""https://www.instagram.com/p/DZsSTdqgzfW/""},{""evidence_text"":""Matched explicit term: wb"",""observation_type"":""direct"",""signal_type"":""marketplace"",""source_field"":""recent_posts.hashtags"",""source_reference"":""3921589877891872726"",""url"":""https://www.instagram.com/p/DZsSTdqgzfW/""},{""evidence_text"":""Matched explicit term: wildberries"",""observation_type"":""direct"",""signal_type"":""marketplace"",""source_field"":""recent_posts.caption"",""source_reference"":""3920885854254751383"",""url"":""https://www.instagram.com/p/DZpyOkjtV6X/""},{""evidence_text"":""Matched explicit term: wb"",""observation_type"":""direct"",""signal_type"":""marketplace"",""source_field"":""recent_posts.caption"",""source_reference"":""3920885854254751383"",""url"":""https://www.instagram.com/p/DZpyOkjtV6X/""},{""evidence_text"":""Matched explicit term: wildberries"",""observation_type"":""direct"",""signal_type"":""marketplace"",""source_field"":""recent_posts.hashtags"",""source_reference"":""3920885854254751383"",""url"":""https://www.instagram.com/p/DZpyOkjtV6X/""},{""evidence_text"":""Matched explicit term: wb"",""observation_type"":""direct"",""signal_type"":""marketplace"",""source_field"":""recent_posts.hashtags"",""source_reference"":""3920885854254751383"",""url"":""https://www.instagram.com/p/DZpyOkjtV6X/""},{""evidence_text"":""3.00/24 topical + 4.00/5 format readiness + 0.54/1 Nike/Apple format alignment."",""observation_type"":""derived"",""signal_type"":""content_and_aesthetic_fit"",""source_field"":""candidate_metrics"",""source_reference"":""dish_wildberries"",""url"":""https://www.instagram.com/dish_wildberries/""}],""explanation"":""3.00/24 topical + 4.00/5 format readiness + 0.54/1 Nike/Apple format alignment."",""max_score"":30.0,""name"":""content_and_aesthetic_fit"",""score"":7.54},{""evidence"":[{""evidence_text"":""Matched explicit term: wb"",""observation_type"":""direct"",""signal_type"":""marketplace"",""source_field"":""full_name"",""source_reference"":""profile"",""url"":""https://www.instagram.com/dish_wildberries/""},{""evidence_text"":""Matched explicit term: распаков"",""observation_type"":""direct"",""signal_type"":""marketplace"",""source_field"":""full_name"",""source_reference"":""profile"",""url"":""https://www.instagram.com/dish_wildberries/""},{""evidence_text"":""Matched explicit term: обзор"",""observation_type"":""direct"",""signal_type"":""marketplace"",""source_field"":""full_name"",""source_reference"":""profile"",""url"":""https://www.instagram.com/dish_wildberries/""},{""evidence_text"":""Matched explicit term: находк"",""observation_type"":""direct"",""signal_type"":""marketplace"",""source_field"":""full_name"",""source_reference"":""profile"",""url"":""https://www.instagram.com/dish_wildberries/""},{""evidence_text"":""Matched explicit term: wildberries"",""observation_type"":""direct"",""signal_type"":""marketplace"",""source_field"":""recent_posts.caption"",""source_reference"":""3929631878239319838"",""url"":""https://www.instagram.com/p/DaI21-IgXce/""},{""evidence_text"":""Matched explicit term: wb"",""observation_type"":""direct"",""signal_type"":""marketplace"",""source_field"":""recent_posts.caption"",""source_reference"":""3929631878239319838"",""url"":""https://www.instagram.com/p/DaI21-IgXce/""},{""evidence_text"":""Matched explicit term: wildberries"",""observation_type"":""direct"",""signal_type"":""marketplace"",""source_field"":""recent_posts.hashtags"",""source_reference"":""3929631878239319838"",""url"":""https://www.instagram.com/p/DaI21-IgXce/""},{""evidence_text"":""Matched explicit term: wb"",""observation_type"":""direct"",""signal_type"":""marketplace"",""source_field"":""recent_posts.hashtags"",""source_reference"":""3929631878239319838"",""url"":""https://www.instagram.com/p/DaI21-IgXce/""},{""evidence_text"":""Matched explicit term: wildberries"",""observation_type"":""direct"",""signal_type"":""marketplace"",""source_field"":""recent_posts.caption"",""source_reference"":""3928781237485020677"",""url"":""https://www.instagram.com/p/DaF1bhMg6YF/""},{""evidence_text"":""Matched explicit term: wb"",""observation_type"":""direct"",""signal_type"":""marketplace"",""source_field"":""recent_posts.caption"",""source_reference"":""3928781237485020677"",""url"":""https://www.instagram.com/p/DaF1bhMg6YF/""},{""evidence_text"":""Matched explicit term: wildberries"",""observation_type"":""direct"",""signal_type"":""marketplace"",""source_field"":""recent_posts.hashtags"",""source_reference"":""3928781237485020677"",""url"":""https://www.instagram.com/p/DaF1bhMg6YF/""},{""evidence_text"":""Matched explicit term: wb"",""observation_type"":""direct"",""signal_type"":""marketplace"",""source_field"":""recent_posts.hashtags"",""source_reference"":""3928781237485020677"",""url"":""https://www.instagram.com/p/DaF1bhMg6YF/""},{""evidence_text"":""Matched explicit term: wildberries"",""observation_type"":""direct"",""signal_type"":""marketplace"",""source_field"":""recent_posts.caption"",""source_reference"":""3927943877348150842"",""url"":""https://www.instagram.com/p/DaC3CUzAc46/""},{""evidence_text"":""Matched explicit term: wb"",""observation_type"":""direct"",""signal_type"":""marketplace"",""source_field"":""recent_posts.caption"",""source_reference"":""3927943877348150842"",""url"":""https://www.instagram.com/p/DaC3CUzAc46/""},{""evidence_text"":""Matched explicit term: wildberries"",""observation_type"":""direct"",""signal_type"":""marketplace"",""source_field"":""recent_posts.hashtags"",""source_reference"":""3927943877348150842"",""url"":""https://www.instagram.com/p/DaC3CUzAc46/""},{""evidence_text"":""Matched explicit term: wb"",""observation_type"":""direct"",""signal_type"":""marketplace"",""source_field"":""recent_posts.hashtags"",""source_reference"":""3927943877348150842"",""url"":""https://www.instagram.com/p/DaC3CUzAc46/""},{""evidence_text"":""Matched explicit term: wildberries"",""observation_type"":""direct"",""signal_type"":""marketplace"",""source_field"":""recent_posts.caption"",""source_reference"":""3927317648802816324"",""url"":""https://www.instagram.com/p/DaAopgBA6FE/""},{""evidence_text"":""Matched explicit term: wb"",""observation_type"":""direct"",""signal_type"":""marketplace"",""source_field"":""recent_posts.caption"",""source_reference"":""3927317648802816324"",""url"":""https://www.instagram.com/p/DaAopgBA6FE/""},{""evidence_text"":""Matched explicit term: wildberries"",""observation_type"":""direct"",""signal_type"":""marketplace"",""source_field"":""recent_posts.hashtags"",""source_reference"":""3927317648802816324"",""url"":""https://www.instagram.com/p/DaAopgBA6FE/""},{""evidence_text"":""Matched explicit term: wb"",""observation_type"":""direct"",""signal_type"":""marketplace"",""source_field"":""recent_posts.hashtags"",""source_reference"":""3927317648802816324"",""url"":""https://www.instagram.com/p/DaAopgBA6FE/""},{""evidence_text"":""Matched explicit term: wildberries"",""observation_type"":""direct"",""signal_type"":""marketplace"",""source_field"":""recent_posts.caption"",""source_reference"":""3926584305391792237"",""url"":""https://www.instagram.com/p/DZ-B58vgHBt/""},{""evidence_text"":""Matched explicit term: wb"",""observation_type"":""direct"",""signal_type"":""marketplace"",""source_field"":""recent_posts.caption"",""source_reference"":""3926584305391792237"",""url"":""https://www.instagram.com/p/DZ-B58vgHBt/""},{""evidence_text"":""Matched explicit term: wildberries"",""observation_type"":""direct"",""signal_type"":""marketplace"",""source_field"":""recent_posts.hashtags"",""source_reference"":""3926584305391792237"",""url"":""https://www.instagram.com/p/DZ-B58vgHBt/""},{""evidence_text"":""Matched explicit term: wb"",""observation_type"":""direct"",""signal_type"":""marketplace"",""source_field"":""recent_posts.hashtags"",""source_reference"":""3926584305391792237"",""url"":""https://www.instagram.com/p/DZ-B58vgHBt/""},{""evidence_text"":""Matched explicit term: wildberries"",""observation_type"":""direct"",""signal_type"":""marketplace"",""source_field"":""recent_posts.caption"",""source_reference"":""3925242289860951155"",""url"":""https://www.instagram.com/p/DZ5QxDYgLxz/""},{""evidence_text"":""Matched explicit term: wb"",""observation_type"":""direct"",""signal_type"":""marketplace"",""source_field"":""recent_posts.caption"",""source_reference"":""3925242289860951155"",""url"":""https://www.instagram.com/p/DZ5QxDYgLxz/""},{""evidence_text"":""Matched explicit term: wildberries"",""observation_type"":""direct"",""signal_type"":""marketplace"",""source_field"":""recent_posts.hashtags"",""source_reference"":""3925242289860951155"",""url"":""https://www.instagram.com/p/DZ5QxDYgLxz/""},{""evidence_text"":""Matched explicit term: wb"",""observation_type"":""direct"",""signal_type"":""marketplace"",""source_field"":""recent_posts.hashtags"",""source_reference"":""3925242289860951155"",""url"":""https://www.instagram.com/p/DZ5QxDYgLxz/""},{""evidence_text"":""Matched explicit term: wildberries"",""observation_type"":""direct"",""signal_type"":""marketplace"",""source_field"":""recent_posts.caption"",""source_reference"":""3923787944505381360"",""url"":""https://www.instagram.com/p/DZ0GFiuNBHw/""},{""evidence_text"":""Matched explicit term: wb"",""observation_type"":""direct"",""signal_type"":""marketplace"",""source_field"":""recent_posts.caption"",""source_reference"":""3923787944505381360"",""url"":""https://www.instagram.com/p/DZ0GFiuNBHw/""},{""evidence_text"":""Matched explicit term: wildberries"",""observation_type"":""direct"",""signal_type"":""marketplace"",""source_field"":""recent_posts.hashtags"",""source_reference"":""3923787944505381360"",""url"":""https://www.instagram.com/p/DZ0GFiuNBHw/""},{""evidence_text"":""Matched explicit term: wb"",""observation_type"":""direct"",""signal_type"":""marketplace"",""source_field"":""recent_posts.hashtags"",""source_reference"":""3923787944505381360"",""url"":""https://www.instagram.com/p/DZ0GFiuNBHw/""},{""evidence_text"":""Matched explicit term: wildberries"",""observation_type"":""direct"",""signal_type"":""marketplace"",""source_field"":""recent_posts.caption"",""source_reference"":""3922301452658511922"",""url"":""https://www.instagram.com/p/DZu0GPTtZAy/""},{""evidence_text"":""Matched explicit term: wb"",""observation_type"":""direct"",""signal_type"":""marketplace"",""source_field"":""recent_posts.caption"",""source_reference"":""3922301452658511922"",""url"":""https://www.instagram.com/p/DZu0GPTtZAy/""},{""evidence_text"":""Matched explicit term: wildberries"",""observation_type"":""direct"",""signal_type"":""marketplace"",""source_field"":""recent_posts.hashtags"",""source_reference"":""3922301452658511922"",""url"":""https://www.instagram.com/p/DZu0GPTtZAy/""},{""evidence_text"":""Matched explicit term: wb"",""observation_type"":""direct"",""signal_type"":""marketplace"",""source_field"":""recent_posts.hashtags"",""source_reference"":""3922301452658511922"",""url"":""https://www.instagram.com/p/DZu0GPTtZAy/""},{""evidence_text"":""Matched explicit term: wildberries"",""observation_type"":""direct"",""signal_type"":""marketplace"",""source_field"":""recent_posts.caption"",""source_reference"":""3921589877891872726"",""url"":""https://www.instagram.com/p/DZsSTdqgzfW/""},{""evidence_text"":""Matched explicit term: wb"",""observation_type"":""direct"",""signal_type"":""marketplace"",""source_field"":""recent_posts.caption"",""source_reference"":""3921589877891872726"",""url"":""https://www.instagram.com/p/DZsSTdqgzfW/""},{""evidence_text"":""Matched explicit term: wildberries"",""observation_type"":""direct"",""signal_type"":""marketplace"",""source_field"":""recent_posts.hashtags"",""source_reference"":""3921589877891872726"",""url"":""https://www.instagram.com/p/DZsSTdqgzfW/""},{""evidence_text"":""Matched explicit term: wb"",""observation_type"":""direct"",""signal_type"":""marketplace"",""source_field"":""recent_posts.hashtags"",""source_reference"":""3921589877891872726"",""url"":""https://www.instagram.com/p/DZsSTdqgzfW/""},{""evidence_text"":""Matched explicit term: wildberries"",""observation_type"":""direct"",""signal_type"":""marketplace"",""source_field"":""recent_posts.caption"",""source_reference"":""3920885854254751383"",""url"":""https://www.instagram.com/p/DZpyOkjtV6X/""},{""evidence_text"":""Matched explicit term: wb"",""observation_type"":""direct"",""signal_type"":""marketplace"",""source_field"":""recent_posts.caption"",""source_reference"":""3920885854254751383"",""url"":""https://www.instagram.com/p/DZpyOkjtV6X/""},{""evidence_text"":""Matched explicit term: wildberries"",""observation_type"":""direct"",""signal_type"":""marketplace"",""source_field"":""recent_posts.hashtags"",""source_reference"":""3920885854254751383"",""url"":""https://www.instagram.com/p/DZpyOkjtV6X/""},{""evidence_text"":""Matched explicit term: wb"",""observation_type"":""direct"",""signal_type"":""marketplace"",""source_field"":""recent_posts.hashtags"",""source_reference"":""3920885854254751383"",""url"":""https://www.instagram.com/p/DZpyOkjtV6X/""},{""evidence_text"":""Observed contact URL: https://t.me/+hMi15GfzAuY3M2Iy"",""observation_type"":""direct"",""signal_type"":""contact"",""source_field"":""external_urls"",""source_reference"":""profile"",""url"":""https://t.me/+hMi15GfzAuY3M2Iy""},{""evidence_text"":""Observed product-focused caption term(s): артикул"",""observation_type"":""direct"",""signal_type"":""native_product_integration"",""source_field"":""recent_posts.caption"",""source_reference"":""3791953198819917028"",""url"":""https://www.instagram.com/p/DSfuVf8kTzk/""},{""evidence_text"":""Observed product-focused caption term(s): артикул"",""observation_type"":""direct"",""signal_type"":""native_product_integration"",""source_field"":""recent_posts.caption"",""source_reference"":""3793098595528364387"",""url"":""https://www.instagram.com/p/DSjyxNwgFFj/""},{""evidence_text"":""Observed product-focused caption term(s): wb, wildberries, покупк"",""observation_type"":""direct"",""signal_type"":""native_product_integration"",""source_field"":""recent_posts.caption"",""source_reference"":""3929631878239319838"",""url"":""https://www.instagram.com/p/DaI21-IgXce/""},{""evidence_text"":""Observed product-focused caption term(s): wb, wildberries, ссылка"",""observation_type"":""direct"",""signal_type"":""native_product_integration"",""source_field"":""recent_posts.caption"",""source_reference"":""3928781237485020677"",""url"":""https://www.instagram.com/p/DaF1bhMg6YF/""},{""evidence_text"":""Observed product-focused caption term(s): wb, wildberries"",""observation_type"":""direct"",""signal_type"":""native_product_integration"",""source_field"":""recent_posts.caption"",""source_reference"":""3927943877348150842"",""url"":""https://www.instagram.com/p/DaC3CUzAc46/""},{""evidence_text"":""Observed product-focused caption term(s): wb, wildberries, артикул, покупк"",""observation_type"":""direct"",""signal_type"":""native_product_integration"",""source_field"":""recent_posts.caption"",""source_reference"":""3927317648802816324"",""url"":""https://www.instagram.com/p/DaAopgBA6FE/""},{""evidence_text"":""Observed product-focused caption term(s): wb, wildberries, артикул, покупк"",""observation_type"":""direct"",""signal_type"":""native_product_integration"",""source_field"":""recent_posts.caption"",""source_reference"":""3926584305391792237"",""url"":""https://www.instagram.com/p/DZ-B58vgHBt/""},{""evidence_text"":""Observed product-focused caption term(s): wb, wildberries, артикул"",""observation_type"":""direct"",""signal_type"":""native_product_integration"",""source_field"":""recent_posts.caption"",""source_reference"":""3925242289860951155"",""url"":""https://www.instagram.com/p/DZ5QxDYgLxz/""},{""evidence_text"":""Observed product-focused caption term(s): wb, wildberries, артикул, покупк"",""observation_type"":""direct"",""signal_type"":""native_product_integration"",""source_field"":""recent_posts.caption"",""source_reference"":""3923787944505381360"",""url"":""https://www.instagram.com/p/DZ0GFiuNBHw/""},{""evidence_text"":""Observed product-focused caption term(s): wb, wildberries, артикул, покупк"",""observation_type"":""direct"",""signal_type"":""native_product_integration"",""source_field"":""recent_posts.caption"",""source_reference"":""3922301452658511922"",""url"":""https://www.instagram.com/p/DZu0GPTtZAy/""},{""evidence_text"":""Observed product-focused caption term(s): wb, wildberries, покупк"",""observation_type"":""direct"",""signal_type"":""native_product_integration"",""source_field"":""recent_posts.caption"",""source_reference"":""3921589877891872726"",""url"":""https://www.instagram.com/p/DZsSTdqgzfW/""},{""evidence_text"":""Observed product-focused caption term(s): wb, wildberries, артикул, покупк"",""observation_type"":""direct"",""signal_type"":""native_product_integration"",""source_field"":""recent_posts.caption"",""source_reference"":""3920885854254751383"",""url"":""https://www.instagram.com/p/DZpyOkjtV6X/""},{""evidence_text"":""UGC=False, marketplace=True, commercial/PR=False, contact=True; 12/12 posts have independently observed native-integration evidence."",""observation_type"":""derived"",""signal_type"":""native_product_integration_potential"",""source_field"":""candidate_metrics"",""source_reference"":""dish_wildberries"",""url"":""https://www.instagram.com/dish_wildberries/""}],""explanation"":""UGC=False, marketplace=True, commercial/PR=False, contact=True; 12/12 posts have independently observed native-integration evidence."",""max_score"":20.0,""name"":""native_product_integration_potential"",""score"":10.0},{""evidence"":[{""evidence_text"":""Short video share 1.000 × 15 = 15.00."",""observation_type"":""derived"",""signal_type"":""short_video_consistency"",""source_field"":""candidate_metrics"",""source_reference"":""dish_wildberries"",""url"":""https://www.instagram.com/dish_wildberries/""}],""explanation"":""Short video share 1.000 × 15 = 15.00."",""max_score"":15.0,""name"":""short_video_consistency"",""score"":15.0},{""evidence"":[{""evidence_text"":""Frozen Phase A percentile 0.969303 × 15 = 14.54 raw; × completeness 12/12 (1.000000) = 14.54 adjusted."",""observation_type"":""derived"",""signal_type"":""engagement"",""source_field"":""candidate_metrics"",""source_reference"":""dish_wildberries"",""url"":""https://www.instagram.com/dish_wildberries/""}],""explanation"":""Frozen Phase A percentile 0.969303 × 15 = 14.54 raw; × completeness 12/12 (1.000000) = 14.54 adjusted."",""max_score"":15.0,""name"":""engagement"",""score"":14.54},{""evidence"":[{""evidence_text"":""Matched explicit term: wb"",""observation_type"":""direct"",""signal_type"":""marketplace"",""source_field"":""full_name"",""source_reference"":""profile"",""url"":""https://www.instagram.com/dish_wildberries/""},{""evidence_text"":""Matched explicit term: распаков"",""observation_type"":""direct"",""signal_type"":""marketplace"",""source_field"":""full_name"",""source_reference"":""profile"",""url"":""https://www.instagram.com/dish_wildberries/""},{""evidence_text"":""Matched explicit term: обзор"",""observation_type"":""direct"",""signal_type"":""marketplace"",""source_field"":""full_name"",""source_reference"":""profile"",""url"":""https://www.instagram.com/dish_wildberries/""},{""evidence_text"":""Matched explicit term: находк"",""observation_type"":""direct"",""signal_type"":""marketplace"",""source_field"":""full_name"",""source_reference"":""profile"",""url"":""https://www.instagram.com/dish_wildberries/""},{""evidence_text"":""Matched explicit term: wildberries"",""observation_type"":""direct"",""signal_type"":""marketplace"",""source_field"":""recent_posts.caption"",""source_reference"":""3929631878239319838"",""url"":""https://www.instagram.com/p/DaI21-IgXce/""},{""evidence_text"":""Matched explicit term: wb"",""observation_type"":""direct"",""signal_type"":""marketplace"",""source_field"":""recent_posts.caption"",""source_reference"":""3929631878239319838"",""url"":""https://www.instagram.com/p/DaI21-IgXce/""},{""evidence_text"":""Matched explicit term: wildberries"",""observation_type"":""direct"",""signal_type"":""marketplace"",""source_field"":""recent_posts.hashtags"",""source_reference"":""3929631878239319838"",""url"":""https://www.instagram.com/p/DaI21-IgXce/""},{""evidence_text"":""Matched explicit term: wb"",""observation_type"":""direct"",""signal_type"":""marketplace"",""source_field"":""recent_posts.hashtags"",""source_reference"":""3929631878239319838"",""url"":""https://www.instagram.com/p/DaI21-IgXce/""},{""evidence_text"":""Matched explicit term: wildberries"",""observation_type"":""direct"",""signal_type"":""marketplace"",""source_field"":""recent_posts.caption"",""source_reference"":""3928781237485020677"",""url"":""https://www.instagram.com/p/DaF1bhMg6YF/""},{""evidence_text"":""Matched explicit term: wb"",""observation_type"":""direct"",""signal_type"":""marketplace"",""source_field"":""recent_posts.caption"",""source_reference"":""3928781237485020677"",""url"":""https://www.instagram.com/p/DaF1bhMg6YF/""},{""evidence_text"":""Matched explicit term: wildberries"",""observation_type"":""direct"",""signal_type"":""marketplace"",""source_field"":""recent_posts.hashtags"",""source_reference"":""3928781237485020677"",""url"":""https://www.instagram.com/p/DaF1bhMg6YF/""},{""evidence_text"":""Matched explicit term: wb"",""observation_type"":""direct"",""signal_type"":""marketplace"",""source_field"":""recent_posts.hashtags"",""source_reference"":""3928781237485020677"",""url"":""https://www.instagram.com/p/DaF1bhMg6YF/""},{""evidence_text"":""Matched explicit term: wildberries"",""observation_type"":""direct"",""signal_type"":""marketplace"",""source_field"":""recent_posts.caption"",""source_reference"":""3927943877348150842"",""url"":""https://www.instagram.com/p/DaC3CUzAc46/""},{""evidence_text"":""Matched explicit term: wb"",""observation_type"":""direct"",""signal_type"":""marketplace"",""source_field"":""recent_posts.caption"",""source_reference"":""3927943877348150842"",""url"":""https://www.instagram.com/p/DaC3CUzAc46/""},{""evidence_text"":""Matched explicit term: wildberries"",""observation_type"":""direct"",""signal_type"":""marketplace"",""source_field"":""recent_posts.hashtags"",""source_reference"":""3927943877348150842"",""url"":""https://www.instagram.com/p/DaC3CUzAc46/""},{""evidence_text"":""Matched explicit term: wb"",""observation_type"":""direct"",""signal_type"":""marketplace"",""source_field"":""recent_posts.hashtags"",""source_reference"":""3927943877348150842"",""url"":""https://www.instagram.com/p/DaC3CUzAc46/""},{""evidence_text"":""Matched explicit term: wildberries"",""observation_type"":""direct"",""signal_type"":""marketplace"",""source_field"":""recent_posts.caption"",""source_reference"":""3927317648802816324"",""url"":""https://www.instagram.com/p/DaAopgBA6FE/""},{""evidence_text"":""Matched explicit term: wb"",""observation_type"":""direct"",""signal_type"":""marketplace"",""source_field"":""recent_posts.caption"",""source_reference"":""3927317648802816324"",""url"":""https://www.instagram.com/p/DaAopgBA6FE/""},{""evidence_text"":""Matched explicit term: wildberries"",""observation_type"":""direct"",""signal_type"":""marketplace"",""source_field"":""recent_posts.hashtags"",""source_reference"":""3927317648802816324"",""url"":""https://www.instagram.com/p/DaAopgBA6FE/""},{""evidence_text"":""Matched explicit term: wb"",""observation_type"":""direct"",""signal_type"":""marketplace"",""source_field"":""recent_posts.hashtags"",""source_reference"":""3927317648802816324"",""url"":""https://www.instagram.com/p/DaAopgBA6FE/""},{""evidence_text"":""Matched explicit term: wildberries"",""observation_type"":""direct"",""signal_type"":""marketplace"",""source_field"":""recent_posts.caption"",""source_reference"":""3926584305391792237"",""url"":""https://www.instagram.com/p/DZ-B58vgHBt/""},{""evidence_text"":""Matched explicit term: wb"",""observation_type"":""direct"",""signal_type"":""marketplace"",""source_field"":""recent_posts.caption"",""source_reference"":""3926584305391792237"",""url"":""https://www.instagram.com/p/DZ-B58vgHBt/""},{""evidence_text"":""Matched explicit term: wildberries"",""observation_type"":""direct"",""signal_type"":""marketplace"",""source_field"":""recent_posts.hashtags"",""source_reference"":""3926584305391792237"",""url"":""https://www.instagram.com/p/DZ-B58vgHBt/""},{""evidence_text"":""Matched explicit term: wb"",""observation_type"":""direct"",""signal_type"":""marketplace"",""source_field"":""recent_posts.hashtags"",""source_reference"":""3926584305391792237"",""url"":""https://www.instagram.com/p/DZ-B58vgHBt/""},{""evidence_text"":""Matched explicit term: wildberries"",""observation_type"":""direct"",""signal_type"":""marketplace"",""source_field"":""recent_posts.caption"",""source_reference"":""3925242289860951155"",""url"":""https://www.instagram.com/p/DZ5QxDYgLxz/""},{""evidence_text"":""Matched explicit term: wb"",""observation_type"":""direct"",""signal_type"":""marketplace"",""source_field"":""recent_posts.caption"",""source_reference"":""3925242289860951155"",""url"":""https://www.instagram.com/p/DZ5QxDYgLxz/""},{""evidence_text"":""Matched explicit term: wildberries"",""observation_type"":""direct"",""signal_type"":""marketplace"",""source_field"":""recent_posts.hashtags"",""source_reference"":""3925242289860951155"",""url"":""https://www.instagram.com/p/DZ5QxDYgLxz/""},{""evidence_text"":""Matched explicit term: wb"",""observation_type"":""direct"",""signal_type"":""marketplace"",""source_field"":""recent_posts.hashtags"",""source_reference"":""3925242289860951155"",""url"":""https://www.instagram.com/p/DZ5QxDYgLxz/""},{""evidence_text"":""Matched explicit term: wildberries"",""observation_type"":""direct"",""signal_type"":""marketplace"",""source_field"":""recent_posts.caption"",""source_reference"":""3923787944505381360"",""url"":""https://www.instagram.com/p/DZ0GFiuNBHw/""},{""evidence_text"":""Matched explicit term: wb"",""observation_type"":""direct"",""signal_type"":""marketplace"",""source_field"":""recent_posts.caption"",""source_reference"":""3923787944505381360"",""url"":""https://www.instagram.com/p/DZ0GFiuNBHw/""},{""evidence_text"":""Matched explicit term: wildberries"",""observation_type"":""direct"",""signal_type"":""marketplace"",""source_field"":""recent_posts.hashtags"",""source_reference"":""3923787944505381360"",""url"":""https://www.instagram.com/p/DZ0GFiuNBHw/""},{""evidence_text"":""Matched explicit term: wb"",""observation_type"":""direct"",""signal_type"":""marketplace"",""source_field"":""recent_posts.hashtags"",""source_reference"":""3923787944505381360"",""url"":""https://www.instagram.com/p/DZ0GFiuNBHw/""},{""evidence_text"":""Matched explicit term: wildberries"",""observation_type"":""direct"",""signal_type"":""marketplace"",""source_field"":""recent_posts.caption"",""source_reference"":""3922301452658511922"",""url"":""https://www.instagram.com/p/DZu0GPTtZAy/""},{""evidence_text"":""Matched explicit term: wb"",""observation_type"":""direct"",""signal_type"":""marketplace"",""source_field"":""recent_posts.caption"",""source_reference"":""3922301452658511922"",""url"":""https://www.instagram.com/p/DZu0GPTtZAy/""},{""evidence_text"":""Matched explicit term: wildberries"",""observation_type"":""direct"",""signal_type"":""marketplace"",""source_field"":""recent_posts.hashtags"",""source_reference"":""3922301452658511922"",""url"":""https://www.instagram.com/p/DZu0GPTtZAy/""},{""evidence_text"":""Matched explicit term: wb"",""observation_type"":""direct"",""signal_type"":""marketplace"",""source_field"":""recent_posts.hashtags"",""source_reference"":""3922301452658511922"",""url"":""https://www.instagram.com/p/DZu0GPTtZAy/""},{""evidence_text"":""Matched explicit term: wildberries"",""observation_type"":""direct"",""signal_type"":""marketplace"",""source_field"":""recent_posts.caption"",""source_reference"":""3921589877891872726"",""url"":""https://www.instagram.com/p/DZsSTdqgzfW/""},{""evidence_text"":""Matched explicit term: wb"",""observation_type"":""direct"",""signal_type"":""marketplace"",""source_field"":""recent_posts.caption"",""source_reference"":""3921589877891872726"",""url"":""https://www.instagram.com/p/DZsSTdqgzfW/""},{""evidence_text"":""Matched explicit term: wildberries"",""observation_type"":""direct"",""signal_type"":""marketplace"",""source_field"":""recent_posts.hashtags"",""source_reference"":""3921589877891872726"",""url"":""https://www.instagram.com/p/DZsSTdqgzfW/""},{""evidence_text"":""Matched explicit term: wb"",""observation_type"":""direct"",""signal_type"":""marketplace"",""source_field"":""recent_posts.hashtags"",""source_reference"":""3921589877891872726"",""url"":""https://www.instagram.com/p/DZsSTdqgzfW/""},{""evidence_text"":""Matched explicit term: wildberries"",""observation_type"":""direct"",""signal_type"":""marketplace"",""source_field"":""recent_posts.caption"",""source_reference"":""3920885854254751383"",""url"":""https://www.instagram.com/p/DZpyOkjtV6X/""},{""evidence_text"":""Matched explicit term: wb"",""observation_type"":""direct"",""signal_type"":""marketplace"",""source_field"":""recent_posts.caption"",""source_reference"":""3920885854254751383"",""url"":""https://www.instagram.com/p/DZpyOkjtV6X/""},{""evidence_text"":""Matched explicit term: wildberries"",""observation_type"":""direct"",""signal_type"":""marketplace"",""source_field"":""recent_posts.hashtags"",""source_reference"":""3920885854254751383"",""url"":""https://www.instagram.com/p/DZpyOkjtV6X/""},{""evidence_text"":""Matched explicit term: wb"",""observation_type"":""direct"",""signal_type"":""marketplace"",""source_field"":""recent_posts.hashtags"",""source_reference"":""3920885854254751383"",""url"":""https://www.instagram.com/p/DZpyOkjtV6X/""},{""evidence_text"":""4.0/5 for nano audience (≤1k); commercial/PR=False (+2), UGC=False (+2), marketplace=True (+1)."",""observation_type"":""derived"",""signal_type"":""barter_feasibility"",""source_field"":""candidate_metrics"",""source_reference"":""dish_wildberries"",""url"":""https://www.instagram.com/dish_wildberries/""}],""explanation"":""4.0/5 for nano audience (≤1k); commercial/PR=False (+2), UGC=False (+2), marketplace=True (+1)."",""max_score"":10.0,""name"":""barter_feasibility"",""score"":5.0},{""evidence"":[{""evidence_text"":""2.00/6 recency + 0.81/4 posting frequency."",""observation_type"":""derived"",""signal_type"":""recent_activity"",""source_field"":""candidate_metrics"",""source_reference"":""dish_wildberries"",""url"":""https://www.instagram.com/dish_wildberries/""}],""explanation"":""2.00/6 recency + 0.81/4 posting frequency."",""max_score"":10.0,""name"":""recent_activity"",""score"":2.81}]","Rank 7 of 30 eligible candidates: score 54.89/100, discovery confidence 0.800, data completeness 1.000, engagement rate 12.766%.","[{""evidence_text"":""Observed contact URL: https://t.me/+hMi15GfzAuY3M2Iy"",""observation_type"":""direct"",""signal_type"":""contact"",""source_field"":""external_urls"",""source_reference"":""profile"",""url"":""https://t.me/+hMi15GfzAuY3M2Iy""},{""evidence_text"":""Matched explicit term: wb"",""observation_type"":""direct"",""signal_type"":""marketplace"",""source_field"":""full_name"",""source_reference"":""profile"",""url"":""https://www.instagram.com/dish_wildberries/""},{""evidence_text"":""Matched explicit term: распаков"",""observation_type"":""direct"",""signal_type"":""marketplace"",""source_field"":""full_name"",""source_reference"":""profile"",""url"":""https://www.instagram.com/dish_wildberries/""},{""evidence_text"":""Matched explicit term: обзор"",""observation_type"":""direct"",""signal_type"":""marketplace"",""source_field"":""full_name"",""source_reference"":""profile"",""url"":""https://www.instagram.com/dish_wildberries/""},{""evidence_text"":""Matched explicit term: находк"",""observation_type"":""direct"",""signal_type"":""marketplace"",""source_field"":""full_name"",""source_reference"":""profile"",""url"":""https://www.instagram.com/dish_wildberries/""},{""evidence_text"":""Matched explicit term: wildberries"",""observation_type"":""direct"",""signal_type"":""marketplace"",""source_field"":""recent_posts.caption"",""source_reference"":""3929631878239319838"",""url"":""https://www.instagram.com/p/DaI21-IgXce/""},{""evidence_text"":""Matched explicit term: wb"",""observation_type"":""direct"",""signal_type"":""marketplace"",""source_field"":""recent_posts.caption"",""source_reference"":""3929631878239319838"",""url"":""https://www.instagram.com/p/DaI21-IgXce/""},{""evidence_text"":""Matched explicit term: wildberries"",""observation_type"":""direct"",""signal_type"":""marketplace"",""source_field"":""recent_posts.hashtags"",""source_reference"":""3929631878239319838"",""url"":""https://www.instagram.com/p/DaI21-IgXce/""},{""evidence_text"":""Matched explicit term: wb"",""observation_type"":""direct"",""signal_type"":""marketplace"",""source_field"":""recent_posts.hashtags"",""source_reference"":""3929631878239319838"",""url"":""https://www.instagram.com/p/DaI21-IgXce/""},{""evidence_text"":""Matched explicit term: wildberries"",""observation_type"":""direct"",""signal_type"":""marketplace"",""source_field"":""recent_posts.caption"",""source_reference"":""3928781237485020677"",""url"":""https://www.instagram.com/p/DaF1bhMg6YF/""},{""evidence_text"":""Matched explicit term: wb"",""observation_type"":""direct"",""signal_type"":""marketplace"",""source_field"":""recent_posts.caption"",""source_reference"":""3928781237485020677"",""url"":""https://www.instagram.com/p/DaF1bhMg6YF/""},{""evidence_text"":""Matched explicit term: wildberries"",""observation_type"":""direct"",""signal_type"":""marketplace"",""source_field"":""recent_posts.hashtags"",""source_reference"":""3928781237485020677"",""url"":""https://www.instagram.com/p/DaF1bhMg6YF/""},{""evidence_text"":""Matched explicit term: wb"",""observation_type"":""direct"",""signal_type"":""marketplace"",""source_field"":""recent_posts.hashtags"",""source_reference"":""3928781237485020677"",""url"":""https://www.instagram.com/p/DaF1bhMg6YF/""},{""evidence_text"":""Matched explicit term: wildberries"",""observation_type"":""direct"",""signal_type"":""marketplace"",""source_field"":""recent_posts.caption"",""source_reference"":""3927943877348150842"",""url"":""https://www.instagram.com/p/DaC3CUzAc46/""},{""evidence_text"":""Matched explicit term: wb"",""observation_type"":""direct"",""signal_type"":""marketplace"",""source_field"":""recent_posts.caption"",""source_reference"":""3927943877348150842"",""url"":""https://www.instagram.com/p/DaC3CUzAc46/""},{""evidence_text"":""Matched explicit term: wildberries"",""observation_type"":""direct"",""signal_type"":""marketplace"",""source_field"":""recent_posts.hashtags"",""source_reference"":""3927943877348150842"",""url"":""https://www.instagram.com/p/DaC3CUzAc46/""},{""evidence_text"":""Matched explicit term: wb"",""observation_type"":""direct"",""signal_type"":""marketplace"",""source_field"":""recent_posts.hashtags"",""source_reference"":""3927943877348150842"",""url"":""https://www.instagram.com/p/DaC3CUzAc46/""},{""evidence_text"":""Matched explicit term: wildberries"",""observation_type"":""direct"",""signal_type"":""marketplace"",""source_field"":""recent_posts.caption"",""source_reference"":""3927317648802816324"",""url"":""https://www.instagram.com/p/DaAopgBA6FE/""},{""evidence_text"":""Matched explicit term: wb"",""observation_type"":""direct"",""signal_type"":""marketplace"",""source_field"":""recent_posts.caption"",""source_reference"":""3927317648802816324"",""url"":""https://www.instagram.com/p/DaAopgBA6FE/""},{""evidence_text"":""Matched explicit term: wildberries"",""observation_type"":""direct"",""signal_type"":""marketplace"",""source_field"":""recent_posts.hashtags"",""source_reference"":""3927317648802816324"",""url"":""https://www.instagram.com/p/DaAopgBA6FE/""},{""evidence_text"":""Matched explicit term: wb"",""observation_type"":""direct"",""signal_type"":""marketplace"",""source_field"":""recent_posts.hashtags"",""source_reference"":""3927317648802816324"",""url"":""https://www.instagram.com/p/DaAopgBA6FE/""},{""evidence_text"":""Matched explicit term: wildberries"",""observation_type"":""direct"",""signal_type"":""marketplace"",""source_field"":""recent_posts.caption"",""source_reference"":""3926584305391792237"",""url"":""https://www.instagram.com/p/DZ-B58vgHBt/""},{""evidence_text"":""Matched explicit term: wb"",""observation_type"":""direct"",""signal_type"":""marketplace"",""source_field"":""recent_posts.caption"",""source_reference"":""3926584305391792237"",""url"":""https://www.instagram.com/p/DZ-B58vgHBt/""},{""evidence_text"":""Matched explicit term: wildberries"",""observation_type"":""direct"",""signal_type"":""marketplace"",""source_field"":""recent_posts.hashtags"",""source_reference"":""3926584305391792237"",""url"":""https://www.instagram.com/p/DZ-B58vgHBt/""},{""evidence_text"":""Matched explicit term: wb"",""observation_type"":""direct"",""signal_type"":""marketplace"",""source_field"":""recent_posts.hashtags"",""source_reference"":""3926584305391792237"",""url"":""https://www.instagram.com/p/DZ-B58vgHBt/""},{""evidence_text"":""Matched explicit term: wildberries"",""observation_type"":""direct"",""signal_type"":""marketplace"",""source_field"":""recent_posts.caption"",""source_reference"":""3925242289860951155"",""url"":""https://www.instagram.com/p/DZ5QxDYgLxz/""},{""evidence_text"":""Matched explicit term: wb"",""observation_type"":""direct"",""signal_type"":""marketplace"",""source_field"":""recent_posts.caption"",""source_reference"":""3925242289860951155"",""url"":""https://www.instagram.com/p/DZ5QxDYgLxz/""},{""evidence_text"":""Matched explicit term: wildberries"",""observation_type"":""direct"",""signal_type"":""marketplace"",""source_field"":""recent_posts.hashtags"",""source_reference"":""3925242289860951155"",""url"":""https://www.instagram.com/p/DZ5QxDYgLxz/""},{""evidence_text"":""Matched explicit term: wb"",""observation_type"":""direct"",""signal_type"":""marketplace"",""source_field"":""recent_posts.hashtags"",""source_reference"":""3925242289860951155"",""url"":""https://www.instagram.com/p/DZ5QxDYgLxz/""},{""evidence_text"":""Matched explicit term: wildberries"",""observation_type"":""direct"",""signal_type"":""marketplace"",""source_field"":""recent_posts.caption"",""source_reference"":""3923787944505381360"",""url"":""https://www.instagram.com/p/DZ0GFiuNBHw/""},{""evidence_text"":""Matched explicit term: wb"",""observation_type"":""direct"",""signal_type"":""marketplace"",""source_field"":""recent_posts.caption"",""source_reference"":""3923787944505381360"",""url"":""https://www.instagram.com/p/DZ0GFiuNBHw/""},{""evidence_text"":""Matched explicit term: wildberries"",""observation_type"":""direct"",""signal_type"":""marketplace"",""source_field"":""recent_posts.hashtags"",""source_reference"":""3923787944505381360"",""url"":""https://www.instagram.com/p/DZ0GFiuNBHw/""},{""evidence_text"":""Matched explicit term: wb"",""observation_type"":""direct"",""signal_type"":""marketplace"",""source_field"":""recent_posts.hashtags"",""source_reference"":""3923787944505381360"",""url"":""https://www.instagram.com/p/DZ0GFiuNBHw/""},{""evidence_text"":""Matched explicit term: wildberries"",""observation_type"":""direct"",""signal_type"":""marketplace"",""source_field"":""recent_posts.caption"",""source_reference"":""3922301452658511922"",""url"":""https://www.instagram.com/p/DZu0GPTtZAy/""},{""evidence_text"":""Matched explicit term: wb"",""observation_type"":""direct"",""signal_type"":""marketplace"",""source_field"":""recent_posts.caption"",""source_reference"":""3922301452658511922"",""url"":""https://www.instagram.com/p/DZu0GPTtZAy/""},{""evidence_text"":""Matched explicit term: wildberries"",""observation_type"":""direct"",""signal_type"":""marketplace"",""source_field"":""recent_posts.hashtags"",""source_reference"":""3922301452658511922"",""url"":""https://www.instagram.com/p/DZu0GPTtZAy/""},{""evidence_text"":""Matched explicit term: wb"",""observation_type"":""direct"",""signal_type"":""marketplace"",""source_field"":""recent_posts.hashtags"",""source_reference"":""3922301452658511922"",""url"":""https://www.instagram.com/p/DZu0GPTtZAy/""},{""evidence_text"":""Matched explicit term: wildberries"",""observation_type"":""direct"",""signal_type"":""marketplace"",""source_field"":""recent_posts.caption"",""source_reference"":""3921589877891872726"",""url"":""https://www.instagram.com/p/DZsSTdqgzfW/""},{""evidence_text"":""Matched explicit term: wb"",""observation_type"":""direct"",""signal_type"":""marketplace"",""source_field"":""recent_posts.caption"",""source_reference"":""3921589877891872726"",""url"":""https://www.instagram.com/p/DZsSTdqgzfW/""},{""evidence_text"":""Matched explicit term: wildberries"",""observation_type"":""direct"",""signal_type"":""marketplace"",""source_field"":""recent_posts.hashtags"",""source_reference"":""3921589877891872726"",""url"":""https://www.instagram.com/p/DZsSTdqgzfW/""},{""evidence_text"":""Matched explicit term: wb"",""observation_type"":""direct"",""signal_type"":""marketplace"",""source_field"":""recent_posts.hashtags"",""source_reference"":""3921589877891872726"",""url"":""https://www.instagram.com/p/DZsSTdqgzfW/""},{""evidence_text"":""Matched explicit term: wildberries"",""observation_type"":""direct"",""signal_type"":""marketplace"",""source_field"":""recent_posts.caption"",""source_reference"":""3920885854254751383"",""url"":""https://www.instagram.com/p/DZpyOkjtV6X/""},{""evidence_text"":""Matched explicit term: wb"",""observation_type"":""direct"",""signal_type"":""marketplace"",""source_field"":""recent_posts.caption"",""source_reference"":""3920885854254751383"",""url"":""https://www.instagram.com/p/DZpyOkjtV6X/""},{""evidence_text"":""Matched explicit term: wildberries"",""observation_type"":""direct"",""signal_type"":""marketplace"",""source_field"":""recent_posts.hashtags"",""source_reference"":""3920885854254751383"",""url"":""https://www.instagram.com/p/DZpyOkjtV6X/""},{""evidence_text"":""Matched explicit term: wb"",""observation_type"":""direct"",""signal_type"":""marketplace"",""source_field"":""recent_posts.hashtags"",""source_reference"":""3920885854254751383"",""url"":""https://www.instagram.com/p/DZpyOkjtV6X/""},{""evidence_text"":""Observed product-focused caption term(s): артикул"",""observation_type"":""direct"",""signal_type"":""native_product_integration"",""source_field"":""recent_posts.caption"",""source_reference"":""3791953198819917028"",""url"":""https://www.instagram.com/p/DSfuVf8kTzk/""},{""evidence_text"":""Observed product-focused caption term(s): артикул"",""observation_type"":""direct"",""signal_type"":""native_product_integration"",""source_field"":""recent_posts.caption"",""source_reference"":""3793098595528364387"",""url"":""https://www.instagram.com/p/DSjyxNwgFFj/""},{""evidence_text"":""Observed product-focused caption term(s): wb, wildberries, покупк"",""observation_type"":""direct"",""signal_type"":""native_product_integration"",""source_field"":""recent_posts.caption"",""source_reference"":""3929631878239319838"",""url"":""https://www.instagram.com/p/DaI21-IgXce/""},{""evidence_text"":""Observed product-focused caption term(s): wb, wildberries, ссылка"",""observation_type"":""direct"",""signal_type"":""native_product_integration"",""source_field"":""recent_posts.caption"",""source_reference"":""3928781237485020677"",""url"":""https://www.instagram.com/p/DaF1bhMg6YF/""},{""evidence_text"":""Observed product-focused caption term(s): wb, wildberries"",""observation_type"":""direct"",""signal_type"":""native_product_integration"",""source_field"":""recent_posts.caption"",""source_reference"":""3927943877348150842"",""url"":""https://www.instagram.com/p/DaC3CUzAc46/""},{""evidence_text"":""Observed product-focused caption term(s): wb, wildberries, артикул, покупк"",""observation_type"":""direct"",""signal_type"":""native_product_integration"",""source_field"":""recent_posts.caption"",""source_reference"":""3927317648802816324"",""url"":""https://www.instagram.com/p/DaAopgBA6FE/""},{""evidence_text"":""Observed product-focused caption term(s): wb, wildberries, артикул, покупк"",""observation_type"":""direct"",""signal_type"":""native_product_integration"",""source_field"":""recent_posts.caption"",""source_reference"":""3926584305391792237"",""url"":""https://www.instagram.com/p/DZ-B58vgHBt/""},{""evidence_text"":""Observed product-focused caption term(s): wb, wildberries, артикул"",""observation_type"":""direct"",""signal_type"":""native_product_integration"",""source_field"":""recent_posts.caption"",""source_reference"":""3925242289860951155"",""url"":""https://www.instagram.com/p/DZ5QxDYgLxz/""},{""evidence_text"":""Observed product-focused caption term(s): wb, wildberries, артикул, покупк"",""observation_type"":""direct"",""signal_type"":""native_product_integration"",""source_field"":""recent_posts.caption"",""source_reference"":""3923787944505381360"",""url"":""https://www.instagram.com/p/DZ0GFiuNBHw/""},{""evidence_text"":""Observed product-focused caption term(s): wb, wildberries, артикул, покупк"",""observation_type"":""direct"",""signal_type"":""native_product_integration"",""source_field"":""recent_posts.caption"",""source_reference"":""3922301452658511922"",""url"":""https://www.instagram.com/p/DZu0GPTtZAy/""},{""evidence_text"":""Observed product-focused caption term(s): wb, wildberries, покупк"",""observation_type"":""direct"",""signal_type"":""native_product_integration"",""source_field"":""recent_posts.caption"",""source_reference"":""3921589877891872726"",""url"":""https://www.instagram.com/p/DZsSTdqgzfW/""},{""evidence_text"":""Observed product-focused caption term(s): wb, wildberries, артикул, покупк"",""observation_type"":""direct"",""signal_type"":""native_product_integration"",""source_field"":""recent_posts.caption"",""source_reference"":""3920885854254751383"",""url"":""https://www.instagram.com/p/DZpyOkjtV6X/""},{""evidence_text"":""0.40×provider identity (1.000) + 0.20×multi-query support (0.333; 1 distinct queries, full credit at 3) + 0.20×profile/post link verification (1.000) + 0.20×query relevance (0.667; 2 directly evidenced target dimensions) = 0.800."",""observation_type"":""derived"",""signal_type"":""discovery_confidence"",""source_field"":""provider_and_discovery"",""source_reference"":""dish_wildberries"",""url"":""https://www.instagram.com/dish_wildberries/""},{""evidence_text"":""Caption-derived topic excerpt used: Old money c WB Кликабельные ссылки оставила в шапке профиля #wb #вб #wildberries #покупкивб #sales"",""observation_type"":""direct"",""signal_type"":""offer_personalization"",""source_field"":""recent_posts.caption"",""source_reference"":""3929631878239319838"",""url"":""https://www.instagram.com/p/DaI21-IgXce/""},{""evidence_text"":""Observed profile name used in greeting: Находки WB |Артикулы|Распаковка|Обзоры"",""observation_type"":""direct"",""signal_type"":""offer_greeting"",""source_field"":""full_name"",""source_reference"":""profile"",""url"":""https://www.instagram.com/dish_wildberries/""}]",https://www.instagram.com/p/DaI21-IgXce/,"Здравствуйте, Находки WB |Артикулы|Распаковка|Обзоры!

Увидели вашу недавнюю публикацию «Old money c WB Кликабельные ссылки оставила в шапке профиля #wb #вб #wildberries #покупкивб #sales»: https://www.instagram.com/p/DaI21-IgXce/
Нам кажется, такой формат контента может естественно сочетаться с категорией «женская одежда».

Мы — LD Latte. Хотим предложить для обсуждения товар бренда в обмен на согласованный контент: товар из новой коллекции LD Latte. Если идея вам интересна, возможный формат — Reels или нативный обзор; детали и творческую подачу согласуем вместе.

Будем рады обсудить предложение, если оно вам подходит; никаких обязательств до согласования условий нет.

[Черновик: требуется ручная проверка и одобрение перед использованием.]",pending,,0.8,eligible,[],"[""marketplace_reviews_01""]",apify,2026-07-28T19:11:52.795572+00:00,deterministic_template,"clear: no Phase A username, URL, historical alias, replacement, rejected false lead, Nike, or Apple match"
instagram,beauty321,https://www.instagram.com/beauty321/,248587,1058.5,7.5,0.4330475849501382,12,12,1.0,0.25,2026-07-28T13:00:02+00:00,53.3,"[{""evidence"":[{""evidence_text"":""Matched explicit term: fashion"",""observation_type"":""direct"",""signal_type"":""fashion"",""source_field"":""recent_posts.caption"",""source_reference"":""3927704361681888460"",""url"":""https://www.instagram.com/p/DaCAk6czSTM/""},{""evidence_text"":""Matched explicit term: fashion"",""observation_type"":""direct"",""signal_type"":""fashion"",""source_field"":""recent_posts.caption"",""source_reference"":""3928613477182041685"",""url"":""https://www.instagram.com/p/DaFPSSPP25V/""},{""evidence_text"":""Matched explicit term: fashion"",""observation_type"":""direct"",""signal_type"":""fashion"",""source_field"":""recent_posts.caption"",""source_reference"":""3927707138680163371"",""url"":""https://www.instagram.com/p/DaCBNUuzAwr/""},{""evidence_text"":""Matched explicit term: fashion"",""observation_type"":""direct"",""signal_type"":""fashion"",""source_field"":""recent_posts.caption"",""source_reference"":""3950477433469190375"",""url"":""https://www.instagram.com/p/DbS6kuTIMDn/""},{""evidence_text"":""Matched explicit term: fashion"",""observation_type"":""direct"",""signal_type"":""fashion"",""source_field"":""recent_posts.caption"",""source_reference"":""3949631628980396404"",""url"":""https://www.instagram.com/p/DbP6QpfBiF0/""},{""evidence_text"":""Matched explicit term: beauty"",""observation_type"":""direct"",""signal_type"":""beauty"",""source_field"":""full_name"",""source_reference"":""profile"",""url"":""https://www.instagram.com/beauty321/""},{""evidence_text"":""Matched explicit term: beauty"",""observation_type"":""direct"",""signal_type"":""beauty"",""source_field"":""biography"",""source_reference"":""profile"",""url"":""https://www.instagram.com/beauty321/""},{""evidence_text"":""Matched explicit term: beauty"",""observation_type"":""direct"",""signal_type"":""beauty"",""source_field"":""recent_posts.caption"",""source_reference"":""3927704361681888460"",""url"":""https://www.instagram.com/p/DaCAk6czSTM/""},{""evidence_text"":""Matched explicit term: hair"",""observation_type"":""direct"",""signal_type"":""beauty"",""source_field"":""recent_posts.caption"",""source_reference"":""3927704361681888460"",""url"":""https://www.instagram.com/p/DaCAk6czSTM/""},{""evidence_text"":""Matched explicit term: beauty"",""observation_type"":""direct"",""signal_type"":""beauty"",""source_field"":""recent_posts.hashtags"",""source_reference"":""3927704361681888460"",""url"":""https://www.instagram.com/p/DaCAk6czSTM/""},{""evidence_text"":""Matched explicit term: beauty"",""observation_type"":""direct"",""signal_type"":""beauty"",""source_field"":""recent_posts.caption"",""source_reference"":""3928613477182041685"",""url"":""https://www.instagram.com/p/DaFPSSPP25V/""},{""evidence_text"":""Matched explicit term: hair"",""observation_type"":""direct"",""signal_type"":""beauty"",""source_field"":""recent_posts.caption"",""source_reference"":""3928613477182041685"",""url"":""https://www.instagram.com/p/DaFPSSPP25V/""},{""evidence_text"":""Matched explicit term: beauty"",""observation_type"":""direct"",""signal_type"":""beauty"",""source_field"":""recent_posts.hashtags"",""source_reference"":""3928613477182041685"",""url"":""https://www.instagram.com/p/DaFPSSPP25V/""},{""evidence_text"":""Matched explicit term: beauty"",""observation_type"":""direct"",""signal_type"":""beauty"",""source_field"":""recent_posts.caption"",""source_reference"":""3927707138680163371"",""url"":""https://www.instagram.com/p/DaCBNUuzAwr/""},{""evidence_text"":""Matched explicit term: hair"",""observation_type"":""direct"",""signal_type"":""beauty"",""source_field"":""recent_posts.caption"",""source_reference"":""3927707138680163371"",""url"":""https://www.instagram.com/p/DaCBNUuzAwr/""},{""evidence_text"":""Matched explicit term: beauty"",""observation_type"":""direct"",""signal_type"":""beauty"",""source_field"":""recent_posts.hashtags"",""source_reference"":""3927707138680163371"",""url"":""https://www.instagram.com/p/DaCBNUuzAwr/""},{""evidence_text"":""Matched explicit term: beauty"",""observation_type"":""direct"",""signal_type"":""beauty"",""source_field"":""recent_posts.caption"",""source_reference"":""3951232475885268117"",""url"":""https://www.instagram.com/p/DbVmQCWIOyV/""},{""evidence_text"":""Matched explicit term: beauty"",""observation_type"":""direct"",""signal_type"":""beauty"",""source_field"":""recent_posts.hashtags"",""source_reference"":""3951232475885268117"",""url"":""https://www.instagram.com/p/DbVmQCWIOyV/""},{""evidence_text"":""Matched explicit term: beauty"",""observation_type"":""direct"",""signal_type"":""beauty"",""source_field"":""recent_posts.caption"",""source_reference"":""3951116405694322388"",""url"":""https://www.instagram.com/p/DbVL2_joNbU/""},{""evidence_text"":""Matched explicit term: beauty"",""observation_type"":""direct"",""signal_type"":""beauty"",""source_field"":""recent_posts.hashtags"",""source_reference"":""3951116405694322388"",""url"":""https://www.instagram.com/p/DbVL2_joNbU/""},{""evidence_text"":""Matched explicit term: beauty"",""observation_type"":""direct"",""signal_type"":""beauty"",""source_field"":""recent_posts.caption"",""source_reference"":""3951066439319858735"",""url"":""https://www.instagram.com/p/DbVAf4voK4v/""},{""evidence_text"":""Matched explicit term: beauty"",""observation_type"":""direct"",""signal_type"":""beauty"",""source_field"":""recent_posts.hashtags"",""source_reference"":""3951066439319858735"",""url"":""https://www.instagram.com/p/DbVAf4voK4v/""},{""evidence_text"":""Matched explicit term: beauty"",""observation_type"":""direct"",""signal_type"":""beauty"",""source_field"":""recent_posts.caption"",""source_reference"":""3951004822007715495"",""url"":""https://www.instagram.com/p/DbUyfPJoBan/""},{""evidence_text"":""Matched explicit term: beauty"",""observation_type"":""direct"",""signal_type"":""beauty"",""source_field"":""recent_posts.hashtags"",""source_reference"":""3951004822007715495"",""url"":""https://www.instagram.com/p/DbUyfPJoBan/""},{""evidence_text"":""Matched explicit term: beauty"",""observation_type"":""direct"",""signal_type"":""beauty"",""source_field"":""recent_posts.caption"",""source_reference"":""3950396136121966457"",""url"":""https://www.instagram.com/p/DbSoFsPoB95/""},{""evidence_text"":""Matched explicit term: beauty"",""observation_type"":""direct"",""signal_type"":""beauty"",""source_field"":""recent_posts.hashtags"",""source_reference"":""3950396136121966457"",""url"":""https://www.instagram.com/p/DbSoFsPoB95/""},{""evidence_text"":""Matched explicit term: beauty"",""observation_type"":""direct"",""signal_type"":""beauty"",""source_field"":""recent_posts.caption"",""source_reference"":""3950169843454683311"",""url"":""https://www.instagram.com/p/DbR0osxk6iv/""},{""evidence_text"":""Matched explicit term: beauty"",""observation_type"":""direct"",""signal_type"":""beauty"",""source_field"":""recent_posts.hashtags"",""source_reference"":""3950169843454683311"",""url"":""https://www.instagram.com/p/DbR0osxk6iv/""},{""evidence_text"":""Matched explicit term: beauty"",""observation_type"":""direct"",""signal_type"":""beauty"",""source_field"":""recent_posts.caption"",""source_reference"":""3949757793611072262"",""url"":""https://www.instagram.com/p/DbQW8ldBMMG/""},{""evidence_text"":""Matched explicit term: beauty"",""observation_type"":""direct"",""signal_type"":""beauty"",""source_field"":""recent_posts.hashtags"",""source_reference"":""3949757793611072262"",""url"":""https://www.instagram.com/p/DbQW8ldBMMG/""},{""evidence_text"":""Matched explicit term: beauty"",""observation_type"":""direct"",""signal_type"":""beauty"",""source_field"":""recent_posts.caption"",""source_reference"":""3949631628980396404"",""url"":""https://www.instagram.com/p/DbP6QpfBiF0/""},{""evidence_text"":""Matched explicit term: hair"",""observation_type"":""direct"",""signal_type"":""beauty"",""source_field"":""recent_posts.caption"",""source_reference"":""3949631628980396404"",""url"":""https://www.instagram.com/p/DbP6QpfBiF0/""},{""evidence_text"":""Matched explicit term: beauty"",""observation_type"":""direct"",""signal_type"":""beauty"",""source_field"":""recent_posts.hashtags"",""source_reference"":""3949631628980396404"",""url"":""https://www.instagram.com/p/DbP6QpfBiF0/""},{""evidence_text"":""Matched explicit term: lifestyle"",""observation_type"":""direct"",""signal_type"":""lifestyle"",""source_field"":""recent_posts.caption"",""source_reference"":""3950477433469190375"",""url"":""https://www.instagram.com/p/DbS6kuTIMDn/""},{""evidence_text"":""Matched explicit term: life"",""observation_type"":""direct"",""signal_type"":""lifestyle"",""source_field"":""recent_posts.caption"",""source_reference"":""3950477433469190375"",""url"":""https://www.instagram.com/p/DbS6kuTIMDn/""},{""evidence_text"":""Matched explicit term: wb"",""observation_type"":""direct"",""signal_type"":""marketplace"",""source_field"":""recent_posts.caption"",""source_reference"":""3950477433469190375"",""url"":""https://www.instagram.com/p/DbS6kuTIMDn/""},{""evidence_text"":""Matched explicit term: ozon"",""observation_type"":""direct"",""signal_type"":""marketplace"",""source_field"":""recent_posts.caption"",""source_reference"":""3950477433469190375"",""url"":""https://www.instagram.com/p/DbS6kuTIMDn/""},{""evidence_text"":""19.00/24 topical + 4.00/5 format readiness + 0.71/1 Nike/Apple format alignment."",""observation_type"":""derived"",""signal_type"":""content_and_aesthetic_fit"",""source_field"":""candidate_metrics"",""source_reference"":""beauty321"",""url"":""https://www.instagram.com/beauty321/""}],""explanation"":""19.00/24 topical + 4.00/5 format readiness + 0.71/1 Nike/Apple format alignment."",""max_score"":30.0,""name"":""content_and_aesthetic_fit"",""score"":23.71},{""evidence"":[{""evidence_text"":""Matched explicit term: wb"",""observation_type"":""direct"",""signal_type"":""marketplace"",""source_field"":""recent_posts.caption"",""source_reference"":""3950477433469190375"",""url"":""https://www.instagram.com/p/DbS6kuTIMDn/""},{""evidence_text"":""Matched explicit term: ozon"",""observation_type"":""direct"",""signal_type"":""marketplace"",""source_field"":""recent_posts.caption"",""source_reference"":""3950477433469190375"",""url"":""https://www.instagram.com/p/DbS6kuTIMDn/""},{""evidence_text"":""Observed structured account mention(s): marcourageous, beauty321, river.ts, paulinehairflux"",""observation_type"":""direct"",""signal_type"":""native_product_integration"",""source_field"":""recent_posts.mentions"",""source_reference"":""3927704361681888460"",""url"":""https://www.instagram.com/p/DaCAk6czSTM/""},{""evidence_text"":""Observed tagged account(s): marcourageous"",""observation_type"":""direct"",""signal_type"":""native_product_integration"",""source_field"":""recent_posts.tagged_usernames"",""source_reference"":""3927704361681888460"",""url"":""https://www.instagram.com/p/DaCAk6czSTM/""},{""evidence_text"":""Observed structured account mention(s): marcourageous, benwooooo, beauty321, river.ts, paulinehairflux, louisvuitton, loewe, coach, christianlouboutin, bvlgari"",""observation_type"":""direct"",""signal_type"":""native_product_integration"",""source_field"":""recent_posts.mentions"",""source_reference"":""3928613477182041685"",""url"":""https://www.instagram.com/p/DaFPSSPP25V/""},{""evidence_text"":""Observed tagged account(s): benwooooo, marcourageous"",""observation_type"":""direct"",""signal_type"":""native_product_integration"",""source_field"":""recent_posts.tagged_usernames"",""source_reference"":""3928613477182041685"",""url"":""https://www.instagram.com/p/DaFPSSPP25V/""},{""evidence_text"":""Observed structured account mention(s): benwooooo, beauty321, river.ts, paulinehairflux"",""observation_type"":""direct"",""signal_type"":""native_product_integration"",""source_field"":""recent_posts.mentions"",""source_reference"":""3927707138680163371"",""url"":""https://www.instagram.com/p/DaCBNUuzAwr/""},{""evidence_text"":""Observed tagged account(s): benwooooo"",""observation_type"":""direct"",""signal_type"":""native_product_integration"",""source_field"":""recent_posts.tagged_usernames"",""source_reference"":""3927707138680163371"",""url"":""https://www.instagram.com/p/DaCBNUuzAwr/""},{""evidence_text"":""Observed structured account mention(s): beauty321"",""observation_type"":""direct"",""signal_type"":""native_product_integration"",""source_field"":""recent_posts.mentions"",""source_reference"":""3951232475885268117"",""url"":""https://www.instagram.com/p/DbVmQCWIOyV/""},{""evidence_text"":""Observed structured account mention(s): beauty321_07868"",""observation_type"":""direct"",""signal_type"":""native_product_integration"",""source_field"":""recent_posts.mentions"",""source_reference"":""3951116405694322388"",""url"":""https://www.instagram.com/p/DbVL2_joNbU/""},{""evidence_text"":""Observed tagged account(s): sanrio_kr, beauty321_07868, pompompurin_bakery_kr"",""observation_type"":""direct"",""signal_type"":""native_product_integration"",""source_field"":""recent_posts.tagged_usernames"",""source_reference"":""3951116405694322388"",""url"":""https://www.instagram.com/p/DbVL2_joNbU/""},{""evidence_text"":""Observed structured account mention(s): beauty321"",""observation_type"":""direct"",""signal_type"":""native_product_integration"",""source_field"":""recent_posts.mentions"",""source_reference"":""3951066439319858735"",""url"":""https://www.instagram.com/p/DbVAf4voK4v/""},{""evidence_text"":""Observed structured account mention(s): beauty321"",""observation_type"":""direct"",""signal_type"":""native_product_integration"",""source_field"":""recent_posts.mentions"",""source_reference"":""3951004822007715495"",""url"":""https://www.instagram.com/p/DbUyfPJoBan/""},{""evidence_text"":""Observed tagged account(s): sooyaaa__, hotones"",""observation_type"":""direct"",""signal_type"":""native_product_integration"",""source_field"":""recent_posts.tagged_usernames"",""source_reference"":""3951004822007715495"",""url"":""https://www.instagram.com/p/DbUyfPJoBan/""},{""evidence_text"":""Observed structured account mention(s): summer06_05, luandonchun, ho.0.8.0.9, jove.wang, coach, sandroparis, allsaintstaiwan, newbalancelifestyle"",""observation_type"":""direct"",""signal_type"":""native_product_integration"",""source_field"":""recent_posts.mentions"",""source_reference"":""3950477433469190375"",""url"":""https://www.instagram.com/p/DbS6kuTIMDn/""},{""evidence_text"":""Observed tagged account(s): _ozone.official_, summer06_05, sonymusic_taiwan"",""observation_type"":""direct"",""signal_type"":""native_product_integration"",""source_field"":""recent_posts.tagged_usernames"",""source_reference"":""3950477433469190375"",""url"":""https://www.instagram.com/p/DbS6kuTIMDn/""},{""evidence_text"":""Observed product-focused caption term(s): ozon, wb"",""observation_type"":""direct"",""signal_type"":""native_product_integration"",""source_field"":""recent_posts.caption"",""source_reference"":""3950477433469190375"",""url"":""https://www.instagram.com/p/DbS6kuTIMDn/""},{""evidence_text"":""Observed structured account mention(s): beauty321"",""observation_type"":""direct"",""signal_type"":""native_product_integration"",""source_field"":""recent_posts.mentions"",""source_reference"":""3950396136121966457"",""url"":""https://www.instagram.com/p/DbSoFsPoB95/""},{""evidence_text"":""Observed structured account mention(s): beauty321, saythename_17"",""observation_type"":""direct"",""signal_type"":""native_product_integration"",""source_field"":""recent_posts.mentions"",""source_reference"":""3950169843454683311"",""url"":""https://www.instagram.com/p/DbR0osxk6iv/""},{""evidence_text"":""Observed tagged account(s): saythename_17, vernonline, dk_is_dokyeom"",""observation_type"":""direct"",""signal_type"":""native_product_integration"",""source_field"":""recent_posts.tagged_usernames"",""source_reference"":""3950169843454683311"",""url"":""https://www.instagram.com/p/DbR0osxk6iv/""},{""evidence_text"":""Observed structured account mention(s): beauty321"",""observation_type"":""direct"",""signal_type"":""native_product_integration"",""source_field"":""recent_posts.mentions"",""source_reference"":""3949757793611072262"",""url"":""https://www.instagram.com/p/DbQW8ldBMMG/""},{""evidence_text"":""Observed structured account mention(s): marcourageous, benwooooo, beauty321, river.ts, paulinehairflux, louisvuitton, loewe, coach, christianlouboutin, bvlgari"",""observation_type"":""direct"",""signal_type"":""native_product_integration"",""source_field"":""recent_posts.mentions"",""source_reference"":""3949631628980396404"",""url"":""https://www.instagram.com/p/DbP6QpfBiF0/""},{""evidence_text"":""Observed tagged account(s): benwooooo, marcourageous"",""observation_type"":""direct"",""signal_type"":""native_product_integration"",""source_field"":""recent_posts.tagged_usernames"",""source_reference"":""3949631628980396404"",""url"":""https://www.instagram.com/p/DbP6QpfBiF0/""},{""evidence_text"":""UGC=False, marketplace=True, commercial/PR=False, contact=False; 12/12 posts have independently observed native-integration evidence."",""observation_type"":""derived"",""signal_type"":""native_product_integration_potential"",""source_field"":""candidate_metrics"",""source_reference"":""beauty321"",""url"":""https://www.instagram.com/beauty321/""}],""explanation"":""UGC=False, marketplace=True, commercial/PR=False, contact=False; 12/12 posts have independently observed native-integration evidence."",""max_score"":20.0,""name"":""native_product_integration_potential"",""score"":8.0},{""evidence"":[{""evidence_text"":""Short video share 0.250 × 15 = 3.75."",""observation_type"":""derived"",""signal_type"":""short_video_consistency"",""source_field"":""candidate_metrics"",""source_reference"":""beauty321"",""url"":""https://www.instagram.com/beauty321/""}],""explanation"":""Short video share 0.250 × 15 = 3.75."",""max_score"":15.0,""name"":""short_video_consistency"",""score"":3.75},{""evidence"":[{""evidence_text"":""Frozen Phase A percentile 0.322676 × 15 = 4.84 raw; × completeness 12/12 (1.000000) = 4.84 adjusted."",""observation_type"":""derived"",""signal_type"":""engagement"",""source_field"":""candidate_metrics"",""source_reference"":""beauty321"",""url"":""https://www.instagram.com/beauty321/""}],""explanation"":""Frozen Phase A percentile 0.322676 × 15 = 4.84 raw; × completeness 12/12 (1.000000) = 4.84 adjusted."",""max_score"":15.0,""name"":""engagement"",""score"":4.84},{""evidence"":[{""evidence_text"":""Matched explicit term: wb"",""observation_type"":""direct"",""signal_type"":""marketplace"",""source_field"":""recent_posts.caption"",""source_reference"":""3950477433469190375"",""url"":""https://www.instagram.com/p/DbS6kuTIMDn/""},{""evidence_text"":""Matched explicit term: ozon"",""observation_type"":""direct"",""signal_type"":""marketplace"",""source_field"":""recent_posts.caption"",""source_reference"":""3950477433469190375"",""url"":""https://www.instagram.com/p/DbS6kuTIMDn/""},{""evidence_text"":""2.0/5 for large audience (150k–300k); commercial/PR=False (+2), UGC=False (+2), marketplace=True (+1)."",""observation_type"":""derived"",""signal_type"":""barter_feasibility"",""source_field"":""candidate_metrics"",""source_reference"":""beauty321"",""url"":""https://www.instagram.com/beauty321/""}],""explanation"":""2.0/5 for large audience (150k–300k); commercial/PR=False (+2), UGC=False (+2), marketplace=True (+1)."",""max_score"":10.0,""name"":""barter_feasibility"",""score"":3.0},{""evidence"":[{""evidence_text"":""6.00/6 recency + 4.00/4 posting frequency."",""observation_type"":""derived"",""signal_type"":""recent_activity"",""source_field"":""candidate_metrics"",""source_reference"":""beauty321"",""url"":""https://www.instagram.com/beauty321/""}],""explanation"":""6.00/6 recency + 4.00/4 posting frequency."",""max_score"":10.0,""name"":""recent_activity"",""score"":10.0}]","Rank 8 of 30 eligible candidates: score 53.30/100, discovery confidence 0.867, data completeness 1.000, engagement rate 0.433%.","[{""evidence_text"":""Matched explicit term: fashion"",""observation_type"":""direct"",""signal_type"":""fashion"",""source_field"":""recent_posts.caption"",""source_reference"":""3927704361681888460"",""url"":""https://www.instagram.com/p/DaCAk6czSTM/""},{""evidence_text"":""Matched explicit term: fashion"",""observation_type"":""direct"",""signal_type"":""fashion"",""source_field"":""recent_posts.caption"",""source_reference"":""3928613477182041685"",""url"":""https://www.instagram.com/p/DaFPSSPP25V/""},{""evidence_text"":""Matched explicit term: fashion"",""observation_type"":""direct"",""signal_type"":""fashion"",""source_field"":""recent_posts.caption"",""source_reference"":""3927707138680163371"",""url"":""https://www.instagram.com/p/DaCBNUuzAwr/""},{""evidence_text"":""Matched explicit term: fashion"",""observation_type"":""direct"",""signal_type"":""fashion"",""source_field"":""recent_posts.caption"",""source_reference"":""3950477433469190375"",""url"":""https://www.instagram.com/p/DbS6kuTIMDn/""},{""evidence_text"":""Matched explicit term: fashion"",""observation_type"":""direct"",""signal_type"":""fashion"",""source_field"":""recent_posts.caption"",""source_reference"":""3949631628980396404"",""url"":""https://www.instagram.com/p/DbP6QpfBiF0/""},{""evidence_text"":""Matched explicit term: beauty"",""observation_type"":""direct"",""signal_type"":""beauty"",""source_field"":""full_name"",""source_reference"":""profile"",""url"":""https://www.instagram.com/beauty321/""},{""evidence_text"":""Matched explicit term: beauty"",""observation_type"":""direct"",""signal_type"":""beauty"",""source_field"":""biography"",""source_reference"":""profile"",""url"":""https://www.instagram.com/beauty321/""},{""evidence_text"":""Matched explicit term: beauty"",""observation_type"":""direct"",""signal_type"":""beauty"",""source_field"":""recent_posts.caption"",""source_reference"":""3927704361681888460"",""url"":""https://www.instagram.com/p/DaCAk6czSTM/""},{""evidence_text"":""Matched explicit term: hair"",""observation_type"":""direct"",""signal_type"":""beauty"",""source_field"":""recent_posts.caption"",""source_reference"":""3927704361681888460"",""url"":""https://www.instagram.com/p/DaCAk6czSTM/""},{""evidence_text"":""Matched explicit term: beauty"",""observation_type"":""direct"",""signal_type"":""beauty"",""source_field"":""recent_posts.hashtags"",""source_reference"":""3927704361681888460"",""url"":""https://www.instagram.com/p/DaCAk6czSTM/""},{""evidence_text"":""Matched explicit term: beauty"",""observation_type"":""direct"",""signal_type"":""beauty"",""source_field"":""recent_posts.caption"",""source_reference"":""3928613477182041685"",""url"":""https://www.instagram.com/p/DaFPSSPP25V/""},{""evidence_text"":""Matched explicit term: hair"",""observation_type"":""direct"",""signal_type"":""beauty"",""source_field"":""recent_posts.caption"",""source_reference"":""3928613477182041685"",""url"":""https://www.instagram.com/p/DaFPSSPP25V/""},{""evidence_text"":""Matched explicit term: beauty"",""observation_type"":""direct"",""signal_type"":""beauty"",""source_field"":""recent_posts.hashtags"",""source_reference"":""3928613477182041685"",""url"":""https://www.instagram.com/p/DaFPSSPP25V/""},{""evidence_text"":""Matched explicit term: beauty"",""observation_type"":""direct"",""signal_type"":""beauty"",""source_field"":""recent_posts.caption"",""source_reference"":""3927707138680163371"",""url"":""https://www.instagram.com/p/DaCBNUuzAwr/""},{""evidence_text"":""Matched explicit term: hair"",""observation_type"":""direct"",""signal_type"":""beauty"",""source_field"":""recent_posts.caption"",""source_reference"":""3927707138680163371"",""url"":""https://www.instagram.com/p/DaCBNUuzAwr/""},{""evidence_text"":""Matched explicit term: beauty"",""observation_type"":""direct"",""signal_type"":""beauty"",""source_field"":""recent_posts.hashtags"",""source_reference"":""3927707138680163371"",""url"":""https://www.instagram.com/p/DaCBNUuzAwr/""},{""evidence_text"":""Matched explicit term: beauty"",""observation_type"":""direct"",""signal_type"":""beauty"",""source_field"":""recent_posts.caption"",""source_reference"":""3951232475885268117"",""url"":""https://www.instagram.com/p/DbVmQCWIOyV/""},{""evidence_text"":""Matched explicit term: beauty"",""observation_type"":""direct"",""signal_type"":""beauty"",""source_field"":""recent_posts.hashtags"",""source_reference"":""3951232475885268117"",""url"":""https://www.instagram.com/p/DbVmQCWIOyV/""},{""evidence_text"":""Matched explicit term: beauty"",""observation_type"":""direct"",""signal_type"":""beauty"",""source_field"":""recent_posts.caption"",""source_reference"":""3951116405694322388"",""url"":""https://www.instagram.com/p/DbVL2_joNbU/""},{""evidence_text"":""Matched explicit term: beauty"",""observation_type"":""direct"",""signal_type"":""beauty"",""source_field"":""recent_posts.hashtags"",""source_reference"":""3951116405694322388"",""url"":""https://www.instagram.com/p/DbVL2_joNbU/""},{""evidence_text"":""Matched explicit term: beauty"",""observation_type"":""direct"",""signal_type"":""beauty"",""source_field"":""recent_posts.caption"",""source_reference"":""3951066439319858735"",""url"":""https://www.instagram.com/p/DbVAf4voK4v/""},{""evidence_text"":""Matched explicit term: beauty"",""observation_type"":""direct"",""signal_type"":""beauty"",""source_field"":""recent_posts.hashtags"",""source_reference"":""3951066439319858735"",""url"":""https://www.instagram.com/p/DbVAf4voK4v/""},{""evidence_text"":""Matched explicit term: beauty"",""observation_type"":""direct"",""signal_type"":""beauty"",""source_field"":""recent_posts.caption"",""source_reference"":""3951004822007715495"",""url"":""https://www.instagram.com/p/DbUyfPJoBan/""},{""evidence_text"":""Matched explicit term: beauty"",""observation_type"":""direct"",""signal_type"":""beauty"",""source_field"":""recent_posts.hashtags"",""source_reference"":""3951004822007715495"",""url"":""https://www.instagram.com/p/DbUyfPJoBan/""},{""evidence_text"":""Matched explicit term: beauty"",""observation_type"":""direct"",""signal_type"":""beauty"",""source_field"":""recent_posts.caption"",""source_reference"":""3950396136121966457"",""url"":""https://www.instagram.com/p/DbSoFsPoB95/""},{""evidence_text"":""Matched explicit term: beauty"",""observation_type"":""direct"",""signal_type"":""beauty"",""source_field"":""recent_posts.hashtags"",""source_reference"":""3950396136121966457"",""url"":""https://www.instagram.com/p/DbSoFsPoB95/""},{""evidence_text"":""Matched explicit term: beauty"",""observation_type"":""direct"",""signal_type"":""beauty"",""source_field"":""recent_posts.caption"",""source_reference"":""3950169843454683311"",""url"":""https://www.instagram.com/p/DbR0osxk6iv/""},{""evidence_text"":""Matched explicit term: beauty"",""observation_type"":""direct"",""signal_type"":""beauty"",""source_field"":""recent_posts.hashtags"",""source_reference"":""3950169843454683311"",""url"":""https://www.instagram.com/p/DbR0osxk6iv/""},{""evidence_text"":""Matched explicit term: beauty"",""observation_type"":""direct"",""signal_type"":""beauty"",""source_field"":""recent_posts.caption"",""source_reference"":""3949757793611072262"",""url"":""https://www.instagram.com/p/DbQW8ldBMMG/""},{""evidence_text"":""Matched explicit term: beauty"",""observation_type"":""direct"",""signal_type"":""beauty"",""source_field"":""recent_posts.hashtags"",""source_reference"":""3949757793611072262"",""url"":""https://www.instagram.com/p/DbQW8ldBMMG/""},{""evidence_text"":""Matched explicit term: beauty"",""observation_type"":""direct"",""signal_type"":""beauty"",""source_field"":""recent_posts.caption"",""source_reference"":""3949631628980396404"",""url"":""https://www.instagram.com/p/DbP6QpfBiF0/""},{""evidence_text"":""Matched explicit term: hair"",""observation_type"":""direct"",""signal_type"":""beauty"",""source_field"":""recent_posts.caption"",""source_reference"":""3949631628980396404"",""url"":""https://www.instagram.com/p/DbP6QpfBiF0/""},{""evidence_text"":""Matched explicit term: beauty"",""observation_type"":""direct"",""signal_type"":""beauty"",""source_field"":""recent_posts.hashtags"",""source_reference"":""3949631628980396404"",""url"":""https://www.instagram.com/p/DbP6QpfBiF0/""},{""evidence_text"":""Matched explicit term: lifestyle"",""observation_type"":""direct"",""signal_type"":""lifestyle"",""source_field"":""recent_posts.caption"",""source_reference"":""3950477433469190375"",""url"":""https://www.instagram.com/p/DbS6kuTIMDn/""},{""evidence_text"":""Matched explicit term: life"",""observation_type"":""direct"",""signal_type"":""lifestyle"",""source_field"":""recent_posts.caption"",""source_reference"":""3950477433469190375"",""url"":""https://www.instagram.com/p/DbS6kuTIMDn/""},{""evidence_text"":""Matched explicit term: wb"",""observation_type"":""direct"",""signal_type"":""marketplace"",""source_field"":""recent_posts.caption"",""source_reference"":""3950477433469190375"",""url"":""https://www.instagram.com/p/DbS6kuTIMDn/""},{""evidence_text"":""Matched explicit term: ozon"",""observation_type"":""direct"",""signal_type"":""marketplace"",""source_field"":""recent_posts.caption"",""source_reference"":""3950477433469190375"",""url"":""https://www.instagram.com/p/DbS6kuTIMDn/""},{""evidence_text"":""Observed structured account mention(s): marcourageous, beauty321, river.ts, paulinehairflux"",""observation_type"":""direct"",""signal_type"":""native_product_integration"",""source_field"":""recent_posts.mentions"",""source_reference"":""3927704361681888460"",""url"":""https://www.instagram.com/p/DaCAk6czSTM/""},{""evidence_text"":""Observed tagged account(s): marcourageous"",""observation_type"":""direct"",""signal_type"":""native_product_integration"",""source_field"":""recent_posts.tagged_usernames"",""source_reference"":""3927704361681888460"",""url"":""https://www.instagram.com/p/DaCAk6czSTM/""},{""evidence_text"":""Observed structured account mention(s): marcourageous, benwooooo, beauty321, river.ts, paulinehairflux, louisvuitton, loewe, coach, christianlouboutin, bvlgari"",""observation_type"":""direct"",""signal_type"":""native_product_integration"",""source_field"":""recent_posts.mentions"",""source_reference"":""3928613477182041685"",""url"":""https://www.instagram.com/p/DaFPSSPP25V/""},{""evidence_text"":""Observed tagged account(s): benwooooo, marcourageous"",""observation_type"":""direct"",""signal_type"":""native_product_integration"",""source_field"":""recent_posts.tagged_usernames"",""source_reference"":""3928613477182041685"",""url"":""https://www.instagram.com/p/DaFPSSPP25V/""},{""evidence_text"":""Observed structured account mention(s): benwooooo, beauty321, river.ts, paulinehairflux"",""observation_type"":""direct"",""signal_type"":""native_product_integration"",""source_field"":""recent_posts.mentions"",""source_reference"":""3927707138680163371"",""url"":""https://www.instagram.com/p/DaCBNUuzAwr/""},{""evidence_text"":""Observed tagged account(s): benwooooo"",""observation_type"":""direct"",""signal_type"":""native_product_integration"",""source_field"":""recent_posts.tagged_usernames"",""source_reference"":""3927707138680163371"",""url"":""https://www.instagram.com/p/DaCBNUuzAwr/""},{""evidence_text"":""Observed structured account mention(s): beauty321"",""observation_type"":""direct"",""signal_type"":""native_product_integration"",""source_field"":""recent_posts.mentions"",""source_reference"":""3951232475885268117"",""url"":""https://www.instagram.com/p/DbVmQCWIOyV/""},{""evidence_text"":""Observed structured account mention(s): beauty321_07868"",""observation_type"":""direct"",""signal_type"":""native_product_integration"",""source_field"":""recent_posts.mentions"",""source_reference"":""3951116405694322388"",""url"":""https://www.instagram.com/p/DbVL2_joNbU/""},{""evidence_text"":""Observed tagged account(s): sanrio_kr, beauty321_07868, pompompurin_bakery_kr"",""observation_type"":""direct"",""signal_type"":""native_product_integration"",""source_field"":""recent_posts.tagged_usernames"",""source_reference"":""3951116405694322388"",""url"":""https://www.instagram.com/p/DbVL2_joNbU/""},{""evidence_text"":""Observed structured account mention(s): beauty321"",""observation_type"":""direct"",""signal_type"":""native_product_integration"",""source_field"":""recent_posts.mentions"",""source_reference"":""3951066439319858735"",""url"":""https://www.instagram.com/p/DbVAf4voK4v/""},{""evidence_text"":""Observed structured account mention(s): beauty321"",""observation_type"":""direct"",""signal_type"":""native_product_integration"",""source_field"":""recent_posts.mentions"",""source_reference"":""3951004822007715495"",""url"":""https://www.instagram.com/p/DbUyfPJoBan/""},{""evidence_text"":""Observed tagged account(s): sooyaaa__, hotones"",""observation_type"":""direct"",""signal_type"":""native_product_integration"",""source_field"":""recent_posts.tagged_usernames"",""source_reference"":""3951004822007715495"",""url"":""https://www.instagram.com/p/DbUyfPJoBan/""},{""evidence_text"":""Observed structured account mention(s): summer06_05, luandonchun, ho.0.8.0.9, jove.wang, coach, sandroparis, allsaintstaiwan, newbalancelifestyle"",""observation_type"":""direct"",""signal_type"":""native_product_integration"",""source_field"":""recent_posts.mentions"",""source_reference"":""3950477433469190375"",""url"":""https://www.instagram.com/p/DbS6kuTIMDn/""},{""evidence_text"":""Observed tagged account(s): _ozone.official_, summer06_05, sonymusic_taiwan"",""observation_type"":""direct"",""signal_type"":""native_product_integration"",""source_field"":""recent_posts.tagged_usernames"",""source_reference"":""3950477433469190375"",""url"":""https://www.instagram.com/p/DbS6kuTIMDn/""},{""evidence_text"":""Observed product-focused caption term(s): ozon, wb"",""observation_type"":""direct"",""signal_type"":""native_product_integration"",""source_field"":""recent_posts.caption"",""source_reference"":""3950477433469190375"",""url"":""https://www.instagram.com/p/DbS6kuTIMDn/""},{""evidence_text"":""Observed structured account mention(s): beauty321"",""observation_type"":""direct"",""signal_type"":""native_product_integration"",""source_field"":""recent_posts.mentions"",""source_reference"":""3950396136121966457"",""url"":""https://www.instagram.com/p/DbSoFsPoB95/""},{""evidence_text"":""Observed structured account mention(s): beauty321, saythename_17"",""observation_type"":""direct"",""signal_type"":""native_product_integration"",""source_field"":""recent_posts.mentions"",""source_reference"":""3950169843454683311"",""url"":""https://www.instagram.com/p/DbR0osxk6iv/""},{""evidence_text"":""Observed tagged account(s): saythename_17, vernonline, dk_is_dokyeom"",""observation_type"":""direct"",""signal_type"":""native_product_integration"",""source_field"":""recent_posts.tagged_usernames"",""source_reference"":""3950169843454683311"",""url"":""https://www.instagram.com/p/DbR0osxk6iv/""},{""evidence_text"":""Observed structured account mention(s): beauty321"",""observation_type"":""direct"",""signal_type"":""native_product_integration"",""source_field"":""recent_posts.mentions"",""source_reference"":""3949757793611072262"",""url"":""https://www.instagram.com/p/DbQW8ldBMMG/""},{""evidence_text"":""Observed structured account mention(s): marcourageous, benwooooo, beauty321, river.ts, paulinehairflux, louisvuitton, loewe, coach, christianlouboutin, bvlgari"",""observation_type"":""direct"",""signal_type"":""native_product_integration"",""source_field"":""recent_posts.mentions"",""source_reference"":""3949631628980396404"",""url"":""https://www.instagram.com/p/DbP6QpfBiF0/""},{""evidence_text"":""Observed tagged account(s): benwooooo, marcourageous"",""observation_type"":""direct"",""signal_type"":""native_product_integration"",""source_field"":""recent_posts.tagged_usernames"",""source_reference"":""3949631628980396404"",""url"":""https://www.instagram.com/p/DbP6QpfBiF0/""},{""evidence_text"":""0.40×provider identity (1.000) + 0.20×multi-query support (0.333; 1 distinct queries, full credit at 3) + 0.20×profile/post link verification (1.000) + 0.20×query relevance (1.000; 5 directly evidenced target dimensions) = 0.867."",""observation_type"":""derived"",""signal_type"":""discovery_confidence"",""source_field"":""provider_and_discovery"",""source_reference"":""beauty321"",""url"":""https://www.instagram.com/beauty321/""},{""evidence_text"":""Caption-derived topic excerpt used: 有些生命來到我們身邊，或許不是陪我們走完一輩子，卻足以改變我們的一輩子...... 🐈 今天是 7 月 29 日貓咪肉球日，正好也是電影《遇見街貓BOB》（A Street Cat Named Bob）上映 10 週年…"",""observation_type"":""direct"",""signal_type"":""offer_personalization"",""source_field"":""recent_posts.caption"",""source_reference"":""3951232475885268117"",""url"":""https://www.instagram.com/p/DbVmQCWIOyV/""},{""evidence_text"":""Observed profile name used in greeting: BEAUTY美人圈"",""observation_type"":""direct"",""signal_type"":""offer_greeting"",""source_field"":""full_name"",""source_reference"":""profile"",""url"":""https://www.instagram.com/beauty321/""}]",https://www.instagram.com/p/DbVmQCWIOyV/,"Здравствуйте, BEAUTY美人圈!

Увидели вашу недавнюю публикацию «有些生命來到我們身邊，或許不是陪我們走完一輩子，卻足以改變我們的一輩子...... 🐈 今天是 7 月 29 日貓咪肉球日，正好也是電影《遇見街貓BOB》（A Street Cat Named Bob）上映 10 週年…»: https://www.instagram.com/p/DbVmQCWIOyV/
Нам кажется, такой формат контента может естественно сочетаться с категорией «женская одежда».

Мы — LD Latte. Хотим предложить для обсуждения товар бренда в обмен на согласованный контент: товар из новой коллекции LD Latte. Если идея вам интересна, возможный формат — Reels или нативный обзор; детали и творческую подачу согласуем вместе.

Будем рады обсудить предложение, если оно вам подходит; никаких обязательств до согласования условий нет.

[Черновик: требуется ручная проверка и одобрение перед использованием.]",pending,,0.866667,eligible,[],"[""beauty_lifestyle_01""]",apify,2026-07-28T19:11:52.795572+00:00,deterministic_template,"clear: no Phase A username, URL, historical alias, replacement, rejected false lead, Nike, or Apple match"
instagram,wish_ai_creator,https://www.instagram.com/wish_ai_creator/,521227,17144.0,437.5,3.3730984772469577,12,12,1.0,0.9166666666666666,2026-07-28T18:43:29+00:00,52.04,"[{""evidence"":[{""evidence_text"":""Matched explicit term: hair"",""observation_type"":""direct"",""signal_type"":""beauty"",""source_field"":""recent_posts.caption"",""source_reference"":""3949959288254001612"",""url"":""https://www.instagram.com/p/DbREwt9onHM/""},{""evidence_text"":""Matched explicit term: hair"",""observation_type"":""direct"",""signal_type"":""beauty"",""source_field"":""recent_posts.hashtags"",""source_reference"":""3949959288254001612"",""url"":""https://www.instagram.com/p/DbREwt9onHM/""},{""evidence_text"":""Matched explicit term: life"",""observation_type"":""direct"",""signal_type"":""lifestyle"",""source_field"":""recent_posts.caption"",""source_reference"":""3949726354584954842"",""url"":""https://www.instagram.com/p/DbQPzFlCOfa/""},{""evidence_text"":""Matched explicit term: life"",""observation_type"":""direct"",""signal_type"":""lifestyle"",""source_field"":""recent_posts.hashtags"",""source_reference"":""3949726354584954842"",""url"":""https://www.instagram.com/p/DbQPzFlCOfa/""},{""evidence_text"":""Matched explicit term: life"",""observation_type"":""direct"",""signal_type"":""lifestyle"",""source_field"":""recent_posts.caption"",""source_reference"":""3949114712379313519"",""url"":""https://www.instagram.com/p/DbOEuhYo01v/""},{""evidence_text"":""Matched explicit term: life"",""observation_type"":""direct"",""signal_type"":""lifestyle"",""source_field"":""recent_posts.hashtags"",""source_reference"":""3949114712379313519"",""url"":""https://www.instagram.com/p/DbOEuhYo01v/""},{""evidence_text"":""9.00/24 topical + 4.00/5 format readiness + 0.62/1 Nike/Apple format alignment."",""observation_type"":""derived"",""signal_type"":""content_and_aesthetic_fit"",""source_field"":""candidate_metrics"",""source_reference"":""wish_ai_creator"",""url"":""https://www.instagram.com/wish_ai_creator/""}],""explanation"":""9.00/24 topical + 4.00/5 format readiness + 0.62/1 Nike/Apple format alignment."",""max_score"":30.0,""name"":""content_and_aesthetic_fit"",""score"":13.62},{""evidence"":[{""evidence_text"":""Observed email address: wishaicreator@gmail.com"",""observation_type"":""direct"",""signal_type"":""contact"",""source_field"":""biography"",""source_reference"":""profile"",""url"":""https://www.instagram.com/wish_ai_creator/""},{""evidence_text"":""Observed tagged account(s): wish_ai_creator, art_content_ai"",""observation_type"":""direct"",""signal_type"":""native_product_integration"",""source_field"":""recent_posts.tagged_usernames"",""source_reference"":""3852022091805630513"",""url"":""https://www.instagram.com/p/DV1Ia8BCCAx/""},{""evidence_text"":""Observed tagged account(s): wish_ai_creator, art_content_ai"",""observation_type"":""direct"",""signal_type"":""native_product_integration"",""source_field"":""recent_posts.tagged_usernames"",""source_reference"":""3772298448758910559"",""url"":""https://www.instagram.com/p/DRZ5XPhCC5f/""},{""evidence_text"":""Observed tagged account(s): wish_ai_creator, art_content_ai"",""observation_type"":""direct"",""signal_type"":""native_product_integration"",""source_field"":""recent_posts.tagged_usernames"",""source_reference"":""3544792152489294712"",""url"":""https://www.instagram.com/p/DExoa57t3t4/""},{""evidence_text"":""Observed structured account mention(s): flovaai"",""observation_type"":""direct"",""signal_type"":""native_product_integration"",""source_field"":""recent_posts.mentions"",""source_reference"":""3950553689464480811"",""url"":""https://www.instagram.com/p/DbTL6ZOo6Qr/""},{""evidence_text"":""Observed tagged account(s): flovaai"",""observation_type"":""direct"",""signal_type"":""native_product_integration"",""source_field"":""recent_posts.tagged_usernames"",""source_reference"":""3950553689464480811"",""url"":""https://www.instagram.com/p/DbTL6ZOo6Qr/""},{""evidence_text"":""Observed structured account mention(s): flovaai"",""observation_type"":""direct"",""signal_type"":""native_product_integration"",""source_field"":""recent_posts.mentions"",""source_reference"":""3949819273167408155"",""url"":""https://www.instagram.com/p/DbQk7OwIowb/""},{""evidence_text"":""Observed tagged account(s): wish_ai_creator, art_content_ai, flovaai"",""observation_type"":""direct"",""signal_type"":""native_product_integration"",""source_field"":""recent_posts.tagged_usernames"",""source_reference"":""3949819273167408155"",""url"":""https://www.instagram.com/p/DbQk7OwIowb/""},{""evidence_text"":""UGC=False, marketplace=False, commercial/PR=False, contact=True; 5/12 posts have independently observed native-integration evidence."",""observation_type"":""derived"",""signal_type"":""native_product_integration_potential"",""source_field"":""candidate_metrics"",""source_reference"":""wish_ai_creator"",""url"":""https://www.instagram.com/wish_ai_creator/""}],""explanation"":""UGC=False, marketplace=False, commercial/PR=False, contact=True; 5/12 posts have independently observed native-integration evidence."",""max_score"":20.0,""name"":""native_product_integration_potential"",""score"":5.33},{""evidence"":[{""evidence_text"":""Short video share 0.917 × 15 = 13.75."",""observation_type"":""derived"",""signal_type"":""short_video_consistency"",""source_field"":""candidate_metrics"",""source_reference"":""wish_ai_creator"",""url"":""https://www.instagram.com/wish_ai_creator/""}],""explanation"":""Short video share 0.917 × 15 = 13.75."",""max_score"":15.0,""name"":""short_video_consistency"",""score"":13.75},{""evidence"":[{""evidence_text"":""Frozen Phase A percentile 0.804861 × 15 = 12.07 raw; × completeness 12/12 (1.000000) = 12.07 adjusted."",""observation_type"":""derived"",""signal_type"":""engagement"",""source_field"":""candidate_metrics"",""source_reference"":""wish_ai_creator"",""url"":""https://www.instagram.com/wish_ai_creator/""}],""explanation"":""Frozen Phase A percentile 0.804861 × 15 = 12.07 raw; × completeness 12/12 (1.000000) = 12.07 adjusted."",""max_score"":15.0,""name"":""engagement"",""score"":12.07},{""evidence"":[{""evidence_text"":""1.0/5 for very large audience (>300k); commercial/PR=False (+2), UGC=False (+2), marketplace=False (+1)."",""observation_type"":""derived"",""signal_type"":""barter_feasibility"",""source_field"":""candidate_metrics"",""source_reference"":""wish_ai_creator"",""url"":""https://www.instagram.com/wish_ai_creator/""}],""explanation"":""1.0/5 for very large audience (>300k); commercial/PR=False (+2), UGC=False (+2), marketplace=False (+1)."",""max_score"":10.0,""name"":""barter_feasibility"",""score"":1.0},{""evidence"":[{""evidence_text"":""6.00/6 recency + 0.27/4 posting frequency."",""observation_type"":""derived"",""signal_type"":""recent_activity"",""source_field"":""candidate_metrics"",""source_reference"":""wish_ai_creator"",""url"":""https://www.instagram.com/wish_ai_creator/""}],""explanation"":""6.00/6 recency + 0.27/4 posting frequency."",""max_score"":10.0,""name"":""recent_activity"",""score"":6.27}]","Rank 9 of 30 eligible candidates: score 52.04/100, discovery confidence 0.867, data completeness 1.000, engagement rate 3.373%.","[{""evidence_text"":""Observed email address: wishaicreator@gmail.com"",""observation_type"":""direct"",""signal_type"":""contact"",""source_field"":""biography"",""source_reference"":""profile"",""url"":""https://www.instagram.com/wish_ai_creator/""},{""evidence_text"":""Matched explicit term: hair"",""observation_type"":""direct"",""signal_type"":""beauty"",""source_field"":""recent_posts.caption"",""source_reference"":""3949959288254001612"",""url"":""https://www.instagram.com/p/DbREwt9onHM/""},{""evidence_text"":""Matched explicit term: hair"",""observation_type"":""direct"",""signal_type"":""beauty"",""source_field"":""recent_posts.hashtags"",""source_reference"":""3949959288254001612"",""url"":""https://www.instagram.com/p/DbREwt9onHM/""},{""evidence_text"":""Matched explicit term: life"",""observation_type"":""direct"",""signal_type"":""lifestyle"",""source_field"":""recent_posts.caption"",""source_reference"":""3949726354584954842"",""url"":""https://www.instagram.com/p/DbQPzFlCOfa/""},{""evidence_text"":""Matched explicit term: life"",""observation_type"":""direct"",""signal_type"":""lifestyle"",""source_field"":""recent_posts.hashtags"",""source_reference"":""3949726354584954842"",""url"":""https://www.instagram.com/p/DbQPzFlCOfa/""},{""evidence_text"":""Matched explicit term: life"",""observation_type"":""direct"",""signal_type"":""lifestyle"",""source_field"":""recent_posts.caption"",""source_reference"":""3949114712379313519"",""url"":""https://www.instagram.com/p/DbOEuhYo01v/""},{""evidence_text"":""Matched explicit term: life"",""observation_type"":""direct"",""signal_type"":""lifestyle"",""source_field"":""recent_posts.hashtags"",""source_reference"":""3949114712379313519"",""url"":""https://www.instagram.com/p/DbOEuhYo01v/""},{""evidence_text"":""Observed tagged account(s): wish_ai_creator, art_content_ai"",""observation_type"":""direct"",""signal_type"":""native_product_integration"",""source_field"":""recent_posts.tagged_usernames"",""source_reference"":""3852022091805630513"",""url"":""https://www.instagram.com/p/DV1Ia8BCCAx/""},{""evidence_text"":""Observed tagged account(s): wish_ai_creator, art_content_ai"",""observation_type"":""direct"",""signal_type"":""native_product_integration"",""source_field"":""recent_posts.tagged_usernames"",""source_reference"":""3772298448758910559"",""url"":""https://www.instagram.com/p/DRZ5XPhCC5f/""},{""evidence_text"":""Observed tagged account(s): wish_ai_creator, art_content_ai"",""observation_type"":""direct"",""signal_type"":""native_product_integration"",""source_field"":""recent_posts.tagged_usernames"",""source_reference"":""3544792152489294712"",""url"":""https://www.instagram.com/p/DExoa57t3t4/""},{""evidence_text"":""Observed structured account mention(s): flovaai"",""observation_type"":""direct"",""signal_type"":""native_product_integration"",""source_field"":""recent_posts.mentions"",""source_reference"":""3950553689464480811"",""url"":""https://www.instagram.com/p/DbTL6ZOo6Qr/""},{""evidence_text"":""Observed tagged account(s): flovaai"",""observation_type"":""direct"",""signal_type"":""native_product_integration"",""source_field"":""recent_posts.tagged_usernames"",""source_reference"":""3950553689464480811"",""url"":""https://www.instagram.com/p/DbTL6ZOo6Qr/""},{""evidence_text"":""Observed structured account mention(s): flovaai"",""observation_type"":""direct"",""signal_type"":""native_product_integration"",""source_field"":""recent_posts.mentions"",""source_reference"":""3949819273167408155"",""url"":""https://www.instagram.com/p/DbQk7OwIowb/""},{""evidence_text"":""Observed tagged account(s): wish_ai_creator, art_content_ai, flovaai"",""observation_type"":""direct"",""signal_type"":""native_product_integration"",""source_field"":""recent_posts.tagged_usernames"",""source_reference"":""3949819273167408155"",""url"":""https://www.instagram.com/p/DbQk7OwIowb/""},{""evidence_text"":""0.40×provider identity (1.000) + 0.20×multi-query support (0.333; 1 distinct queries, full credit at 3) + 0.20×profile/post link verification (1.000) + 0.20×query relevance (1.000; 3 directly evidenced target dimensions) = 0.867."",""observation_type"":""derived"",""signal_type"":""discovery_confidence"",""source_field"":""provider_and_discovery"",""source_reference"":""wish_ai_creator"",""url"":""https://www.instagram.com/wish_ai_creator/""},{""evidence_text"":""Caption-derived topic excerpt used: An athletic orange tabby cat leaps flawlessly across a series of wooden posts standing in the water while a m…"",""observation_type"":""direct"",""signal_type"":""offer_personalization"",""source_field"":""recent_posts.caption"",""source_reference"":""3950553689464480811"",""url"":""https://www.instagram.com/p/DbTL6ZOo6Qr/""},{""evidence_text"":""Observed profile name used in greeting: Wish Ai Creator"",""observation_type"":""direct"",""signal_type"":""offer_greeting"",""source_field"":""full_name"",""source_reference"":""profile"",""url"":""https://www.instagram.com/wish_ai_creator/""}]",https://www.instagram.com/p/DbTL6ZOo6Qr/,"Здравствуйте, Wish Ai Creator!

Увидели вашу недавнюю публикацию «An athletic orange tabby cat leaps flawlessly across a series of wooden posts standing in the water while a m…»: https://www.instagram.com/p/DbTL6ZOo6Qr/
Нам кажется, такой формат контента может естественно сочетаться с категорией «женская одежда».

Мы — LD Latte. Хотим предложить для обсуждения товар бренда в обмен на согласованный контент: товар из новой коллекции LD Latte. Если идея вам интересна, возможный формат — Reels или нативный обзор; детали и творческую подачу согласуем вместе.

Будем рады обсудить предложение, если оно вам подходит; никаких обязательств до согласования условий нет.

[Черновик: требуется ручная проверка и одобрение перед использованием.]",pending,,0.866667,eligible,[],"[""ugc_creator_01""]",apify,2026-07-28T19:11:52.795572+00:00,deterministic_template,"clear: no Phase A username, URL, historical alias, replacement, rejected false lead, Nike, or Apple match"
instagram,kaemen.the.creator,https://www.instagram.com/kaemen.the.creator/,1081012,2107.0,18.5,0.19625129045746023,12,12,1.0,1.0,2026-07-21T17:43:15+00:00,51.96,"[{""evidence"":[{""evidence_text"":""Matched explicit term: life"",""observation_type"":""direct"",""signal_type"":""lifestyle"",""source_field"":""biography"",""source_reference"":""profile"",""url"":""https://www.instagram.com/kaemen.the.creator/""},{""evidence_text"":""Matched explicit term: life"",""observation_type"":""direct"",""signal_type"":""lifestyle"",""source_field"":""recent_posts.caption"",""source_reference"":""3943504499244871715"",""url"":""https://www.instagram.com/p/Da6JHLPpTAj/""},{""evidence_text"":""Matched explicit term: life"",""observation_type"":""direct"",""signal_type"":""lifestyle"",""source_field"":""recent_posts.caption"",""source_reference"":""3926125187365831345"",""url"":""https://www.instagram.com/p/DZ8Zg5wp4Kx/""},{""evidence_text"":""Matched explicit term: life"",""observation_type"":""direct"",""signal_type"":""lifestyle"",""source_field"":""recent_posts.caption"",""source_reference"":""3925408074235696042"",""url"":""https://www.instagram.com/p/DZ52diHRNOq/""},{""evidence_text"":""Matched explicit term: content creator"",""observation_type"":""direct"",""signal_type"":""ugc"",""source_field"":""recent_posts.caption"",""source_reference"":""3942183501556888097"",""url"":""https://www.instagram.com/p/Da1cwIRtDIh/""},{""evidence_text"":""9.00/24 topical + 4.00/5 format readiness + 0.54/1 Nike/Apple format alignment."",""observation_type"":""derived"",""signal_type"":""content_and_aesthetic_fit"",""source_field"":""candidate_metrics"",""source_reference"":""kaemen.the.creator"",""url"":""https://www.instagram.com/kaemen.the.creator/""}],""explanation"":""9.00/24 topical + 4.00/5 format readiness + 0.54/1 Nike/Apple format alignment."",""max_score"":30.0,""name"":""content_and_aesthetic_fit"",""score"":13.54},{""evidence"":[{""evidence_text"":""Matched explicit term: content creator"",""observation_type"":""direct"",""signal_type"":""ugc"",""source_field"":""recent_posts.caption"",""source_reference"":""3942183501556888097"",""url"":""https://www.instagram.com/p/Da1cwIRtDIh/""},{""evidence_text"":""Matched explicit term: contact"",""observation_type"":""direct"",""signal_type"":""contact"",""source_field"":""biography"",""source_reference"":""profile"",""url"":""https://www.instagram.com/kaemen.the.creator/""},{""evidence_text"":""Observed email address: Kaemen@talent.influencers.com"",""observation_type"":""direct"",""signal_type"":""contact"",""source_field"":""biography"",""source_reference"":""profile"",""url"":""https://www.instagram.com/kaemen.the.creator/""},{""evidence_text"":""Observed structured account mention(s): asmedotorg"",""observation_type"":""direct"",""signal_type"":""native_product_integration"",""source_field"":""recent_posts.mentions"",""source_reference"":""3946299820274495225"",""url"":""https://www.instagram.com/p/DbEEsc0pi75/""},{""evidence_text"":""Observed tagged account(s): asmedotorg"",""observation_type"":""direct"",""signal_type"":""native_product_integration"",""source_field"":""recent_posts.tagged_usernames"",""source_reference"":""3946299820274495225"",""url"":""https://www.instagram.com/p/DbEEsc0pi75/""},{""evidence_text"":""Observed product-focused caption term(s): product"",""observation_type"":""direct"",""signal_type"":""native_product_integration"",""source_field"":""recent_posts.caption"",""source_reference"":""3942183501556888097"",""url"":""https://www.instagram.com/p/Da1cwIRtDIh/""},{""evidence_text"":""UGC=True, marketplace=False, commercial/PR=False, contact=True; 2/12 posts have independently observed native-integration evidence."",""observation_type"":""derived"",""signal_type"":""native_product_integration_potential"",""source_field"":""candidate_metrics"",""source_reference"":""kaemen.the.creator"",""url"":""https://www.instagram.com/kaemen.the.creator/""}],""explanation"":""UGC=True, marketplace=False, commercial/PR=False, contact=True; 2/12 posts have independently observed native-integration evidence."",""max_score"":20.0,""name"":""native_product_integration_potential"",""score"":9.33},{""evidence"":[{""evidence_text"":""Short video share 1.000 × 15 = 15.00."",""observation_type"":""derived"",""signal_type"":""short_video_consistency"",""source_field"":""candidate_metrics"",""source_reference"":""kaemen.the.creator"",""url"":""https://www.instagram.com/kaemen.the.creator/""}],""explanation"":""Short video share 1.000 × 15 = 15.00."",""max_score"":15.0,""name"":""short_video_consistency"",""score"":15.0},{""evidence"":[{""evidence_text"":""Frozen Phase A percentile 0.139004 × 15 = 2.09 raw; × completeness 12/12 (1.000000) = 2.09 adjusted."",""observation_type"":""derived"",""signal_type"":""engagement"",""source_field"":""candidate_metrics"",""source_reference"":""kaemen.the.creator"",""url"":""https://www.instagram.com/kaemen.the.creator/""}],""explanation"":""Frozen Phase A percentile 0.139004 × 15 = 2.09 raw; × completeness 12/12 (1.000000) = 2.09 adjusted."",""max_score"":15.0,""name"":""engagement"",""score"":2.09},{""evidence"":[{""evidence_text"":""Matched explicit term: content creator"",""observation_type"":""direct"",""signal_type"":""ugc"",""source_field"":""recent_posts.caption"",""source_reference"":""3942183501556888097"",""url"":""https://www.instagram.com/p/Da1cwIRtDIh/""},{""evidence_text"":""1.0/5 for very large audience (>300k); commercial/PR=False (+2), UGC=True (+2), marketplace=False (+1)."",""observation_type"":""derived"",""signal_type"":""barter_feasibility"",""source_field"":""candidate_metrics"",""source_reference"":""kaemen.the.creator"",""url"":""https://www.instagram.com/kaemen.the.creator/""}],""explanation"":""1.0/5 for very large audience (>300k); commercial/PR=False (+2), UGC=True (+2), marketplace=False (+1)."",""max_score"":10.0,""name"":""barter_feasibility"",""score"":3.0},{""evidence"":[{""evidence_text"":""5.00/6 recency + 4.00/4 posting frequency."",""observation_type"":""derived"",""signal_type"":""recent_activity"",""source_field"":""candidate_metrics"",""source_reference"":""kaemen.the.creator"",""url"":""https://www.instagram.com/kaemen.the.creator/""}],""explanation"":""5.00/6 recency + 4.00/4 posting frequency."",""max_score"":10.0,""name"":""recent_activity"",""score"":9.0}]","Rank 10 of 30 eligible candidates: score 51.96/100, discovery confidence 0.867, data completeness 1.000, engagement rate 0.196%.","[{""evidence_text"":""Matched explicit term: contact"",""observation_type"":""direct"",""signal_type"":""contact"",""source_field"":""biography"",""source_reference"":""profile"",""url"":""https://www.instagram.com/kaemen.the.creator/""},{""evidence_text"":""Observed email address: Kaemen@talent.influencers.com"",""observation_type"":""direct"",""signal_type"":""contact"",""source_field"":""biography"",""source_reference"":""profile"",""url"":""https://www.instagram.com/kaemen.the.creator/""},{""evidence_text"":""Matched explicit term: life"",""observation_type"":""direct"",""signal_type"":""lifestyle"",""source_field"":""biography"",""source_reference"":""profile"",""url"":""https://www.instagram.com/kaemen.the.creator/""},{""evidence_text"":""Matched explicit term: life"",""observation_type"":""direct"",""signal_type"":""lifestyle"",""source_field"":""recent_posts.caption"",""source_reference"":""3943504499244871715"",""url"":""https://www.instagram.com/p/Da6JHLPpTAj/""},{""evidence_text"":""Matched explicit term: life"",""observation_type"":""direct"",""signal_type"":""lifestyle"",""source_field"":""recent_posts.caption"",""source_reference"":""3926125187365831345"",""url"":""https://www.instagram.com/p/DZ8Zg5wp4Kx/""},{""evidence_text"":""Matched explicit term: life"",""observation_type"":""direct"",""signal_type"":""lifestyle"",""source_field"":""recent_posts.caption"",""source_reference"":""3925408074235696042"",""url"":""https://www.instagram.com/p/DZ52diHRNOq/""},{""evidence_text"":""Matched explicit term: content creator"",""observation_type"":""direct"",""signal_type"":""ugc"",""source_field"":""recent_posts.caption"",""source_reference"":""3942183501556888097"",""url"":""https://www.instagram.com/p/Da1cwIRtDIh/""},{""evidence_text"":""Observed structured account mention(s): asmedotorg"",""observation_type"":""direct"",""signal_type"":""native_product_integration"",""source_field"":""recent_posts.mentions"",""source_reference"":""3946299820274495225"",""url"":""https://www.instagram.com/p/DbEEsc0pi75/""},{""evidence_text"":""Observed tagged account(s): asmedotorg"",""observation_type"":""direct"",""signal_type"":""native_product_integration"",""source_field"":""recent_posts.tagged_usernames"",""source_reference"":""3946299820274495225"",""url"":""https://www.instagram.com/p/DbEEsc0pi75/""},{""evidence_text"":""Observed product-focused caption term(s): product"",""observation_type"":""direct"",""signal_type"":""native_product_integration"",""source_field"":""recent_posts.caption"",""source_reference"":""3942183501556888097"",""url"":""https://www.instagram.com/p/Da1cwIRtDIh/""},{""evidence_text"":""0.40×provider identity (1.000) + 0.20×multi-query support (0.333; 1 distinct queries, full credit at 3) + 0.20×profile/post link verification (1.000) + 0.20×query relevance (1.000; 3 directly evidenced target dimensions) = 0.867."",""observation_type"":""derived"",""signal_type"":""discovery_confidence"",""source_field"":""provider_and_discovery"",""source_reference"":""kaemen.the.creator"",""url"":""https://www.instagram.com/kaemen.the.creator/""},{""evidence_text"":""Caption-derived topic excerpt used: Honored to be recognized on @asmedotorg ‘s 2026 Watch List alongside so many incredible engineers and innovat…"",""observation_type"":""direct"",""signal_type"":""offer_personalization"",""source_field"":""recent_posts.caption"",""source_reference"":""3946299820274495225"",""url"":""https://www.instagram.com/p/DbEEsc0pi75/""},{""evidence_text"":""Observed profile name used in greeting: Kaemen Lafleur"",""observation_type"":""direct"",""signal_type"":""offer_greeting"",""source_field"":""full_name"",""source_reference"":""profile"",""url"":""https://www.instagram.com/kaemen.the.creator/""}]",https://www.instagram.com/p/DbEEsc0pi75/,"Здравствуйте, Kaemen Lafleur!

Увидели вашу недавнюю публикацию «Honored to be recognized on @asmedotorg ‘s 2026 Watch List alongside so many incredible engineers and innovat…»: https://www.instagram.com/p/DbEEsc0pi75/
Нам кажется, такой формат контента может естественно сочетаться с категорией «женская одежда».

Мы — LD Latte. Хотим предложить для обсуждения товар бренда в обмен на согласованный контент: товар из новой коллекции LD Latte. Если идея вам интересна, возможный формат — Reels или нативный обзор; детали и творческую подачу согласуем вместе.

Будем рады обсудить предложение, если оно вам подходит; никаких обязательств до согласования условий нет.

[Черновик: требуется ручная проверка и одобрение перед использованием.]",pending,,0.866667,eligible,[],"[""ugc_creator_01""]",apify,2026-07-28T19:11:52.795572+00:00,deterministic_template,"clear: no Phase A username, URL, historical alias, replacement, rejected false lead, Nike, or Apple match"
instagram,discount_wildberries111,https://www.instagram.com/discount_wildberries111/,8,5.0,0.0,68.75,12,12,1.0,1.0,2026-07-14T05:05:31+00:00,50.54,"[{""evidence"":[{""evidence_text"":""Matched explicit term: лайф"",""observation_type"":""direct"",""signal_type"":""lifestyle"",""source_field"":""recent_posts.caption"",""source_reference"":""3936126727368300708"",""url"":""https://www.instagram.com/p/Daf7mdvtVik/""},{""evidence_text"":""Matched explicit term: путеше"",""observation_type"":""direct"",""signal_type"":""lifestyle"",""source_field"":""recent_posts.caption"",""source_reference"":""3922405337923232863"",""url"":""https://www.instagram.com/p/DZvLt-AAqRf/""},{""evidence_text"":""Matched explicit term: путеше"",""observation_type"":""direct"",""signal_type"":""lifestyle"",""source_field"":""recent_posts.hashtags"",""source_reference"":""3922405337923232863"",""url"":""https://www.instagram.com/p/DZvLt-AAqRf/""},{""evidence_text"":""Matched explicit term: путеше"",""observation_type"":""direct"",""signal_type"":""lifestyle"",""source_field"":""recent_posts.caption"",""source_reference"":""3921415594136894694"",""url"":""https://www.instagram.com/p/DZrqrTRNPzm/""},{""evidence_text"":""Matched explicit term: путеше"",""observation_type"":""direct"",""signal_type"":""lifestyle"",""source_field"":""recent_posts.hashtags"",""source_reference"":""3921415594136894694"",""url"":""https://www.instagram.com/p/DZrqrTRNPzm/""},{""evidence_text"":""Matched explicit term: дом"",""observation_type"":""direct"",""signal_type"":""lifestyle"",""source_field"":""recent_posts.caption"",""source_reference"":""3920907015592292900"",""url"":""https://www.instagram.com/p/DZp3CgltzIk/""},{""evidence_text"":""Matched explicit term: путеше"",""observation_type"":""direct"",""signal_type"":""lifestyle"",""source_field"":""recent_posts.caption"",""source_reference"":""3920663477650651708"",""url"":""https://www.instagram.com/p/DZo_qkNNvo8/""},{""evidence_text"":""Matched explicit term: путеше"",""observation_type"":""direct"",""signal_type"":""lifestyle"",""source_field"":""recent_posts.hashtags"",""source_reference"":""3920663477650651708"",""url"":""https://www.instagram.com/p/DZo_qkNNvo8/""},{""evidence_text"":""4.00/24 topical + 4.00/5 format readiness + 0.54/1 Nike/Apple format alignment."",""observation_type"":""derived"",""signal_type"":""content_and_aesthetic_fit"",""source_field"":""candidate_metrics"",""source_reference"":""discount_wildberries111"",""url"":""https://www.instagram.com/discount_wildberries111/""}],""explanation"":""4.00/24 topical + 4.00/5 format readiness + 0.54/1 Nike/Apple format alignment."",""max_score"":30.0,""name"":""content_and_aesthetic_fit"",""score"":8.54},{""evidence"":[{""evidence_text"":""UGC=False, marketplace=False, commercial/PR=False, contact=False; 0/12 posts have independently observed native-integration evidence."",""observation_type"":""derived"",""signal_type"":""native_product_integration_potential"",""source_field"":""candidate_metrics"",""source_reference"":""discount_wildberries111"",""url"":""https://www.instagram.com/discount_wildberries111/""}],""explanation"":""UGC=False, marketplace=False, commercial/PR=False, contact=False; 0/12 posts have independently observed native-integration evidence."",""max_score"":20.0,""name"":""native_product_integration_potential"",""score"":0.0},{""evidence"":[{""evidence_text"":""Short video share 1.000 × 15 = 15.00."",""observation_type"":""derived"",""signal_type"":""short_video_consistency"",""source_field"":""candidate_metrics"",""source_reference"":""discount_wildberries111"",""url"":""https://www.instagram.com/discount_wildberries111/""}],""explanation"":""Short video share 1.000 × 15 = 15.00."",""max_score"":15.0,""name"":""short_video_consistency"",""score"":15.0},{""evidence"":[{""evidence_text"":""Frozen Phase A percentile 1.000000 × 15 = 15.00 raw; × completeness 12/12 (1.000000) = 15.00 adjusted."",""observation_type"":""derived"",""signal_type"":""engagement"",""source_field"":""candidate_metrics"",""source_reference"":""discount_wildberries111"",""url"":""https://www.instagram.com/discount_wildberries111/""}],""explanation"":""Frozen Phase A percentile 1.000000 × 15 = 15.00 raw; × completeness 12/12 (1.000000) = 15.00 adjusted."",""max_score"":15.0,""name"":""engagement"",""score"":15.0},{""evidence"":[{""evidence_text"":""4.0/5 for nano audience (≤1k); commercial/PR=False (+2), UGC=False (+2), marketplace=False (+1)."",""observation_type"":""derived"",""signal_type"":""barter_feasibility"",""source_field"":""candidate_metrics"",""source_reference"":""discount_wildberries111"",""url"":""https://www.instagram.com/discount_wildberries111/""}],""explanation"":""4.0/5 for nano audience (≤1k); commercial/PR=False (+2), UGC=False (+2), marketplace=False (+1)."",""max_score"":10.0,""name"":""barter_feasibility"",""score"":4.0},{""evidence"":[{""evidence_text"":""4.00/6 recency + 4.00/4 posting frequency."",""observation_type"":""derived"",""signal_type"":""recent_activity"",""source_field"":""candidate_metrics"",""source_reference"":""discount_wildberries111"",""url"":""https://www.instagram.com/discount_wildberries111/""}],""explanation"":""4.00/6 recency + 4.00/4 posting frequency."",""max_score"":10.0,""name"":""recent_activity"",""score"":8.0}]","Rank 11 of 30 eligible candidates: score 50.54/100, discovery confidence 0.733, data completeness 1.000, engagement rate 68.750%.","[{""evidence_text"":""Matched explicit term: лайф"",""observation_type"":""direct"",""signal_type"":""lifestyle"",""source_field"":""recent_posts.caption"",""source_reference"":""3936126727368300708"",""url"":""https://www.instagram.com/p/Daf7mdvtVik/""},{""evidence_text"":""Matched explicit term: путеше"",""observation_type"":""direct"",""signal_type"":""lifestyle"",""source_field"":""recent_posts.caption"",""source_reference"":""3922405337923232863"",""url"":""https://www.instagram.com/p/DZvLt-AAqRf/""},{""evidence_text"":""Matched explicit term: путеше"",""observation_type"":""direct"",""signal_type"":""lifestyle"",""source_field"":""recent_posts.hashtags"",""source_reference"":""3922405337923232863"",""url"":""https://www.instagram.com/p/DZvLt-AAqRf/""},{""evidence_text"":""Matched explicit term: путеше"",""observation_type"":""direct"",""signal_type"":""lifestyle"",""source_field"":""recent_posts.caption"",""source_reference"":""3921415594136894694"",""url"":""https://www.instagram.com/p/DZrqrTRNPzm/""},{""evidence_text"":""Matched explicit term: путеше"",""observation_type"":""direct"",""signal_type"":""lifestyle"",""source_field"":""recent_posts.hashtags"",""source_reference"":""3921415594136894694"",""url"":""https://www.instagram.com/p/DZrqrTRNPzm/""},{""evidence_text"":""Matched explicit term: дом"",""observation_type"":""direct"",""signal_type"":""lifestyle"",""source_field"":""recent_posts.caption"",""source_reference"":""3920907015592292900"",""url"":""https://www.instagram.com/p/DZp3CgltzIk/""},{""evidence_text"":""Matched explicit term: путеше"",""observation_type"":""direct"",""signal_type"":""lifestyle"",""source_field"":""recent_posts.caption"",""source_reference"":""3920663477650651708"",""url"":""https://www.instagram.com/p/DZo_qkNNvo8/""},{""evidence_text"":""Matched explicit term: путеше"",""observation_type"":""direct"",""signal_type"":""lifestyle"",""source_field"":""recent_posts.hashtags"",""source_reference"":""3920663477650651708"",""url"":""https://www.instagram.com/p/DZo_qkNNvo8/""},{""evidence_text"":""0.40×provider identity (1.000) + 0.20×multi-query support (0.333; 1 distinct queries, full credit at 3) + 0.20×profile/post link verification (1.000) + 0.20×query relevance (0.333; 1 directly evidenced target dimensions) = 0.733."",""observation_type"":""derived"",""signal_type"":""discovery_confidence"",""source_field"":""provider_and_discovery"",""source_reference"":""discount_wildberries111"",""url"":""https://www.instagram.com/discount_wildberries111/""},{""evidence_text"":""Caption-derived topic excerpt used: А какие странные лайфхаки знаете вы?)"",""observation_type"":""direct"",""signal_type"":""offer_personalization"",""source_field"":""recent_posts.caption"",""source_reference"":""3936126727368300708"",""url"":""https://www.instagram.com/p/Daf7mdvtVik/""},{""evidence_text"":""Observed profile name used in greeting: Теплые истории||Татьяна"",""observation_type"":""direct"",""signal_type"":""offer_greeting"",""source_field"":""full_name"",""source_reference"":""profile"",""url"":""https://www.instagram.com/discount_wildberries111/""}]",https://www.instagram.com/p/Daf7mdvtVik/,"Здравствуйте, Теплые истории||Татьяна!

Увидели вашу недавнюю публикацию «А какие странные лайфхаки знаете вы?)»: https://www.instagram.com/p/Daf7mdvtVik/
Нам кажется, такой формат контента может естественно сочетаться с категорией «женская одежда».

Мы — LD Latte. Хотим предложить для обсуждения товар бренда в обмен на согласованный контент: товар из новой коллекции LD Latte. Если идея вам интересна, возможный формат — Reels или нативный обзор; детали и творческую подачу согласуем вместе.

Будем рады обсудить предложение, если оно вам подходит; никаких обязательств до согласования условий нет.

[Черновик: требуется ручная проверка и одобрение перед использованием.]",pending,,0.733333,eligible,[],"[""marketplace_reviews_01""]",apify,2026-07-28T19:11:52.795572+00:00,deterministic_template,"clear: no Phase A username, URL, historical alias, replacement, rejected false lead, Nike, or Apple match"
instagram,bong_beauty_vlog,https://www.instagram.com/bong_beauty_vlog/,31446,15.0,0.5,0.05247090249952299,12,12,1.0,1.0,2026-07-28T16:21:31+00:00,47.78,"[{""evidence"":[{""evidence_text"":""Matched explicit term: fashion"",""observation_type"":""direct"",""signal_type"":""fashion"",""source_field"":""recent_posts.caption"",""source_reference"":""3950638004968105334"",""url"":""https://www.instagram.com/p/DbTfFWKSCV2/""},{""evidence_text"":""Matched explicit term: fashion"",""observation_type"":""direct"",""signal_type"":""fashion"",""source_field"":""recent_posts.hashtags"",""source_reference"":""3950638004968105334"",""url"":""https://www.instagram.com/p/DbTfFWKSCV2/""},{""evidence_text"":""Matched explicit term: beauty"",""observation_type"":""direct"",""signal_type"":""beauty"",""source_field"":""full_name"",""source_reference"":""profile"",""url"":""https://www.instagram.com/bong_beauty_vlog/""},{""evidence_text"":""Matched explicit term: beauty"",""observation_type"":""direct"",""signal_type"":""beauty"",""source_field"":""biography"",""source_reference"":""profile"",""url"":""https://www.instagram.com/bong_beauty_vlog/""},{""evidence_text"":""12.00/24 topical + 4.00/5 format readiness + 0.54/1 Nike/Apple format alignment."",""observation_type"":""derived"",""signal_type"":""content_and_aesthetic_fit"",""source_field"":""candidate_metrics"",""source_reference"":""bong_beauty_vlog"",""url"":""https://www.instagram.com/bong_beauty_vlog/""}],""explanation"":""12.00/24 topical + 4.00/5 format readiness + 0.54/1 Nike/Apple format alignment."",""max_score"":30.0,""name"":""content_and_aesthetic_fit"",""score"":16.54},{""evidence"":[{""evidence_text"":""Matched explicit term: email"",""observation_type"":""direct"",""signal_type"":""contact"",""source_field"":""biography"",""source_reference"":""profile"",""url"":""https://www.instagram.com/bong_beauty_vlog/""},{""evidence_text"":""Observed email address: addawithbongbeauty@gmail.com"",""observation_type"":""direct"",""signal_type"":""contact"",""source_field"":""biography"",""source_reference"":""profile"",""url"":""https://www.instagram.com/bong_beauty_vlog/""},{""evidence_text"":""UGC=False, marketplace=False, commercial/PR=False, contact=True; 0/12 posts have independently observed native-integration evidence."",""observation_type"":""derived"",""signal_type"":""native_product_integration_potential"",""source_field"":""candidate_metrics"",""source_reference"":""bong_beauty_vlog"",""url"":""https://www.instagram.com/bong_beauty_vlog/""}],""explanation"":""UGC=False, marketplace=False, commercial/PR=False, contact=True; 0/12 posts have independently observed native-integration evidence."",""max_score"":20.0,""name"":""native_product_integration_potential"",""score"":2.0},{""evidence"":[{""evidence_text"":""Short video share 1.000 × 15 = 15.00."",""observation_type"":""derived"",""signal_type"":""short_video_consistency"",""source_field"":""candidate_metrics"",""source_reference"":""bong_beauty_vlog"",""url"":""https://www.instagram.com/bong_beauty_vlog/""}],""explanation"":""Short video share 1.000 × 15 = 15.00."",""max_score"":15.0,""name"":""short_video_consistency"",""score"":15.0},{""evidence"":[{""evidence_text"":""Frozen Phase A percentile 0.016153 × 15 = 0.24 raw; × completeness 12/12 (1.000000) = 0.24 adjusted."",""observation_type"":""derived"",""signal_type"":""engagement"",""source_field"":""candidate_metrics"",""source_reference"":""bong_beauty_vlog"",""url"":""https://www.instagram.com/bong_beauty_vlog/""}],""explanation"":""Frozen Phase A percentile 0.016153 × 15 = 0.24 raw; × completeness 12/12 (1.000000) = 0.24 adjusted."",""max_score"":15.0,""name"":""engagement"",""score"":0.24},{""evidence"":[{""evidence_text"":""4.0/5 for micro creator audience (10k–50k); commercial/PR=False (+2), UGC=False (+2), marketplace=False (+1)."",""observation_type"":""derived"",""signal_type"":""barter_feasibility"",""source_field"":""candidate_metrics"",""source_reference"":""bong_beauty_vlog"",""url"":""https://www.instagram.com/bong_beauty_vlog/""}],""explanation"":""4.0/5 for micro creator audience (10k–50k); commercial/PR=False (+2), UGC=False (+2), marketplace=False (+1)."",""max_score"":10.0,""name"":""barter_feasibility"",""score"":4.0},{""evidence"":[{""evidence_text"":""6.00/6 recency + 4.00/4 posting frequency."",""observation_type"":""derived"",""signal_type"":""recent_activity"",""source_field"":""candidate_metrics"",""source_reference"":""bong_beauty_vlog"",""url"":""https://www.instagram.com/bong_beauty_vlog/""}],""explanation"":""6.00/6 recency + 4.00/4 posting frequency."",""max_score"":10.0,""name"":""recent_activity"",""score"":10.0}]","Rank 12 of 30 eligible candidates: score 47.78/100, discovery confidence 0.800, data completeness 1.000, engagement rate 0.052%.","[{""evidence_text"":""Matched explicit term: email"",""observation_type"":""direct"",""signal_type"":""contact"",""source_field"":""biography"",""source_reference"":""profile"",""url"":""https://www.instagram.com/bong_beauty_vlog/""},{""evidence_text"":""Observed email address: addawithbongbeauty@gmail.com"",""observation_type"":""direct"",""signal_type"":""contact"",""source_field"":""biography"",""source_reference"":""profile"",""url"":""https://www.instagram.com/bong_beauty_vlog/""},{""evidence_text"":""Matched explicit term: fashion"",""observation_type"":""direct"",""signal_type"":""fashion"",""source_field"":""recent_posts.caption"",""source_reference"":""3950638004968105334"",""url"":""https://www.instagram.com/p/DbTfFWKSCV2/""},{""evidence_text"":""Matched explicit term: fashion"",""observation_type"":""direct"",""signal_type"":""fashion"",""source_field"":""recent_posts.hashtags"",""source_reference"":""3950638004968105334"",""url"":""https://www.instagram.com/p/DbTfFWKSCV2/""},{""evidence_text"":""Matched explicit term: beauty"",""observation_type"":""direct"",""signal_type"":""beauty"",""source_field"":""full_name"",""source_reference"":""profile"",""url"":""https://www.instagram.com/bong_beauty_vlog/""},{""evidence_text"":""Matched explicit term: beauty"",""observation_type"":""direct"",""signal_type"":""beauty"",""source_field"":""biography"",""source_reference"":""profile"",""url"":""https://www.instagram.com/bong_beauty_vlog/""},{""evidence_text"":""0.40×provider identity (1.000) + 0.20×multi-query support (0.333; 1 distinct queries, full credit at 3) + 0.20×profile/post link verification (1.000) + 0.20×query relevance (0.667; 2 directly evidenced target dimensions) = 0.800."",""observation_type"":""derived"",""signal_type"":""discovery_confidence"",""source_field"":""provider_and_discovery"",""source_reference"":""bong_beauty_vlog"",""url"":""https://www.instagram.com/bong_beauty_vlog/""},{""evidence_text"":""Caption-derived topic excerpt used: #reelsinstagram #reachmorepeople✅ #myntrafınds #myntrafashion #myntradresses"",""observation_type"":""direct"",""signal_type"":""offer_personalization"",""source_field"":""recent_posts.caption"",""source_reference"":""3950638004968105334"",""url"":""https://www.instagram.com/p/DbTfFWKSCV2/""},{""evidence_text"":""Observed profile name used in greeting: Bong Beauty"",""observation_type"":""direct"",""signal_type"":""offer_greeting"",""source_field"":""full_name"",""source_reference"":""profile"",""url"":""https://www.instagram.com/bong_beauty_vlog/""}]",https://www.instagram.com/p/DbTfFWKSCV2/,"Здравствуйте, Bong Beauty!

Увидели вашу недавнюю публикацию «#reelsinstagram #reachmorepeople✅ #myntrafınds #myntrafashion #myntradresses»: https://www.instagram.com/p/DbTfFWKSCV2/
Нам кажется, такой формат контента может естественно сочетаться с категорией «женская одежда».

Мы — LD Latte. Хотим предложить для обсуждения товар бренда в обмен на согласованный контент: товар из новой коллекции LD Latte. Если идея вам интересна, возможный формат — Reels или нативный обзор; детали и творческую подачу согласуем вместе.

Будем рады обсудить предложение, если оно вам подходит; никаких обязательств до согласования условий нет.

[Черновик: требуется ручная проверка и одобрение перед использованием.]",pending,,0.8,eligible,[],"[""beauty_lifestyle_01""]",apify,2026-07-28T19:11:52.795572+00:00,deterministic_template,"clear: no Phase A username, URL, historical alias, replacement, rejected false lead, Nike, or Apple match"
instagram,reels_creator_10k,https://www.instagram.com/reels_creator_10k/,134974,164.5,1.0,0.12224576585120096,12,12,1.0,0.8333333333333334,2026-07-27T10:21:01+00:00,42.15,"[{""evidence"":[{""evidence_text"":""Matched explicit term: fashion"",""observation_type"":""direct"",""signal_type"":""fashion"",""source_field"":""recent_posts.caption"",""source_reference"":""3526919559965773805"",""url"":""https://www.instagram.com/p/DDyIqdDIw_t/""},{""evidence_text"":""Matched explicit term: fashion"",""observation_type"":""direct"",""signal_type"":""fashion"",""source_field"":""recent_posts.hashtags"",""source_reference"":""3526919559965773805"",""url"":""https://www.instagram.com/p/DDyIqdDIw_t/""},{""evidence_text"":""Matched explicit term: life"",""observation_type"":""direct"",""signal_type"":""lifestyle"",""source_field"":""recent_posts.caption"",""source_reference"":""3948920121531566795"",""url"":""https://www.instagram.com/p/DbNYe2iSArLmGVmJXmzvpp6oP6pbg9Je1xIuCU0/""},{""evidence_text"":""Matched explicit term: life"",""observation_type"":""direct"",""signal_type"":""lifestyle"",""source_field"":""recent_posts.hashtags"",""source_reference"":""3948920121531566795"",""url"":""https://www.instagram.com/p/DbNYe2iSArLmGVmJXmzvpp6oP6pbg9Je1xIuCU0/""},{""evidence_text"":""Matched explicit term: life"",""observation_type"":""direct"",""signal_type"":""lifestyle"",""source_field"":""recent_posts.caption"",""source_reference"":""3526919559965773805"",""url"":""https://www.instagram.com/p/DDyIqdDIw_t/""},{""evidence_text"":""Matched explicit term: life"",""observation_type"":""direct"",""signal_type"":""lifestyle"",""source_field"":""recent_posts.hashtags"",""source_reference"":""3526919559965773805"",""url"":""https://www.instagram.com/p/DDyIqdDIw_t/""},{""evidence_text"":""11.00/24 topical + 4.00/5 format readiness + 0.71/1 Nike/Apple format alignment."",""observation_type"":""derived"",""signal_type"":""content_and_aesthetic_fit"",""source_field"":""candidate_metrics"",""source_reference"":""reels_creator_10k"",""url"":""https://www.instagram.com/reels_creator_10k/""}],""explanation"":""11.00/24 topical + 4.00/5 format readiness + 0.71/1 Nike/Apple format alignment."",""max_score"":30.0,""name"":""content_and_aesthetic_fit"",""score"":15.71},{""evidence"":[{""evidence_text"":""Observed tagged account(s): instagram, creators, reels_creator_10k"",""observation_type"":""direct"",""signal_type"":""native_product_integration"",""source_field"":""recent_posts.tagged_usernames"",""source_reference"":""3266295608913086044"",""url"":""https://www.instagram.com/p/C1UNoz8rsZc/""},{""evidence_text"":""Observed tagged account(s): instagram, creators, reels_creator_10k"",""observation_type"":""direct"",""signal_type"":""native_product_integration"",""source_field"":""recent_posts.tagged_usernames"",""source_reference"":""3265970310389597771"",""url"":""https://www.instagram.com/p/C1TDrGFvoZL/""},{""evidence_text"":""Observed tagged account(s): reels_creator_10k"",""observation_type"":""direct"",""signal_type"":""native_product_integration"",""source_field"":""recent_posts.tagged_usernames"",""source_reference"":""3948920121531566795"",""url"":""https://www.instagram.com/p/DbNYe2iSArLmGVmJXmzvpp6oP6pbg9Je1xIuCU0/""},{""evidence_text"":""Observed tagged account(s): reels_creator_10k"",""observation_type"":""direct"",""signal_type"":""native_product_integration"",""source_field"":""recent_posts.tagged_usernames"",""source_reference"":""3940353755627239763"",""url"":""https://www.instagram.com/p/Dau8t0liblT/""},{""evidence_text"":""Observed tagged account(s): reels_creator_10k, heyy_govind_br_22, x_amit_o_o"",""observation_type"":""direct"",""signal_type"":""native_product_integration"",""source_field"":""recent_posts.tagged_usernames"",""source_reference"":""3848075633365201276"",""url"":""https://www.instagram.com/p/DVnHGaLkbF8/""},{""evidence_text"":""Observed tagged account(s): instagram"",""observation_type"":""direct"",""signal_type"":""native_product_integration"",""source_field"":""recent_posts.tagged_usernames"",""source_reference"":""3567470224374592252"",""url"":""https://www.instagram.com/p/DGCM0SOoXL8/""},{""evidence_text"":""Observed tagged account(s): instagram, creators"",""observation_type"":""direct"",""signal_type"":""native_product_integration"",""source_field"":""recent_posts.tagged_usernames"",""source_reference"":""3546076626028168152"",""url"":""https://www.instagram.com/p/DE2MedIuYPY/""},{""evidence_text"":""Observed tagged account(s): instagram, creators"",""observation_type"":""direct"",""signal_type"":""native_product_integration"",""source_field"":""recent_posts.tagged_usernames"",""source_reference"":""3545745042231211229"",""url"":""https://www.instagram.com/p/DE1BFRqSzTd/""},{""evidence_text"":""Observed tagged account(s): instagram, creators"",""observation_type"":""direct"",""signal_type"":""native_product_integration"",""source_field"":""recent_posts.tagged_usernames"",""source_reference"":""3545019571207476401"",""url"":""https://www.instagram.com/p/DEycISHoRSx/""},{""evidence_text"":""Observed tagged account(s): instagram, creators"",""observation_type"":""direct"",""signal_type"":""native_product_integration"",""source_field"":""recent_posts.tagged_usernames"",""source_reference"":""3544717987329533543"",""url"":""https://www.instagram.com/p/DExXjqPtuZn/""},{""evidence_text"":""Observed tagged account(s): instagram, creators"",""observation_type"":""direct"",""signal_type"":""native_product_integration"",""source_field"":""recent_posts.tagged_usernames"",""source_reference"":""3526919559965773805"",""url"":""https://www.instagram.com/p/DDyIqdDIw_t/""},{""evidence_text"":""UGC=False, marketplace=False, commercial/PR=False, contact=False; 11/12 posts have independently observed native-integration evidence."",""observation_type"":""derived"",""signal_type"":""native_product_integration_potential"",""source_field"":""candidate_metrics"",""source_reference"":""reels_creator_10k"",""url"":""https://www.instagram.com/reels_creator_10k/""}],""explanation"":""UGC=False, marketplace=False, commercial/PR=False, contact=False; 11/12 posts have independently observed native-integration evidence."",""max_score"":20.0,""name"":""native_product_integration_potential"",""score"":4.0},{""evidence"":[{""evidence_text"":""Short video share 0.833 × 15 = 12.50."",""observation_type"":""derived"",""signal_type"":""short_video_consistency"",""source_field"":""candidate_metrics"",""source_reference"":""reels_creator_10k"",""url"":""https://www.instagram.com/reels_creator_10k/""}],""explanation"":""Short video share 0.833 × 15 = 12.50."",""max_score"":15.0,""name"":""short_video_consistency"",""score"":12.5},{""evidence"":[{""evidence_text"":""Frozen Phase A percentile 0.051722 × 15 = 0.78 raw; × completeness 12/12 (1.000000) = 0.78 adjusted."",""observation_type"":""derived"",""signal_type"":""engagement"",""source_field"":""candidate_metrics"",""source_reference"":""reels_creator_10k"",""url"":""https://www.instagram.com/reels_creator_10k/""}],""explanation"":""Frozen Phase A percentile 0.051722 × 15 = 0.78 raw; × completeness 12/12 (1.000000) = 0.78 adjusted."",""max_score"":15.0,""name"":""engagement"",""score"":0.78},{""evidence"":[{""evidence_text"":""3.0/5 for mid-size audience (50k–150k); commercial/PR=False (+2), UGC=False (+2), marketplace=False (+1)."",""observation_type"":""derived"",""signal_type"":""barter_feasibility"",""source_field"":""candidate_metrics"",""source_reference"":""reels_creator_10k"",""url"":""https://www.instagram.com/reels_creator_10k/""}],""explanation"":""3.0/5 for mid-size audience (50k–150k); commercial/PR=False (+2), UGC=False (+2), marketplace=False (+1)."",""max_score"":10.0,""name"":""barter_feasibility"",""score"":3.0},{""evidence"":[{""evidence_text"":""6.00/6 recency + 0.16/4 posting frequency."",""observation_type"":""derived"",""signal_type"":""recent_activity"",""source_field"":""candidate_metrics"",""source_reference"":""reels_creator_10k"",""url"":""https://www.instagram.com/reels_creator_10k/""}],""explanation"":""6.00/6 recency + 0.16/4 posting frequency."",""max_score"":10.0,""name"":""recent_activity"",""score"":6.16}]","Rank 13 of 30 eligible candidates: score 42.15/100, discovery confidence 0.867, data completeness 1.000, engagement rate 0.122%.","[{""evidence_text"":""Matched explicit term: fashion"",""observation_type"":""direct"",""signal_type"":""fashion"",""source_field"":""recent_posts.caption"",""source_reference"":""3526919559965773805"",""url"":""https://www.instagram.com/p/DDyIqdDIw_t/""},{""evidence_text"":""Matched explicit term: fashion"",""observation_type"":""direct"",""signal_type"":""fashion"",""source_field"":""recent_posts.hashtags"",""source_reference"":""3526919559965773805"",""url"":""https://www.instagram.com/p/DDyIqdDIw_t/""},{""evidence_text"":""Matched explicit term: life"",""observation_type"":""direct"",""signal_type"":""lifestyle"",""source_field"":""recent_posts.caption"",""source_reference"":""3948920121531566795"",""url"":""https://www.instagram.com/p/DbNYe2iSArLmGVmJXmzvpp6oP6pbg9Je1xIuCU0/""},{""evidence_text"":""Matched explicit term: life"",""observation_type"":""direct"",""signal_type"":""lifestyle"",""source_field"":""recent_posts.hashtags"",""source_reference"":""3948920121531566795"",""url"":""https://www.instagram.com/p/DbNYe2iSArLmGVmJXmzvpp6oP6pbg9Je1xIuCU0/""},{""evidence_text"":""Matched explicit term: life"",""observation_type"":""direct"",""signal_type"":""lifestyle"",""source_field"":""recent_posts.caption"",""source_reference"":""3526919559965773805"",""url"":""https://www.instagram.com/p/DDyIqdDIw_t/""},{""evidence_text"":""Matched explicit term: life"",""observation_type"":""direct"",""signal_type"":""lifestyle"",""source_field"":""recent_posts.hashtags"",""source_reference"":""3526919559965773805"",""url"":""https://www.instagram.com/p/DDyIqdDIw_t/""},{""evidence_text"":""Observed tagged account(s): instagram, creators, reels_creator_10k"",""observation_type"":""direct"",""signal_type"":""native_product_integration"",""source_field"":""recent_posts.tagged_usernames"",""source_reference"":""3266295608913086044"",""url"":""https://www.instagram.com/p/C1UNoz8rsZc/""},{""evidence_text"":""Observed tagged account(s): instagram, creators, reels_creator_10k"",""observation_type"":""direct"",""signal_type"":""native_product_integration"",""source_field"":""recent_posts.tagged_usernames"",""source_reference"":""3265970310389597771"",""url"":""https://www.instagram.com/p/C1TDrGFvoZL/""},{""evidence_text"":""Observed tagged account(s): reels_creator_10k"",""observation_type"":""direct"",""signal_type"":""native_product_integration"",""source_field"":""recent_posts.tagged_usernames"",""source_reference"":""3948920121531566795"",""url"":""https://www.instagram.com/p/DbNYe2iSArLmGVmJXmzvpp6oP6pbg9Je1xIuCU0/""},{""evidence_text"":""Observed tagged account(s): reels_creator_10k"",""observation_type"":""direct"",""signal_type"":""native_product_integration"",""source_field"":""recent_posts.tagged_usernames"",""source_reference"":""3940353755627239763"",""url"":""https://www.instagram.com/p/Dau8t0liblT/""},{""evidence_text"":""Observed tagged account(s): reels_creator_10k, heyy_govind_br_22, x_amit_o_o"",""observation_type"":""direct"",""signal_type"":""native_product_integration"",""source_field"":""recent_posts.tagged_usernames"",""source_reference"":""3848075633365201276"",""url"":""https://www.instagram.com/p/DVnHGaLkbF8/""},{""evidence_text"":""Observed tagged account(s): instagram"",""observation_type"":""direct"",""signal_type"":""native_product_integration"",""source_field"":""recent_posts.tagged_usernames"",""source_reference"":""3567470224374592252"",""url"":""https://www.instagram.com/p/DGCM0SOoXL8/""},{""evidence_text"":""Observed tagged account(s): instagram, creators"",""observation_type"":""direct"",""signal_type"":""native_product_integration"",""source_field"":""recent_posts.tagged_usernames"",""source_reference"":""3546076626028168152"",""url"":""https://www.instagram.com/p/DE2MedIuYPY/""},{""evidence_text"":""Observed tagged account(s): instagram, creators"",""observation_type"":""direct"",""signal_type"":""native_product_integration"",""source_field"":""recent_posts.tagged_usernames"",""source_reference"":""3545745042231211229"",""url"":""https://www.instagram.com/p/DE1BFRqSzTd/""},{""evidence_text"":""Observed tagged account(s): instagram, creators"",""observation_type"":""direct"",""signal_type"":""native_product_integration"",""source_field"":""recent_posts.tagged_usernames"",""source_reference"":""3545019571207476401"",""url"":""https://www.instagram.com/p/DEycISHoRSx/""},{""evidence_text"":""Observed tagged account(s): instagram, creators"",""observation_type"":""direct"",""signal_type"":""native_product_integration"",""source_field"":""recent_posts.tagged_usernames"",""source_reference"":""3544717987329533543"",""url"":""https://www.instagram.com/p/DExXjqPtuZn/""},{""evidence_text"":""Observed tagged account(s): instagram, creators"",""observation_type"":""direct"",""signal_type"":""native_product_integration"",""source_field"":""recent_posts.tagged_usernames"",""source_reference"":""3526919559965773805"",""url"":""https://www.instagram.com/p/DDyIqdDIw_t/""},{""evidence_text"":""0.40×provider identity (1.000) + 0.20×multi-query support (0.333; 1 distinct queries, full credit at 3) + 0.20×profile/post link verification (1.000) + 0.20×query relevance (1.000; 3 directly evidenced target dimensions) = 0.867."",""observation_type"":""derived"",""signal_type"":""discovery_confidence"",""source_field"":""provider_and_discovery"",""source_reference"":""reels_creator_10k"",""url"":""https://www.instagram.com/reels_creator_10k/""},{""evidence_text"":""Caption-derived topic excerpt used: Welder hai ham 💀 #welding #weldinglover #welderlife #welder #wedding"",""observation_type"":""direct"",""signal_type"":""offer_personalization"",""source_field"":""recent_posts.caption"",""source_reference"":""3948920121531566795"",""url"":""https://www.instagram.com/p/DbNYe2iSArLmGVmJXmzvpp6oP6pbg9Je1xIuCU0/""},{""evidence_text"":""Observed profile name used in greeting: Dv ᴇᴅɪᴛɪɴɢ"",""observation_type"":""direct"",""signal_type"":""offer_greeting"",""source_field"":""full_name"",""source_reference"":""profile"",""url"":""https://www.instagram.com/reels_creator_10k/""}]",https://www.instagram.com/p/DbNYe2iSArLmGVmJXmzvpp6oP6pbg9Je1xIuCU0/,"Здравствуйте, Dv ᴇᴅɪᴛɪɴɢ!

Увидели вашу недавнюю публикацию «Welder hai ham 💀 #welding #weldinglover #welderlife #welder #wedding»: https://www.instagram.com/p/DbNYe2iSArLmGVmJXmzvpp6oP6pbg9Je1xIuCU0/
Нам кажется, такой формат контента может естественно сочетаться с категорией «женская одежда».

Мы — LD Latte. Хотим предложить для обсуждения товар бренда в обмен на согласованный контент: товар из новой коллекции LD Latte. Если идея вам интересна, возможный формат — Reels или нативный обзор; детали и творческую подачу согласуем вместе.

Будем рады обсудить предложение, если оно вам подходит; никаких обязательств до согласования условий нет.

[Черновик: требуется ручная проверка и одобрение перед использованием.]",pending,,0.866667,eligible,[],"[""ugc_creator_01""]",apify,2026-07-28T19:11:52.795572+00:00,deterministic_template,"clear: no Phase A username, URL, historical alias, replacement, rejected false lead, Nike, or Apple match"
instagram,ugccinemas,https://www.instagram.com/ugccinemas/,87842,215.5,3.0,0.25671091277521,12,12,1.0,0.16666666666666666,2026-07-28T16:45:08+00:00,41.7,"[{""evidence"":[{""evidence_text"":""Matched explicit term: ugc"",""observation_type"":""direct"",""signal_type"":""ugc"",""source_field"":""full_name"",""source_reference"":""profile"",""url"":""https://www.instagram.com/ugccinemas/""},{""evidence_text"":""Matched explicit term: ugc"",""observation_type"":""direct"",""signal_type"":""ugc"",""source_field"":""recent_posts.caption"",""source_reference"":""3936561583738879218"",""url"":""https://www.instagram.com/p/DaheedTNHzy/""},{""evidence_text"":""Matched explicit term: ugc"",""observation_type"":""direct"",""signal_type"":""ugc"",""source_field"":""recent_posts.caption"",""source_reference"":""3930787583978456115"",""url"":""https://www.instagram.com/p/DaM9ns-jUQz/""},{""evidence_text"":""Matched explicit term: ugc"",""observation_type"":""direct"",""signal_type"":""ugc"",""source_field"":""recent_posts.caption"",""source_reference"":""3951081849988517615"",""url"":""https://www.instagram.com/p/DbVEAJDDw7v/""},{""evidence_text"":""Matched explicit term: ugc"",""observation_type"":""direct"",""signal_type"":""ugc"",""source_field"":""recent_posts.caption"",""source_reference"":""3950523015217645890"",""url"":""https://www.instagram.com/p/DbTE8BnDYlC/""},{""evidence_text"":""Matched explicit term: ugc"",""observation_type"":""direct"",""signal_type"":""ugc"",""source_field"":""recent_posts.caption"",""source_reference"":""3950507650877783840"",""url"":""https://www.instagram.com/p/DbTBccdCH8g/""},{""evidence_text"":""Matched explicit term: ugc"",""observation_type"":""direct"",""signal_type"":""ugc"",""source_field"":""recent_posts.caption"",""source_reference"":""3950416888949717045"",""url"":""https://www.instagram.com/p/DbSszr0jTg1/""},{""evidence_text"":""Matched explicit term: ugc"",""observation_type"":""direct"",""signal_type"":""ugc"",""source_field"":""recent_posts.caption"",""source_reference"":""3950356460967332364"",""url"":""https://www.instagram.com/p/DbSfEV4IIoM/""},{""evidence_text"":""5.00/24 topical + 4.00/5 format readiness + 0.62/1 Nike/Apple format alignment."",""observation_type"":""derived"",""signal_type"":""content_and_aesthetic_fit"",""source_field"":""candidate_metrics"",""source_reference"":""ugccinemas"",""url"":""https://www.instagram.com/ugccinemas/""}],""explanation"":""5.00/24 topical + 4.00/5 format readiness + 0.62/1 Nike/Apple format alignment."",""max_score"":30.0,""name"":""content_and_aesthetic_fit"",""score"":9.62},{""evidence"":[{""evidence_text"":""Matched explicit term: ugc"",""observation_type"":""direct"",""signal_type"":""ugc"",""source_field"":""full_name"",""source_reference"":""profile"",""url"":""https://www.instagram.com/ugccinemas/""},{""evidence_text"":""Matched explicit term: ugc"",""observation_type"":""direct"",""signal_type"":""ugc"",""source_field"":""recent_posts.caption"",""source_reference"":""3936561583738879218"",""url"":""https://www.instagram.com/p/DaheedTNHzy/""},{""evidence_text"":""Matched explicit term: ugc"",""observation_type"":""direct"",""signal_type"":""ugc"",""source_field"":""recent_posts.caption"",""source_reference"":""3930787583978456115"",""url"":""https://www.instagram.com/p/DaM9ns-jUQz/""},{""evidence_text"":""Matched explicit term: ugc"",""observation_type"":""direct"",""signal_type"":""ugc"",""source_field"":""recent_posts.caption"",""source_reference"":""3951081849988517615"",""url"":""https://www.instagram.com/p/DbVEAJDDw7v/""},{""evidence_text"":""Matched explicit term: ugc"",""observation_type"":""direct"",""signal_type"":""ugc"",""source_field"":""recent_posts.caption"",""source_reference"":""3950523015217645890"",""url"":""https://www.instagram.com/p/DbTE8BnDYlC/""},{""evidence_text"":""Matched explicit term: ugc"",""observation_type"":""direct"",""signal_type"":""ugc"",""source_field"":""recent_posts.caption"",""source_reference"":""3950507650877783840"",""url"":""https://www.instagram.com/p/DbTBccdCH8g/""},{""evidence_text"":""Matched explicit term: ugc"",""observation_type"":""direct"",""signal_type"":""ugc"",""source_field"":""recent_posts.caption"",""source_reference"":""3950416888949717045"",""url"":""https://www.instagram.com/p/DbSszr0jTg1/""},{""evidence_text"":""Matched explicit term: ugc"",""observation_type"":""direct"",""signal_type"":""ugc"",""source_field"":""recent_posts.caption"",""source_reference"":""3950356460967332364"",""url"":""https://www.instagram.com/p/DbSfEV4IIoM/""},{""evidence_text"":""Matched explicit term: direct"",""observation_type"":""direct"",""signal_type"":""contact"",""source_field"":""recent_posts.caption"",""source_reference"":""3950416888949717045"",""url"":""https://www.instagram.com/p/DbSszr0jTg1/""},{""evidence_text"":""Observed structured account mention(s): sonypicturefr"",""observation_type"":""direct"",""signal_type"":""native_product_integration"",""source_field"":""recent_posts.mentions"",""source_reference"":""3936561583738879218"",""url"":""https://www.instagram.com/p/DaheedTNHzy/""},{""evidence_text"":""Observed tagged account(s): sonypicturesfr"",""observation_type"":""direct"",""signal_type"":""native_product_integration"",""source_field"":""recent_posts.tagged_usernames"",""source_reference"":""3936561583738879218"",""url"":""https://www.instagram.com/p/DaheedTNHzy/""},{""evidence_text"":""Observed structured account mention(s): oliviawilde, sethrogen, edwardnortonofficial, theinvitemov"",""observation_type"":""direct"",""signal_type"":""native_product_integration"",""source_field"":""recent_posts.mentions"",""source_reference"":""3951229197031384710"",""url"":""https://www.instagram.com/p/DbVlgUrNSaG/""},{""evidence_text"":""Observed tagged account(s): maverickdistributionfrance"",""observation_type"":""direct"",""signal_type"":""native_product_integration"",""source_field"":""recent_posts.tagged_usernames"",""source_reference"":""3951229197031384710"",""url"":""https://www.instagram.com/p/DbVlgUrNSaG/""},{""evidence_text"":""Observed structured account mention(s): lanceopp, phoebebridgers, a24"",""observation_type"":""direct"",""signal_type"":""native_product_integration"",""source_field"":""recent_posts.mentions"",""source_reference"":""3951141988198532944"",""url"":""https://www.instagram.com/p/DbVRrRHtEdQ/""},{""evidence_text"":""Observed tagged account(s): metropolitanfilms"",""observation_type"":""direct"",""signal_type"":""native_product_integration"",""source_field"":""recent_posts.tagged_usernames"",""source_reference"":""3951141988198532944"",""url"":""https://www.instagram.com/p/DbVRrRHtEdQ/""},{""evidence_text"":""Observed structured account mention(s): lanceopp, phoebebridgers, a24"",""observation_type"":""direct"",""signal_type"":""native_product_integration"",""source_field"":""recent_posts.mentions"",""source_reference"":""3951085348149546853"",""url"":""https://www.instagram.com/p/DbVEzC9tE9l/""},{""evidence_text"":""Observed tagged account(s): metropolitanfilms"",""observation_type"":""direct"",""signal_type"":""native_product_integration"",""source_field"":""recent_posts.tagged_usernames"",""source_reference"":""3951085348149546853"",""url"":""https://www.instagram.com/p/DbVEzC9tE9l/""},{""evidence_text"":""Observed structured account mention(s): sonypicturesfr"",""observation_type"":""direct"",""signal_type"":""native_product_integration"",""source_field"":""recent_posts.mentions"",""source_reference"":""3951081849988517615"",""url"":""https://www.instagram.com/p/DbVEAJDDw7v/""},{""evidence_text"":""Observed tagged account(s): ugc_cinecite_strasbourg, ugc_yvelines"",""observation_type"":""direct"",""signal_type"":""native_product_integration"",""source_field"":""recent_posts.tagged_usernames"",""source_reference"":""3950523015217645890"",""url"":""https://www.instagram.com/p/DbTE8BnDYlC/""},{""evidence_text"":""Observed tagged account(s): ugccinemas"",""observation_type"":""direct"",""signal_type"":""native_product_integration"",""source_field"":""recent_posts.tagged_usernames"",""source_reference"":""3950507650877783840"",""url"":""https://www.instagram.com/p/DbTBccdCH8g/""},{""evidence_text"":""Observed structured account mention(s): sonypicturesfr"",""observation_type"":""direct"",""signal_type"":""native_product_integration"",""source_field"":""recent_posts.mentions"",""source_reference"":""3950356460967332364"",""url"":""https://www.instagram.com/p/DbSfEV4IIoM/""},{""evidence_text"":""UGC=True, marketplace=False, commercial/PR=False, contact=True; 8/12 posts have independently observed native-integration evidence."",""observation_type"":""derived"",""signal_type"":""native_product_integration_potential"",""source_field"":""candidate_metrics"",""source_reference"":""ugccinemas"",""url"":""https://www.instagram.com/ugccinemas/""}],""explanation"":""UGC=True, marketplace=False, commercial/PR=False, contact=True; 8/12 posts have independently observed native-integration evidence."",""max_score"":20.0,""name"":""native_product_integration_potential"",""score"":12.0},{""evidence"":[{""evidence_text"":""Short video share 0.167 × 15 = 2.50."",""observation_type"":""derived"",""signal_type"":""short_video_consistency"",""source_field"":""candidate_metrics"",""source_reference"":""ugccinemas"",""url"":""https://www.instagram.com/ugccinemas/""}],""explanation"":""Short video share 0.167 × 15 = 2.50."",""max_score"":15.0,""name"":""short_video_consistency"",""score"":2.5},{""evidence"":[{""evidence_text"":""Frozen Phase A percentile 0.171804 × 15 = 2.58 raw; × completeness 12/12 (1.000000) = 2.58 adjusted."",""observation_type"":""derived"",""signal_type"":""engagement"",""source_field"":""candidate_metrics"",""source_reference"":""ugccinemas"",""url"":""https://www.instagram.com/ugccinemas/""}],""explanation"":""Frozen Phase A percentile 0.171804 × 15 = 2.58 raw; × completeness 12/12 (1.000000) = 2.58 adjusted."",""max_score"":15.0,""name"":""engagement"",""score"":2.58},{""evidence"":[{""evidence_text"":""Matched explicit term: ugc"",""observation_type"":""direct"",""signal_type"":""ugc"",""source_field"":""full_name"",""source_reference"":""profile"",""url"":""https://www.instagram.com/ugccinemas/""},{""evidence_text"":""Matched explicit term: ugc"",""observation_type"":""direct"",""signal_type"":""ugc"",""source_field"":""recent_posts.caption"",""source_reference"":""3936561583738879218"",""url"":""https://www.instagram.com/p/DaheedTNHzy/""},{""evidence_text"":""Matched explicit term: ugc"",""observation_type"":""direct"",""signal_type"":""ugc"",""source_field"":""recent_posts.caption"",""source_reference"":""3930787583978456115"",""url"":""https://www.instagram.com/p/DaM9ns-jUQz/""},{""evidence_text"":""Matched explicit term: ugc"",""observation_type"":""direct"",""signal_type"":""ugc"",""source_field"":""recent_posts.caption"",""source_reference"":""3951081849988517615"",""url"":""https://www.instagram.com/p/DbVEAJDDw7v/""},{""evidence_text"":""Matched explicit term: ugc"",""observation_type"":""direct"",""signal_type"":""ugc"",""source_field"":""recent_posts.caption"",""source_reference"":""3950523015217645890"",""url"":""https://www.instagram.com/p/DbTE8BnDYlC/""},{""evidence_text"":""Matched explicit term: ugc"",""observation_type"":""direct"",""signal_type"":""ugc"",""source_field"":""recent_posts.caption"",""source_reference"":""3950507650877783840"",""url"":""https://www.instagram.com/p/DbTBccdCH8g/""},{""evidence_text"":""Matched explicit term: ugc"",""observation_type"":""direct"",""signal_type"":""ugc"",""source_field"":""recent_posts.caption"",""source_reference"":""3950416888949717045"",""url"":""https://www.instagram.com/p/DbSszr0jTg1/""},{""evidence_text"":""Matched explicit term: ugc"",""observation_type"":""direct"",""signal_type"":""ugc"",""source_field"":""recent_posts.caption"",""source_reference"":""3950356460967332364"",""url"":""https://www.instagram.com/p/DbSfEV4IIoM/""},{""evidence_text"":""3.0/5 for mid-size audience (50k–150k); commercial/PR=False (+2), UGC=True (+2), marketplace=False (+1)."",""observation_type"":""derived"",""signal_type"":""barter_feasibility"",""source_field"":""candidate_metrics"",""source_reference"":""ugccinemas"",""url"":""https://www.instagram.com/ugccinemas/""}],""explanation"":""3.0/5 for mid-size audience (50k–150k); commercial/PR=False (+2), UGC=True (+2), marketplace=False (+1)."",""max_score"":10.0,""name"":""barter_feasibility"",""score"":5.0},{""evidence"":[{""evidence_text"":""6.00/6 recency + 4.00/4 posting frequency."",""observation_type"":""derived"",""signal_type"":""recent_activity"",""source_field"":""candidate_metrics"",""source_reference"":""ugccinemas"",""url"":""https://www.instagram.com/ugccinemas/""}],""explanation"":""6.00/6 recency + 4.00/4 posting frequency."",""max_score"":10.0,""name"":""recent_activity"",""score"":10.0}]","Rank 14 of 30 eligible candidates: score 41.70/100, discovery confidence 0.800, data completeness 1.000, engagement rate 0.257%.","[{""evidence_text"":""Matched explicit term: direct"",""observation_type"":""direct"",""signal_type"":""contact"",""source_field"":""recent_posts.caption"",""source_reference"":""3950416888949717045"",""url"":""https://www.instagram.com/p/DbSszr0jTg1/""},{""evidence_text"":""Matched explicit term: ugc"",""observation_type"":""direct"",""signal_type"":""ugc"",""source_field"":""full_name"",""source_reference"":""profile"",""url"":""https://www.instagram.com/ugccinemas/""},{""evidence_text"":""Matched explicit term: ugc"",""observation_type"":""direct"",""signal_type"":""ugc"",""source_field"":""recent_posts.caption"",""source_reference"":""3936561583738879218"",""url"":""https://www.instagram.com/p/DaheedTNHzy/""},{""evidence_text"":""Matched explicit term: ugc"",""observation_type"":""direct"",""signal_type"":""ugc"",""source_field"":""recent_posts.caption"",""source_reference"":""3930787583978456115"",""url"":""https://www.instagram.com/p/DaM9ns-jUQz/""},{""evidence_text"":""Matched explicit term: ugc"",""observation_type"":""direct"",""signal_type"":""ugc"",""source_field"":""recent_posts.caption"",""source_reference"":""3951081849988517615"",""url"":""https://www.instagram.com/p/DbVEAJDDw7v/""},{""evidence_text"":""Matched explicit term: ugc"",""observation_type"":""direct"",""signal_type"":""ugc"",""source_field"":""recent_posts.caption"",""source_reference"":""3950523015217645890"",""url"":""https://www.instagram.com/p/DbTE8BnDYlC/""},{""evidence_text"":""Matched explicit term: ugc"",""observation_type"":""direct"",""signal_type"":""ugc"",""source_field"":""recent_posts.caption"",""source_reference"":""3950507650877783840"",""url"":""https://www.instagram.com/p/DbTBccdCH8g/""},{""evidence_text"":""Matched explicit term: ugc"",""observation_type"":""direct"",""signal_type"":""ugc"",""source_field"":""recent_posts.caption"",""source_reference"":""3950416888949717045"",""url"":""https://www.instagram.com/p/DbSszr0jTg1/""},{""evidence_text"":""Matched explicit term: ugc"",""observation_type"":""direct"",""signal_type"":""ugc"",""source_field"":""recent_posts.caption"",""source_reference"":""3950356460967332364"",""url"":""https://www.instagram.com/p/DbSfEV4IIoM/""},{""evidence_text"":""Observed structured account mention(s): sonypicturefr"",""observation_type"":""direct"",""signal_type"":""native_product_integration"",""source_field"":""recent_posts.mentions"",""source_reference"":""3936561583738879218"",""url"":""https://www.instagram.com/p/DaheedTNHzy/""},{""evidence_text"":""Observed tagged account(s): sonypicturesfr"",""observation_type"":""direct"",""signal_type"":""native_product_integration"",""source_field"":""recent_posts.tagged_usernames"",""source_reference"":""3936561583738879218"",""url"":""https://www.instagram.com/p/DaheedTNHzy/""},{""evidence_text"":""Observed structured account mention(s): oliviawilde, sethrogen, edwardnortonofficial, theinvitemov"",""observation_type"":""direct"",""signal_type"":""native_product_integration"",""source_field"":""recent_posts.mentions"",""source_reference"":""3951229197031384710"",""url"":""https://www.instagram.com/p/DbVlgUrNSaG/""},{""evidence_text"":""Observed tagged account(s): maverickdistributionfrance"",""observation_type"":""direct"",""signal_type"":""native_product_integration"",""source_field"":""recent_posts.tagged_usernames"",""source_reference"":""3951229197031384710"",""url"":""https://www.instagram.com/p/DbVlgUrNSaG/""},{""evidence_text"":""Observed structured account mention(s): lanceopp, phoebebridgers, a24"",""observation_type"":""direct"",""signal_type"":""native_product_integration"",""source_field"":""recent_posts.mentions"",""source_reference"":""3951141988198532944"",""url"":""https://www.instagram.com/p/DbVRrRHtEdQ/""},{""evidence_text"":""Observed tagged account(s): metropolitanfilms"",""observation_type"":""direct"",""signal_type"":""native_product_integration"",""source_field"":""recent_posts.tagged_usernames"",""source_reference"":""3951141988198532944"",""url"":""https://www.instagram.com/p/DbVRrRHtEdQ/""},{""evidence_text"":""Observed structured account mention(s): lanceopp, phoebebridgers, a24"",""observation_type"":""direct"",""signal_type"":""native_product_integration"",""source_field"":""recent_posts.mentions"",""source_reference"":""3951085348149546853"",""url"":""https://www.instagram.com/p/DbVEzC9tE9l/""},{""evidence_text"":""Observed tagged account(s): metropolitanfilms"",""observation_type"":""direct"",""signal_type"":""native_product_integration"",""source_field"":""recent_posts.tagged_usernames"",""source_reference"":""3951085348149546853"",""url"":""https://www.instagram.com/p/DbVEzC9tE9l/""},{""evidence_text"":""Observed structured account mention(s): sonypicturesfr"",""observation_type"":""direct"",""signal_type"":""native_product_integration"",""source_field"":""recent_posts.mentions"",""source_reference"":""3951081849988517615"",""url"":""https://www.instagram.com/p/DbVEAJDDw7v/""},{""evidence_text"":""Observed tagged account(s): ugc_cinecite_strasbourg, ugc_yvelines"",""observation_type"":""direct"",""signal_type"":""native_product_integration"",""source_field"":""recent_posts.tagged_usernames"",""source_reference"":""3950523015217645890"",""url"":""https://www.instagram.com/p/DbTE8BnDYlC/""},{""evidence_text"":""Observed tagged account(s): ugccinemas"",""observation_type"":""direct"",""signal_type"":""native_product_integration"",""source_field"":""recent_posts.tagged_usernames"",""source_reference"":""3950507650877783840"",""url"":""https://www.instagram.com/p/DbTBccdCH8g/""},{""evidence_text"":""Observed structured account mention(s): sonypicturesfr"",""observation_type"":""direct"",""signal_type"":""native_product_integration"",""source_field"":""recent_posts.mentions"",""source_reference"":""3950356460967332364"",""url"":""https://www.instagram.com/p/DbSfEV4IIoM/""},{""evidence_text"":""0.40×provider identity (1.000) + 0.20×multi-query support (0.333; 1 distinct queries, full credit at 3) + 0.20×profile/post link verification (1.000) + 0.20×query relevance (0.667; 2 directly evidenced target dimensions) = 0.800."",""observation_type"":""derived"",""signal_type"":""discovery_confidence"",""source_field"":""provider_and_discovery"",""source_reference"":""ugccinemas"",""url"":""https://www.instagram.com/ugccinemas/""},{""evidence_text"":""Caption-derived topic excerpt used: L’INVITATION... de l’année ! Un film de @oliviawilde, avec @sethrogen, Olivia Wilde, Penelope Cruz et @edward…"",""observation_type"":""direct"",""signal_type"":""offer_personalization"",""source_field"":""recent_posts.caption"",""source_reference"":""3951229197031384710"",""url"":""https://www.instagram.com/p/DbVlgUrNSaG/""},{""evidence_text"":""Observed profile name used in greeting: UGC Cinemas"",""observation_type"":""direct"",""signal_type"":""offer_greeting"",""source_field"":""full_name"",""source_reference"":""profile"",""url"":""https://www.instagram.com/ugccinemas/""}]",https://www.instagram.com/p/DbVlgUrNSaG/,"Здравствуйте, UGC Cinemas!

Увидели вашу недавнюю публикацию «L’INVITATION... de l’année ! Un film de @oliviawilde, avec @sethrogen, Olivia Wilde, Penelope Cruz et @edward…»: https://www.instagram.com/p/DbVlgUrNSaG/
Нам кажется, такой формат контента может естественно сочетаться с категорией «женская одежда».

Мы — LD Latte. Хотим предложить для обсуждения товар бренда в обмен на согласованный контент: товар из новой коллекции LD Latte. Если идея вам интересна, возможный формат — Reels или нативный обзор; детали и творческую подачу согласуем вместе.

Будем рады обсудить предложение, если оно вам подходит; никаких обязательств до согласования условий нет.

[Черновик: требуется ручная проверка и одобрение перед использованием.]",pending,,0.8,eligible,[],"[""ugc_creator_01""]",apify,2026-07-28T19:11:52.795572+00:00,deterministic_template,"clear: no Phase A username, URL, historical alias, replacement, rejected false lead, Nike, or Apple match"
instagram,cleide_lifestyle,https://www.instagram.com/cleide_lifestyle/,1267314,20932.0,585.0,1.694489289947085,12,12,1.0,0.8333333333333334,2026-07-26T20:55:24+00:00,41.68,"[{""evidence"":[{""evidence_text"":""Matched explicit term: lifestyle"",""observation_type"":""direct"",""signal_type"":""lifestyle"",""source_field"":""full_name"",""source_reference"":""profile"",""url"":""https://www.instagram.com/cleide_lifestyle/""},{""evidence_text"":""Matched explicit term: life"",""observation_type"":""direct"",""signal_type"":""lifestyle"",""source_field"":""full_name"",""source_reference"":""profile"",""url"":""https://www.instagram.com/cleide_lifestyle/""},{""evidence_text"":""Matched explicit term: lifestyle"",""observation_type"":""direct"",""signal_type"":""lifestyle"",""source_field"":""biography"",""source_reference"":""profile"",""url"":""https://www.instagram.com/cleide_lifestyle/""},{""evidence_text"":""Matched explicit term: life"",""observation_type"":""direct"",""signal_type"":""lifestyle"",""source_field"":""biography"",""source_reference"":""profile"",""url"":""https://www.instagram.com/cleide_lifestyle/""},{""evidence_text"":""Matched explicit term: lifestyle"",""observation_type"":""direct"",""signal_type"":""lifestyle"",""source_field"":""recent_posts.caption"",""source_reference"":""3948575583222843920"",""url"":""https://www.instagram.com/p/DbMKJKOx0oQ/""},{""evidence_text"":""Matched explicit term: life"",""observation_type"":""direct"",""signal_type"":""lifestyle"",""source_field"":""recent_posts.caption"",""source_reference"":""3948575583222843920"",""url"":""https://www.instagram.com/p/DbMKJKOx0oQ/""},{""evidence_text"":""4.00/24 topical + 4.00/5 format readiness + 0.71/1 Nike/Apple format alignment."",""observation_type"":""derived"",""signal_type"":""content_and_aesthetic_fit"",""source_field"":""candidate_metrics"",""source_reference"":""cleide_lifestyle"",""url"":""https://www.instagram.com/cleide_lifestyle/""}],""explanation"":""4.00/24 topical + 4.00/5 format readiness + 0.71/1 Nike/Apple format alignment."",""max_score"":30.0,""name"":""content_and_aesthetic_fit"",""score"":8.71},{""evidence"":[{""evidence_text"":""Observed email address: cleidelifestyle@gmail.com"",""observation_type"":""direct"",""signal_type"":""contact"",""source_field"":""biography"",""source_reference"":""profile"",""url"":""https://www.instagram.com/cleide_lifestyle/""},{""evidence_text"":""Observed structured account mention(s): cristalchacara, penelope.daroca, mais_receitas_, ducavalcantte, chefdiegosilverio, igorbmota, dicasdomarcello, dapiaaoparaiso, danicozinhapratica, cozinhadaheryka"",""observation_type"":""direct"",""signal_type"":""native_product_integration"",""source_field"":""recent_posts.mentions"",""source_reference"":""3950021884473825625"",""url"":""https://www.instagram.com/p/DbRS_nPFNlZ/""},{""evidence_text"":""Observed structured account mention(s): CleideLifestyle"",""observation_type"":""direct"",""signal_type"":""native_product_integration"",""source_field"":""recent_posts.mentions"",""source_reference"":""3948575583222843920"",""url"":""https://www.instagram.com/p/DbMKJKOx0oQ/""},{""evidence_text"":""Observed tagged account(s): cleide_lifestyle, penelope.daroca"",""observation_type"":""direct"",""signal_type"":""native_product_integration"",""source_field"":""recent_posts.tagged_usernames"",""source_reference"":""3948575583222843920"",""url"":""https://www.instagram.com/p/DbMKJKOx0oQ/""},{""evidence_text"":""UGC=False, marketplace=False, commercial/PR=False, contact=True; 2/12 posts have independently observed native-integration evidence."",""observation_type"":""derived"",""signal_type"":""native_product_integration_potential"",""source_field"":""candidate_metrics"",""source_reference"":""cleide_lifestyle"",""url"":""https://www.instagram.com/cleide_lifestyle/""}],""explanation"":""UGC=False, marketplace=False, commercial/PR=False, contact=True; 2/12 posts have independently observed native-integration evidence."",""max_score"":20.0,""name"":""native_product_integration_potential"",""score"":3.33},{""evidence"":[{""evidence_text"":""Short video share 0.833 × 15 = 12.50."",""observation_type"":""derived"",""signal_type"":""short_video_consistency"",""source_field"":""candidate_metrics"",""source_reference"":""cleide_lifestyle"",""url"":""https://www.instagram.com/cleide_lifestyle/""}],""explanation"":""Short video share 0.833 × 15 = 12.50."",""max_score"":15.0,""name"":""short_video_consistency"",""score"":12.5},{""evidence"":[{""evidence_text"":""Frozen Phase A percentile 0.661693 × 15 = 9.93 raw; × completeness 12/12 (1.000000) = 9.93 adjusted."",""observation_type"":""derived"",""signal_type"":""engagement"",""source_field"":""candidate_metrics"",""source_reference"":""cleide_lifestyle"",""url"":""https://www.instagram.com/cleide_lifestyle/""}],""explanation"":""Frozen Phase A percentile 0.661693 × 15 = 9.93 raw; × completeness 12/12 (1.000000) = 9.93 adjusted."",""max_score"":15.0,""name"":""engagement"",""score"":9.93},{""evidence"":[{""evidence_text"":""1.0/5 for very large audience (>300k); commercial/PR=False (+2), UGC=False (+2), marketplace=False (+1)."",""observation_type"":""derived"",""signal_type"":""barter_feasibility"",""source_field"":""candidate_metrics"",""source_reference"":""cleide_lifestyle"",""url"":""https://www.instagram.com/cleide_lifestyle/""}],""explanation"":""1.0/5 for very large audience (>300k); commercial/PR=False (+2), UGC=False (+2), marketplace=False (+1)."",""max_score"":10.0,""name"":""barter_feasibility"",""score"":1.0},{""evidence"":[{""evidence_text"":""6.00/6 recency + 0.21/4 posting frequency."",""observation_type"":""derived"",""signal_type"":""recent_activity"",""source_field"":""candidate_metrics"",""source_reference"":""cleide_lifestyle"",""url"":""https://www.instagram.com/cleide_lifestyle/""}],""explanation"":""6.00/6 recency + 0.21/4 posting frequency."",""max_score"":10.0,""name"":""recent_activity"",""score"":6.21}]","Rank 15 of 30 eligible candidates: score 41.68/100, discovery confidence 0.800, data completeness 1.000, engagement rate 1.694%.","[{""evidence_text"":""Observed email address: cleidelifestyle@gmail.com"",""observation_type"":""direct"",""signal_type"":""contact"",""source_field"":""biography"",""source_reference"":""profile"",""url"":""https://www.instagram.com/cleide_lifestyle/""},{""evidence_text"":""Matched explicit term: lifestyle"",""observation_type"":""direct"",""signal_type"":""lifestyle"",""source_field"":""full_name"",""source_reference"":""profile"",""url"":""https://www.instagram.com/cleide_lifestyle/""},{""evidence_text"":""Matched explicit term: life"",""observation_type"":""direct"",""signal_type"":""lifestyle"",""source_field"":""full_name"",""source_reference"":""profile"",""url"":""https://www.instagram.com/cleide_lifestyle/""},{""evidence_text"":""Matched explicit term: lifestyle"",""observation_type"":""direct"",""signal_type"":""lifestyle"",""source_field"":""biography"",""source_reference"":""profile"",""url"":""https://www.instagram.com/cleide_lifestyle/""},{""evidence_text"":""Matched explicit term: life"",""observation_type"":""direct"",""signal_type"":""lifestyle"",""source_field"":""biography"",""source_reference"":""profile"",""url"":""https://www.instagram.com/cleide_lifestyle/""},{""evidence_text"":""Matched explicit term: lifestyle"",""observation_type"":""direct"",""signal_type"":""lifestyle"",""source_field"":""recent_posts.caption"",""source_reference"":""3948575583222843920"",""url"":""https://www.instagram.com/p/DbMKJKOx0oQ/""},{""evidence_text"":""Matched explicit term: life"",""observation_type"":""direct"",""signal_type"":""lifestyle"",""source_field"":""recent_posts.caption"",""source_reference"":""3948575583222843920"",""url"":""https://www.instagram.com/p/DbMKJKOx0oQ/""},{""evidence_text"":""Observed structured account mention(s): cristalchacara, penelope.daroca, mais_receitas_, ducavalcantte, chefdiegosilverio, igorbmota, dicasdomarcello, dapiaaoparaiso, danicozinhapratica, cozinhadaheryka"",""observation_type"":""direct"",""signal_type"":""native_product_integration"",""source_field"":""recent_posts.mentions"",""source_reference"":""3950021884473825625"",""url"":""https://www.instagram.com/p/DbRS_nPFNlZ/""},{""evidence_text"":""Observed structured account mention(s): CleideLifestyle"",""observation_type"":""direct"",""signal_type"":""native_product_integration"",""source_field"":""recent_posts.mentions"",""source_reference"":""3948575583222843920"",""url"":""https://www.instagram.com/p/DbMKJKOx0oQ/""},{""evidence_text"":""Observed tagged account(s): cleide_lifestyle, penelope.daroca"",""observation_type"":""direct"",""signal_type"":""native_product_integration"",""source_field"":""recent_posts.tagged_usernames"",""source_reference"":""3948575583222843920"",""url"":""https://www.instagram.com/p/DbMKJKOx0oQ/""},{""evidence_text"":""0.40×provider identity (1.000) + 0.20×multi-query support (0.333; 1 distinct queries, full credit at 3) + 0.20×profile/post link verification (1.000) + 0.20×query relevance (0.667; 2 directly evidenced target dimensions) = 0.800."",""observation_type"":""derived"",""signal_type"":""discovery_confidence"",""source_field"":""provider_and_discovery"",""source_reference"":""cleide_lifestyle"",""url"":""https://www.instagram.com/cleide_lifestyle/""},{""evidence_text"":""Caption-derived topic excerpt used: Nada melhor do que viver momentos assim, ao lado de pessoas que admiro, compartilhando experiências, fortalec…"",""observation_type"":""direct"",""signal_type"":""offer_personalization"",""source_field"":""recent_posts.caption"",""source_reference"":""3950021884473825625"",""url"":""https://www.instagram.com/p/DbRS_nPFNlZ/""},{""evidence_text"":""Observed profile name used in greeting: Cleide Lifestyle"",""observation_type"":""direct"",""signal_type"":""offer_greeting"",""source_field"":""full_name"",""source_reference"":""profile"",""url"":""https://www.instagram.com/cleide_lifestyle/""}]",https://www.instagram.com/p/DbRS_nPFNlZ/,"Здравствуйте, Cleide Lifestyle!

Увидели вашу недавнюю публикацию «Nada melhor do que viver momentos assim, ao lado de pessoas que admiro, compartilhando experiências, fortalec…»: https://www.instagram.com/p/DbRS_nPFNlZ/
Нам кажется, такой формат контента может естественно сочетаться с категорией «женская одежда».

Мы — LD Latte. Хотим предложить для обсуждения товар бренда в обмен на согласованный контент: товар из новой коллекции LD Latte. Если идея вам интересна, возможный формат — Reels или нативный обзор; детали и творческую подачу согласуем вместе.

Будем рады обсудить предложение, если оно вам подходит; никаких обязательств до согласования условий нет.

[Черновик: требуется ручная проверка и одобрение перед использованием.]",pending,,0.8,eligible,[],"[""beauty_lifestyle_01""]",apify,2026-07-28T19:11:52.795572+00:00,deterministic_template,"clear: no Phase A username, URL, historical alias, replacement, rejected false lead, Nike, or Apple match"
instagram,ubs.lifestyle,https://www.instagram.com/ubs.lifestyle/,285028,104.5,11.5,0.041399441458383035,12,12,1.0,0.25,2026-07-28T10:05:04+00:00,41.64,"[{""evidence"":[{""evidence_text"":""Matched explicit term: beauty"",""observation_type"":""direct"",""signal_type"":""beauty"",""source_field"":""recent_posts.caption"",""source_reference"":""3931420793393349455"",""url"":""https://www.instagram.com/p/DaPNmHMy4NP/""},{""evidence_text"":""Matched explicit term: lifestyle"",""observation_type"":""direct"",""signal_type"":""lifestyle"",""source_field"":""full_name"",""source_reference"":""profile"",""url"":""https://www.instagram.com/ubs.lifestyle/""},{""evidence_text"":""Matched explicit term: life"",""observation_type"":""direct"",""signal_type"":""lifestyle"",""source_field"":""full_name"",""source_reference"":""profile"",""url"":""https://www.instagram.com/ubs.lifestyle/""},{""evidence_text"":""Matched explicit term: lifestyle"",""observation_type"":""direct"",""signal_type"":""lifestyle"",""source_field"":""recent_posts.caption"",""source_reference"":""3940964895996373568"",""url"":""https://www.instagram.com/p/DaxHrFaJepA/""},{""evidence_text"":""Matched explicit term: life"",""observation_type"":""direct"",""signal_type"":""lifestyle"",""source_field"":""recent_posts.caption"",""source_reference"":""3940964895996373568"",""url"":""https://www.instagram.com/p/DaxHrFaJepA/""},{""evidence_text"":""Matched explicit term: lifestyle"",""observation_type"":""direct"",""signal_type"":""lifestyle"",""source_field"":""recent_posts.hashtags"",""source_reference"":""3940964895996373568"",""url"":""https://www.instagram.com/p/DaxHrFaJepA/""},{""evidence_text"":""Matched explicit term: life"",""observation_type"":""direct"",""signal_type"":""lifestyle"",""source_field"":""recent_posts.hashtags"",""source_reference"":""3940964895996373568"",""url"":""https://www.instagram.com/p/DaxHrFaJepA/""},{""evidence_text"":""Matched explicit term: lifestyle"",""observation_type"":""direct"",""signal_type"":""lifestyle"",""source_field"":""recent_posts.caption"",""source_reference"":""3948043234743752204"",""url"":""https://www.instagram.com/p/DbKRGeEyRYM/""},{""evidence_text"":""Matched explicit term: life"",""observation_type"":""direct"",""signal_type"":""lifestyle"",""source_field"":""recent_posts.caption"",""source_reference"":""3948043234743752204"",""url"":""https://www.instagram.com/p/DbKRGeEyRYM/""},{""evidence_text"":""Matched explicit term: lifestyle"",""observation_type"":""direct"",""signal_type"":""lifestyle"",""source_field"":""recent_posts.hashtags"",""source_reference"":""3948043234743752204"",""url"":""https://www.instagram.com/p/DbKRGeEyRYM/""},{""evidence_text"":""Matched explicit term: life"",""observation_type"":""direct"",""signal_type"":""lifestyle"",""source_field"":""recent_posts.hashtags"",""source_reference"":""3948043234743752204"",""url"":""https://www.instagram.com/p/DbKRGeEyRYM/""},{""evidence_text"":""Matched explicit term: lifestyle"",""observation_type"":""direct"",""signal_type"":""lifestyle"",""source_field"":""recent_posts.caption"",""source_reference"":""3931420793393349455"",""url"":""https://www.instagram.com/p/DaPNmHMy4NP/""},{""evidence_text"":""Matched explicit term: life"",""observation_type"":""direct"",""signal_type"":""lifestyle"",""source_field"":""recent_posts.caption"",""source_reference"":""3931420793393349455"",""url"":""https://www.instagram.com/p/DaPNmHMy4NP/""},{""evidence_text"":""Matched explicit term: lifestyle"",""observation_type"":""direct"",""signal_type"":""lifestyle"",""source_field"":""recent_posts.hashtags"",""source_reference"":""3931420793393349455"",""url"":""https://www.instagram.com/p/DaPNmHMy4NP/""},{""evidence_text"":""Matched explicit term: life"",""observation_type"":""direct"",""signal_type"":""lifestyle"",""source_field"":""recent_posts.hashtags"",""source_reference"":""3931420793393349455"",""url"":""https://www.instagram.com/p/DaPNmHMy4NP/""},{""evidence_text"":""Matched explicit term: lifestyle"",""observation_type"":""direct"",""signal_type"":""lifestyle"",""source_field"":""recent_posts.caption"",""source_reference"":""3951134260027017666"",""url"":""https://www.instagram.com/p/DbVP6zsyUnC/""},{""evidence_text"":""Matched explicit term: life"",""observation_type"":""direct"",""signal_type"":""lifestyle"",""source_field"":""recent_posts.caption"",""source_reference"":""3951134260027017666"",""url"":""https://www.instagram.com/p/DbVP6zsyUnC/""},{""evidence_text"":""Matched explicit term: lifestyle"",""observation_type"":""direct"",""signal_type"":""lifestyle"",""source_field"":""recent_posts.hashtags"",""source_reference"":""3951134260027017666"",""url"":""https://www.instagram.com/p/DbVP6zsyUnC/""},{""evidence_text"":""Matched explicit term: life"",""observation_type"":""direct"",""signal_type"":""lifestyle"",""source_field"":""recent_posts.hashtags"",""source_reference"":""3951134260027017666"",""url"":""https://www.instagram.com/p/DbVP6zsyUnC/""},{""evidence_text"":""Matched explicit term: lifestyle"",""observation_type"":""direct"",""signal_type"":""lifestyle"",""source_field"":""recent_posts.caption"",""source_reference"":""3951081901749224060"",""url"":""https://www.instagram.com/p/DbVEA5QPMJ8/""},{""evidence_text"":""Matched explicit term: life"",""observation_type"":""direct"",""signal_type"":""lifestyle"",""source_field"":""recent_posts.caption"",""source_reference"":""3951081901749224060"",""url"":""https://www.instagram.com/p/DbVEA5QPMJ8/""},{""evidence_text"":""Matched explicit term: lifestyle"",""observation_type"":""direct"",""signal_type"":""lifestyle"",""source_field"":""recent_posts.caption"",""source_reference"":""3950205884017638647"",""url"":""https://www.instagram.com/p/DbR81KKh3z3/""},{""evidence_text"":""Matched explicit term: life"",""observation_type"":""direct"",""signal_type"":""lifestyle"",""source_field"":""recent_posts.caption"",""source_reference"":""3950205884017638647"",""url"":""https://www.instagram.com/p/DbR81KKh3z3/""},{""evidence_text"":""Matched explicit term: lifestyle"",""observation_type"":""direct"",""signal_type"":""lifestyle"",""source_field"":""recent_posts.caption"",""source_reference"":""3949480724793379804"",""url"":""https://www.instagram.com/p/DbPX8tAj8vc/""},{""evidence_text"":""Matched explicit term: life"",""observation_type"":""direct"",""signal_type"":""lifestyle"",""source_field"":""recent_posts.caption"",""source_reference"":""3949480724793379804"",""url"":""https://www.instagram.com/p/DbPX8tAj8vc/""},{""evidence_text"":""Matched explicit term: lifestyle"",""observation_type"":""direct"",""signal_type"":""lifestyle"",""source_field"":""recent_posts.caption"",""source_reference"":""3948755958926952282"",""url"":""https://www.instagram.com/p/DbMzJ-MjEda/""},{""evidence_text"":""Matched explicit term: life"",""observation_type"":""direct"",""signal_type"":""lifestyle"",""source_field"":""recent_posts.caption"",""source_reference"":""3948755958926952282"",""url"":""https://www.instagram.com/p/DbMzJ-MjEda/""},{""evidence_text"":""Matched explicit term: lifestyle"",""observation_type"":""direct"",""signal_type"":""lifestyle"",""source_field"":""recent_posts.caption"",""source_reference"":""3948204234544953404"",""url"":""https://www.instagram.com/p/DbK1tU0vrg8/""},{""evidence_text"":""Matched explicit term: life"",""observation_type"":""direct"",""signal_type"":""lifestyle"",""source_field"":""recent_posts.caption"",""source_reference"":""3948204234544953404"",""url"":""https://www.instagram.com/p/DbK1tU0vrg8/""},{""evidence_text"":""Matched explicit term: lifestyle"",""observation_type"":""direct"",""signal_type"":""lifestyle"",""source_field"":""recent_posts.caption"",""source_reference"":""3948215968203509771"",""url"":""https://www.instagram.com/p/DbK4YEpS5AL/""},{""evidence_text"":""Matched explicit term: life"",""observation_type"":""direct"",""signal_type"":""lifestyle"",""source_field"":""recent_posts.caption"",""source_reference"":""3948215968203509771"",""url"":""https://www.instagram.com/p/DbK4YEpS5AL/""},{""evidence_text"":""Matched explicit term: lifestyle"",""observation_type"":""direct"",""signal_type"":""lifestyle"",""source_field"":""recent_posts.hashtags"",""source_reference"":""3948215968203509771"",""url"":""https://www.instagram.com/p/DbK4YEpS5AL/""},{""evidence_text"":""Matched explicit term: life"",""observation_type"":""direct"",""signal_type"":""lifestyle"",""source_field"":""recent_posts.hashtags"",""source_reference"":""3948215968203509771"",""url"":""https://www.instagram.com/p/DbK4YEpS5AL/""},{""evidence_text"":""Matched explicit term: lifestyle"",""observation_type"":""direct"",""signal_type"":""lifestyle"",""source_field"":""recent_posts.caption"",""source_reference"":""3941750055879467831"",""url"":""https://www.instagram.com/p/Daz6MqiEmM3/""},{""evidence_text"":""Matched explicit term: life"",""observation_type"":""direct"",""signal_type"":""lifestyle"",""source_field"":""recent_posts.caption"",""source_reference"":""3941750055879467831"",""url"":""https://www.instagram.com/p/Daz6MqiEmM3/""},{""evidence_text"":""Matched explicit term: lifestyle"",""observation_type"":""direct"",""signal_type"":""lifestyle"",""source_field"":""recent_posts.hashtags"",""source_reference"":""3941750055879467831"",""url"":""https://www.instagram.com/p/Daz6MqiEmM3/""},{""evidence_text"":""Matched explicit term: life"",""observation_type"":""direct"",""signal_type"":""lifestyle"",""source_field"":""recent_posts.hashtags"",""source_reference"":""3941750055879467831"",""url"":""https://www.instagram.com/p/Daz6MqiEmM3/""},{""evidence_text"":""Matched explicit term: lifestyle"",""observation_type"":""direct"",""signal_type"":""lifestyle"",""source_field"":""recent_posts.caption"",""source_reference"":""3947512097831271476"",""url"":""https://www.instagram.com/p/DbIYVaRyjw0/""},{""evidence_text"":""Matched explicit term: life"",""observation_type"":""direct"",""signal_type"":""lifestyle"",""source_field"":""recent_posts.caption"",""source_reference"":""3947512097831271476"",""url"":""https://www.instagram.com/p/DbIYVaRyjw0/""},{""evidence_text"":""Matched explicit term: lifestyle"",""observation_type"":""direct"",""signal_type"":""lifestyle"",""source_field"":""recent_posts.hashtags"",""source_reference"":""3947512097831271476"",""url"":""https://www.instagram.com/p/DbIYVaRyjw0/""},{""evidence_text"":""Matched explicit term: life"",""observation_type"":""direct"",""signal_type"":""lifestyle"",""source_field"":""recent_posts.hashtags"",""source_reference"":""3947512097831271476"",""url"":""https://www.instagram.com/p/DbIYVaRyjw0/""},{""evidence_text"":""Matched explicit term: marketplace"",""observation_type"":""direct"",""signal_type"":""marketplace"",""source_field"":""biography"",""source_reference"":""profile"",""url"":""https://www.instagram.com/ubs.lifestyle/""},{""evidence_text"":""Matched explicit term: marketplace"",""observation_type"":""direct"",""signal_type"":""marketplace"",""source_field"":""recent_posts.caption"",""source_reference"":""3931420793393349455"",""url"":""https://www.instagram.com/p/DaPNmHMy4NP/""},{""evidence_text"":""Matched explicit term: marketplace"",""observation_type"":""direct"",""signal_type"":""marketplace"",""source_field"":""recent_posts.caption"",""source_reference"":""3951134260027017666"",""url"":""https://www.instagram.com/p/DbVP6zsyUnC/""},{""evidence_text"":""Matched explicit term: marketplace"",""observation_type"":""direct"",""signal_type"":""marketplace"",""source_field"":""recent_posts.caption"",""source_reference"":""3951081901749224060"",""url"":""https://www.instagram.com/p/DbVEA5QPMJ8/""},{""evidence_text"":""Matched explicit term: marketplace"",""observation_type"":""direct"",""signal_type"":""marketplace"",""source_field"":""recent_posts.caption"",""source_reference"":""3950205884017638647"",""url"":""https://www.instagram.com/p/DbR81KKh3z3/""},{""evidence_text"":""Matched explicit term: marketplace"",""observation_type"":""direct"",""signal_type"":""marketplace"",""source_field"":""recent_posts.caption"",""source_reference"":""3949480724793379804"",""url"":""https://www.instagram.com/p/DbPX8tAj8vc/""},{""evidence_text"":""Matched explicit term: marketplace"",""observation_type"":""direct"",""signal_type"":""marketplace"",""source_field"":""recent_posts.caption"",""source_reference"":""3948204234544953404"",""url"":""https://www.instagram.com/p/DbK1tU0vrg8/""},{""evidence_text"":""12.00/24 topical + 4.00/5 format readiness + 0.71/1 Nike/Apple format alignment."",""observation_type"":""derived"",""signal_type"":""content_and_aesthetic_fit"",""source_field"":""candidate_metrics"",""source_reference"":""ubs.lifestyle"",""url"":""https://www.instagram.com/ubs.lifestyle/""}],""explanation"":""12.00/24 topical + 4.00/5 format readiness + 0.71/1 Nike/Apple format alignment."",""max_score"":30.0,""name"":""content_and_aesthetic_fit"",""score"":16.71},{""evidence"":[{""evidence_text"":""Matched explicit term: marketplace"",""observation_type"":""direct"",""signal_type"":""marketplace"",""source_field"":""biography"",""source_reference"":""profile"",""url"":""https://www.instagram.com/ubs.lifestyle/""},{""evidence_text"":""Matched explicit term: marketplace"",""observation_type"":""direct"",""signal_type"":""marketplace"",""source_field"":""recent_posts.caption"",""source_reference"":""3931420793393349455"",""url"":""https://www.instagram.com/p/DaPNmHMy4NP/""},{""evidence_text"":""Matched explicit term: marketplace"",""observation_type"":""direct"",""signal_type"":""marketplace"",""source_field"":""recent_posts.caption"",""source_reference"":""3951134260027017666"",""url"":""https://www.instagram.com/p/DbVP6zsyUnC/""},{""evidence_text"":""Matched explicit term: marketplace"",""observation_type"":""direct"",""signal_type"":""marketplace"",""source_field"":""recent_posts.caption"",""source_reference"":""3951081901749224060"",""url"":""https://www.instagram.com/p/DbVEA5QPMJ8/""},{""evidence_text"":""Matched explicit term: marketplace"",""observation_type"":""direct"",""signal_type"":""marketplace"",""source_field"":""recent_posts.caption"",""source_reference"":""3950205884017638647"",""url"":""https://www.instagram.com/p/DbR81KKh3z3/""},{""evidence_text"":""Matched explicit term: marketplace"",""observation_type"":""direct"",""signal_type"":""marketplace"",""source_field"":""recent_posts.caption"",""source_reference"":""3949480724793379804"",""url"":""https://www.instagram.com/p/DbPX8tAj8vc/""},{""evidence_text"":""Matched explicit term: marketplace"",""observation_type"":""direct"",""signal_type"":""marketplace"",""source_field"":""recent_posts.caption"",""source_reference"":""3948204234544953404"",""url"":""https://www.instagram.com/p/DbK1tU0vrg8/""},{""evidence_text"":""Observed structured account mention(s): ubs.lifestyle, ubslifestyle"",""observation_type"":""direct"",""signal_type"":""native_product_integration"",""source_field"":""recent_posts.mentions"",""source_reference"":""3940964895996373568"",""url"":""https://www.instagram.com/p/DaxHrFaJepA/""},{""evidence_text"":""Observed structured account mention(s): ubs.lifestyle, ubslifestyle"",""observation_type"":""direct"",""signal_type"":""native_product_integration"",""source_field"":""recent_posts.mentions"",""source_reference"":""3948043234743752204"",""url"":""https://www.instagram.com/p/DbKRGeEyRYM/""},{""evidence_text"":""Observed tagged account(s): bliblidotcom"",""observation_type"":""direct"",""signal_type"":""native_product_integration"",""source_field"":""recent_posts.tagged_usernames"",""source_reference"":""3948043234743752204"",""url"":""https://www.instagram.com/p/DbKRGeEyRYM/""},{""evidence_text"":""Observed structured account mention(s): ubs.lifestyle, ubslifestyle"",""observation_type"":""direct"",""signal_type"":""native_product_integration"",""source_field"":""recent_posts.mentions"",""source_reference"":""3931420793393349455"",""url"":""https://www.instagram.com/p/DaPNmHMy4NP/""},{""evidence_text"":""Observed product-focused caption term(s): marketplace"",""observation_type"":""direct"",""signal_type"":""native_product_integration"",""source_field"":""recent_posts.caption"",""source_reference"":""3931420793393349455"",""url"":""https://www.instagram.com/p/DaPNmHMy4NP/""},{""evidence_text"":""Observed structured account mention(s): ubs.lifestyle, ubslifestyle"",""observation_type"":""direct"",""signal_type"":""native_product_integration"",""source_field"":""recent_posts.mentions"",""source_reference"":""3951134260027017666"",""url"":""https://www.instagram.com/p/DbVP6zsyUnC/""},{""evidence_text"":""Observed product-focused caption term(s): marketplace"",""observation_type"":""direct"",""signal_type"":""native_product_integration"",""source_field"":""recent_posts.caption"",""source_reference"":""3951134260027017666"",""url"":""https://www.instagram.com/p/DbVP6zsyUnC/""},{""evidence_text"":""Observed structured account mention(s): ubs.lifestyle, ubsgoldprive, ubsgoldstore, ubsgoldelegant, ubsgold.classic, kiara.society, axel.vinesse, ubs.goldbar, ubsgoldevent"",""observation_type"":""direct"",""signal_type"":""native_product_integration"",""source_field"":""recent_posts.mentions"",""source_reference"":""3951081901749224060"",""url"":""https://www.instagram.com/p/DbVEA5QPMJ8/""},{""evidence_text"":""Observed tagged account(s): ubs.lifestyle"",""observation_type"":""direct"",""signal_type"":""native_product_integration"",""source_field"":""recent_posts.tagged_usernames"",""source_reference"":""3951081901749224060"",""url"":""https://www.instagram.com/p/DbVEA5QPMJ8/""},{""evidence_text"":""Observed product-focused caption term(s): marketplace"",""observation_type"":""direct"",""signal_type"":""native_product_integration"",""source_field"":""recent_posts.caption"",""source_reference"":""3951081901749224060"",""url"":""https://www.instagram.com/p/DbVEA5QPMJ8/""},{""evidence_text"":""Observed structured account mention(s): ubs.lifestyle, ubsgoldelegant, ubsgold.classic, kiara.society, axel.vinesse, ubs.goldbar, ubsgoldevent"",""observation_type"":""direct"",""signal_type"":""native_product_integration"",""source_field"":""recent_posts.mentions"",""source_reference"":""3950205884017638647"",""url"":""https://www.instagram.com/p/DbR81KKh3z3/""},{""evidence_text"":""Observed tagged account(s): ubs.lifestyle"",""observation_type"":""direct"",""signal_type"":""native_product_integration"",""source_field"":""recent_posts.tagged_usernames"",""source_reference"":""3950205884017638647"",""url"":""https://www.instagram.com/p/DbR81KKh3z3/""},{""evidence_text"":""Observed product-focused caption term(s): marketplace"",""observation_type"":""direct"",""signal_type"":""native_product_integration"",""source_field"":""recent_posts.caption"",""source_reference"":""3950205884017638647"",""url"":""https://www.instagram.com/p/DbR81KKh3z3/""},{""evidence_text"":""Observed structured account mention(s): ubs.lifestyle"",""observation_type"":""direct"",""signal_type"":""native_product_integration"",""source_field"":""recent_posts.mentions"",""source_reference"":""3949480724793379804"",""url"":""https://www.instagram.com/p/DbPX8tAj8vc/""},{""evidence_text"":""Observed tagged account(s): ubs.lifestyle"",""observation_type"":""direct"",""signal_type"":""native_product_integration"",""source_field"":""recent_posts.tagged_usernames"",""source_reference"":""3949480724793379804"",""url"":""https://www.instagram.com/p/DbPX8tAj8vc/""},{""evidence_text"":""Observed product-focused caption term(s): marketplace"",""observation_type"":""direct"",""signal_type"":""native_product_integration"",""source_field"":""recent_posts.caption"",""source_reference"":""3949480724793379804"",""url"":""https://www.instagram.com/p/DbPX8tAj8vc/""},{""evidence_text"":""Observed tagged account(s): ubs.gold, ubs.lifestyle"",""observation_type"":""direct"",""signal_type"":""native_product_integration"",""source_field"":""recent_posts.tagged_usernames"",""source_reference"":""3948755958926952282"",""url"":""https://www.instagram.com/p/DbMzJ-MjEda/""},{""evidence_text"":""Observed structured account mention(s): ubs.lifestyle, ubsgoldelegant, ubsgold.classic, kiara.society, axel.vinesse, ubs.goldbar, ubsgoldevent"",""observation_type"":""direct"",""signal_type"":""native_product_integration"",""source_field"":""recent_posts.mentions"",""source_reference"":""3948204234544953404"",""url"":""https://www.instagram.com/p/DbK1tU0vrg8/""},{""evidence_text"":""Observed tagged account(s): ubs.lifestyle"",""observation_type"":""direct"",""signal_type"":""native_product_integration"",""source_field"":""recent_posts.tagged_usernames"",""source_reference"":""3948204234544953404"",""url"":""https://www.instagram.com/p/DbK1tU0vrg8/""},{""evidence_text"":""Observed product-focused caption term(s): marketplace"",""observation_type"":""direct"",""signal_type"":""native_product_integration"",""source_field"":""recent_posts.caption"",""source_reference"":""3948204234544953404"",""url"":""https://www.instagram.com/p/DbK1tU0vrg8/""},{""evidence_text"":""Observed structured account mention(s): ubs.lifestyle, ubslifestyle"",""observation_type"":""direct"",""signal_type"":""native_product_integration"",""source_field"":""recent_posts.mentions"",""source_reference"":""3948215968203509771"",""url"":""https://www.instagram.com/p/DbK4YEpS5AL/""},{""evidence_text"":""Observed structured account mention(s): ubs.lifestyle, ubslifestyle"",""observation_type"":""direct"",""signal_type"":""native_product_integration"",""source_field"":""recent_posts.mentions"",""source_reference"":""3941750055879467831"",""url"":""https://www.instagram.com/p/Daz6MqiEmM3/""},{""evidence_text"":""Observed structured account mention(s): ubs.lifestyle, ubslifestyle"",""observation_type"":""direct"",""signal_type"":""native_product_integration"",""source_field"":""recent_posts.mentions"",""source_reference"":""3947512097831271476"",""url"":""https://www.instagram.com/p/DbIYVaRyjw0/""},{""evidence_text"":""UGC=False, marketplace=True, commercial/PR=False, contact=False; 12/12 posts have independently observed native-integration evidence."",""observation_type"":""derived"",""signal_type"":""native_product_integration_potential"",""source_field"":""candidate_metrics"",""source_reference"":""ubs.lifestyle"",""url"":""https://www.instagram.com/ubs.lifestyle/""}],""explanation"":""UGC=False, marketplace=True, commercial/PR=False, contact=False; 12/12 posts have independently observed native-integration evidence."",""max_score"":20.0,""name"":""native_product_integration_potential"",""score"":8.0},{""evidence"":[{""evidence_text"":""Short video share 0.250 × 15 = 3.75."",""observation_type"":""derived"",""signal_type"":""short_video_consistency"",""source_field"":""candidate_metrics"",""source_reference"":""ubs.lifestyle"",""url"":""https://www.instagram.com/ubs.lifestyle/""}],""explanation"":""Short video share 0.250 × 15 = 3.75."",""max_score"":15.0,""name"":""short_video_consistency"",""score"":3.75},{""evidence"":[{""evidence_text"":""Frozen Phase A percentile 0.011994 × 15 = 0.18 raw; × completeness 12/12 (1.000000) = 0.18 adjusted."",""observation_type"":""derived"",""signal_type"":""engagement"",""source_field"":""candidate_metrics"",""source_reference"":""ubs.lifestyle"",""url"":""https://www.instagram.com/ubs.lifestyle/""}],""explanation"":""Frozen Phase A percentile 0.011994 × 15 = 0.18 raw; × completeness 12/12 (1.000000) = 0.18 adjusted."",""max_score"":15.0,""name"":""engagement"",""score"":0.18},{""evidence"":[{""evidence_text"":""Matched explicit term: marketplace"",""observation_type"":""direct"",""signal_type"":""marketplace"",""source_field"":""biography"",""source_reference"":""profile"",""url"":""https://www.instagram.com/ubs.lifestyle/""},{""evidence_text"":""Matched explicit term: marketplace"",""observation_type"":""direct"",""signal_type"":""marketplace"",""source_field"":""recent_posts.caption"",""source_reference"":""3931420793393349455"",""url"":""https://www.instagram.com/p/DaPNmHMy4NP/""},{""evidence_text"":""Matched explicit term: marketplace"",""observation_type"":""direct"",""signal_type"":""marketplace"",""source_field"":""recent_posts.caption"",""source_reference"":""3951134260027017666"",""url"":""https://www.instagram.com/p/DbVP6zsyUnC/""},{""evidence_text"":""Matched explicit term: marketplace"",""observation_type"":""direct"",""signal_type"":""marketplace"",""source_field"":""recent_posts.caption"",""source_reference"":""3951081901749224060"",""url"":""https://www.instagram.com/p/DbVEA5QPMJ8/""},{""evidence_text"":""Matched explicit term: marketplace"",""observation_type"":""direct"",""signal_type"":""marketplace"",""source_field"":""recent_posts.caption"",""source_reference"":""3950205884017638647"",""url"":""https://www.instagram.com/p/DbR81KKh3z3/""},{""evidence_text"":""Matched explicit term: marketplace"",""observation_type"":""direct"",""signal_type"":""marketplace"",""source_field"":""recent_posts.caption"",""source_reference"":""3949480724793379804"",""url"":""https://www.instagram.com/p/DbPX8tAj8vc/""},{""evidence_text"":""Matched explicit term: marketplace"",""observation_type"":""direct"",""signal_type"":""marketplace"",""source_field"":""recent_posts.caption"",""source_reference"":""3948204234544953404"",""url"":""https://www.instagram.com/p/DbK1tU0vrg8/""},{""evidence_text"":""2.0/5 for large audience (150k–300k); commercial/PR=False (+2), UGC=False (+2), marketplace=True (+1)."",""observation_type"":""derived"",""signal_type"":""barter_feasibility"",""source_field"":""candidate_metrics"",""source_reference"":""ubs.lifestyle"",""url"":""https://www.instagram.com/ubs.lifestyle/""}],""explanation"":""2.0/5 for large audience (150k–300k); commercial/PR=False (+2), UGC=False (+2), marketplace=True (+1)."",""max_score"":10.0,""name"":""barter_feasibility"",""score"":3.0},{""evidence"":[{""evidence_text"":""6.00/6 recency + 4.00/4 posting frequency."",""observation_type"":""derived"",""signal_type"":""recent_activity"",""source_field"":""candidate_metrics"",""source_reference"":""ubs.lifestyle"",""url"":""https://www.instagram.com/ubs.lifestyle/""}],""explanation"":""6.00/6 recency + 4.00/4 posting frequency."",""max_score"":10.0,""name"":""recent_activity"",""score"":10.0}]","Rank 16 of 30 eligible candidates: score 41.64/100, discovery confidence 0.867, data completeness 1.000, engagement rate 0.041%.","[{""evidence_text"":""Matched explicit term: beauty"",""observation_type"":""direct"",""signal_type"":""beauty"",""source_field"":""recent_posts.caption"",""source_reference"":""3931420793393349455"",""url"":""https://www.instagram.com/p/DaPNmHMy4NP/""},{""evidence_text"":""Matched explicit term: lifestyle"",""observation_type"":""direct"",""signal_type"":""lifestyle"",""source_field"":""full_name"",""source_reference"":""profile"",""url"":""https://www.instagram.com/ubs.lifestyle/""},{""evidence_text"":""Matched explicit term: life"",""observation_type"":""direct"",""signal_type"":""lifestyle"",""source_field"":""full_name"",""source_reference"":""profile"",""url"":""https://www.instagram.com/ubs.lifestyle/""},{""evidence_text"":""Matched explicit term: lifestyle"",""observation_type"":""direct"",""signal_type"":""lifestyle"",""source_field"":""recent_posts.caption"",""source_reference"":""3940964895996373568"",""url"":""https://www.instagram.com/p/DaxHrFaJepA/""},{""evidence_text"":""Matched explicit term: life"",""observation_type"":""direct"",""signal_type"":""lifestyle"",""source_field"":""recent_posts.caption"",""source_reference"":""3940964895996373568"",""url"":""https://www.instagram.com/p/DaxHrFaJepA/""},{""evidence_text"":""Matched explicit term: lifestyle"",""observation_type"":""direct"",""signal_type"":""lifestyle"",""source_field"":""recent_posts.hashtags"",""source_reference"":""3940964895996373568"",""url"":""https://www.instagram.com/p/DaxHrFaJepA/""},{""evidence_text"":""Matched explicit term: life"",""observation_type"":""direct"",""signal_type"":""lifestyle"",""source_field"":""recent_posts.hashtags"",""source_reference"":""3940964895996373568"",""url"":""https://www.instagram.com/p/DaxHrFaJepA/""},{""evidence_text"":""Matched explicit term: lifestyle"",""observation_type"":""direct"",""signal_type"":""lifestyle"",""source_field"":""recent_posts.caption"",""source_reference"":""3948043234743752204"",""url"":""https://www.instagram.com/p/DbKRGeEyRYM/""},{""evidence_text"":""Matched explicit term: life"",""observation_type"":""direct"",""signal_type"":""lifestyle"",""source_field"":""recent_posts.caption"",""source_reference"":""3948043234743752204"",""url"":""https://www.instagram.com/p/DbKRGeEyRYM/""},{""evidence_text"":""Matched explicit term: lifestyle"",""observation_type"":""direct"",""signal_type"":""lifestyle"",""source_field"":""recent_posts.hashtags"",""source_reference"":""3948043234743752204"",""url"":""https://www.instagram.com/p/DbKRGeEyRYM/""},{""evidence_text"":""Matched explicit term: life"",""observation_type"":""direct"",""signal_type"":""lifestyle"",""source_field"":""recent_posts.hashtags"",""source_reference"":""3948043234743752204"",""url"":""https://www.instagram.com/p/DbKRGeEyRYM/""},{""evidence_text"":""Matched explicit term: lifestyle"",""observation_type"":""direct"",""signal_type"":""lifestyle"",""source_field"":""recent_posts.caption"",""source_reference"":""3931420793393349455"",""url"":""https://www.instagram.com/p/DaPNmHMy4NP/""},{""evidence_text"":""Matched explicit term: life"",""observation_type"":""direct"",""signal_type"":""lifestyle"",""source_field"":""recent_posts.caption"",""source_reference"":""3931420793393349455"",""url"":""https://www.instagram.com/p/DaPNmHMy4NP/""},{""evidence_text"":""Matched explicit term: lifestyle"",""observation_type"":""direct"",""signal_type"":""lifestyle"",""source_field"":""recent_posts.hashtags"",""source_reference"":""3931420793393349455"",""url"":""https://www.instagram.com/p/DaPNmHMy4NP/""},{""evidence_text"":""Matched explicit term: life"",""observation_type"":""direct"",""signal_type"":""lifestyle"",""source_field"":""recent_posts.hashtags"",""source_reference"":""3931420793393349455"",""url"":""https://www.instagram.com/p/DaPNmHMy4NP/""},{""evidence_text"":""Matched explicit term: lifestyle"",""observation_type"":""direct"",""signal_type"":""lifestyle"",""source_field"":""recent_posts.caption"",""source_reference"":""3951134260027017666"",""url"":""https://www.instagram.com/p/DbVP6zsyUnC/""},{""evidence_text"":""Matched explicit term: life"",""observation_type"":""direct"",""signal_type"":""lifestyle"",""source_field"":""recent_posts.caption"",""source_reference"":""3951134260027017666"",""url"":""https://www.instagram.com/p/DbVP6zsyUnC/""},{""evidence_text"":""Matched explicit term: lifestyle"",""observation_type"":""direct"",""signal_type"":""lifestyle"",""source_field"":""recent_posts.hashtags"",""source_reference"":""3951134260027017666"",""url"":""https://www.instagram.com/p/DbVP6zsyUnC/""},{""evidence_text"":""Matched explicit term: life"",""observation_type"":""direct"",""signal_type"":""lifestyle"",""source_field"":""recent_posts.hashtags"",""source_reference"":""3951134260027017666"",""url"":""https://www.instagram.com/p/DbVP6zsyUnC/""},{""evidence_text"":""Matched explicit term: lifestyle"",""observation_type"":""direct"",""signal_type"":""lifestyle"",""source_field"":""recent_posts.caption"",""source_reference"":""3951081901749224060"",""url"":""https://www.instagram.com/p/DbVEA5QPMJ8/""},{""evidence_text"":""Matched explicit term: life"",""observation_type"":""direct"",""signal_type"":""lifestyle"",""source_field"":""recent_posts.caption"",""source_reference"":""3951081901749224060"",""url"":""https://www.instagram.com/p/DbVEA5QPMJ8/""},{""evidence_text"":""Matched explicit term: lifestyle"",""observation_type"":""direct"",""signal_type"":""lifestyle"",""source_field"":""recent_posts.caption"",""source_reference"":""3950205884017638647"",""url"":""https://www.instagram.com/p/DbR81KKh3z3/""},{""evidence_text"":""Matched explicit term: life"",""observation_type"":""direct"",""signal_type"":""lifestyle"",""source_field"":""recent_posts.caption"",""source_reference"":""3950205884017638647"",""url"":""https://www.instagram.com/p/DbR81KKh3z3/""},{""evidence_text"":""Matched explicit term: lifestyle"",""observation_type"":""direct"",""signal_type"":""lifestyle"",""source_field"":""recent_posts.caption"",""source_reference"":""3949480724793379804"",""url"":""https://www.instagram.com/p/DbPX8tAj8vc/""},{""evidence_text"":""Matched explicit term: life"",""observation_type"":""direct"",""signal_type"":""lifestyle"",""source_field"":""recent_posts.caption"",""source_reference"":""3949480724793379804"",""url"":""https://www.instagram.com/p/DbPX8tAj8vc/""},{""evidence_text"":""Matched explicit term: lifestyle"",""observation_type"":""direct"",""signal_type"":""lifestyle"",""source_field"":""recent_posts.caption"",""source_reference"":""3948755958926952282"",""url"":""https://www.instagram.com/p/DbMzJ-MjEda/""},{""evidence_text"":""Matched explicit term: life"",""observation_type"":""direct"",""signal_type"":""lifestyle"",""source_field"":""recent_posts.caption"",""source_reference"":""3948755958926952282"",""url"":""https://www.instagram.com/p/DbMzJ-MjEda/""},{""evidence_text"":""Matched explicit term: lifestyle"",""observation_type"":""direct"",""signal_type"":""lifestyle"",""source_field"":""recent_posts.caption"",""source_reference"":""3948204234544953404"",""url"":""https://www.instagram.com/p/DbK1tU0vrg8/""},{""evidence_text"":""Matched explicit term: life"",""observation_type"":""direct"",""signal_type"":""lifestyle"",""source_field"":""recent_posts.caption"",""source_reference"":""3948204234544953404"",""url"":""https://www.instagram.com/p/DbK1tU0vrg8/""},{""evidence_text"":""Matched explicit term: lifestyle"",""observation_type"":""direct"",""signal_type"":""lifestyle"",""source_field"":""recent_posts.caption"",""source_reference"":""3948215968203509771"",""url"":""https://www.instagram.com/p/DbK4YEpS5AL/""},{""evidence_text"":""Matched explicit term: life"",""observation_type"":""direct"",""signal_type"":""lifestyle"",""source_field"":""recent_posts.caption"",""source_reference"":""3948215968203509771"",""url"":""https://www.instagram.com/p/DbK4YEpS5AL/""},{""evidence_text"":""Matched explicit term: lifestyle"",""observation_type"":""direct"",""signal_type"":""lifestyle"",""source_field"":""recent_posts.hashtags"",""source_reference"":""3948215968203509771"",""url"":""https://www.instagram.com/p/DbK4YEpS5AL/""},{""evidence_text"":""Matched explicit term: life"",""observation_type"":""direct"",""signal_type"":""lifestyle"",""source_field"":""recent_posts.hashtags"",""source_reference"":""3948215968203509771"",""url"":""https://www.instagram.com/p/DbK4YEpS5AL/""},{""evidence_text"":""Matched explicit term: lifestyle"",""observation_type"":""direct"",""signal_type"":""lifestyle"",""source_field"":""recent_posts.caption"",""source_reference"":""3941750055879467831"",""url"":""https://www.instagram.com/p/Daz6MqiEmM3/""},{""evidence_text"":""Matched explicit term: life"",""observation_type"":""direct"",""signal_type"":""lifestyle"",""source_field"":""recent_posts.caption"",""source_reference"":""3941750055879467831"",""url"":""https://www.instagram.com/p/Daz6MqiEmM3/""},{""evidence_text"":""Matched explicit term: lifestyle"",""observation_type"":""direct"",""signal_type"":""lifestyle"",""source_field"":""recent_posts.hashtags"",""source_reference"":""3941750055879467831"",""url"":""https://www.instagram.com/p/Daz6MqiEmM3/""},{""evidence_text"":""Matched explicit term: life"",""observation_type"":""direct"",""signal_type"":""lifestyle"",""source_field"":""recent_posts.hashtags"",""source_reference"":""3941750055879467831"",""url"":""https://www.instagram.com/p/Daz6MqiEmM3/""},{""evidence_text"":""Matched explicit term: lifestyle"",""observation_type"":""direct"",""signal_type"":""lifestyle"",""source_field"":""recent_posts.caption"",""source_reference"":""3947512097831271476"",""url"":""https://www.instagram.com/p/DbIYVaRyjw0/""},{""evidence_text"":""Matched explicit term: life"",""observation_type"":""direct"",""signal_type"":""lifestyle"",""source_field"":""recent_posts.caption"",""source_reference"":""3947512097831271476"",""url"":""https://www.instagram.com/p/DbIYVaRyjw0/""},{""evidence_text"":""Matched explicit term: lifestyle"",""observation_type"":""direct"",""signal_type"":""lifestyle"",""source_field"":""recent_posts.hashtags"",""source_reference"":""3947512097831271476"",""url"":""https://www.instagram.com/p/DbIYVaRyjw0/""},{""evidence_text"":""Matched explicit term: life"",""observation_type"":""direct"",""signal_type"":""lifestyle"",""source_field"":""recent_posts.hashtags"",""source_reference"":""3947512097831271476"",""url"":""https://www.instagram.com/p/DbIYVaRyjw0/""},{""evidence_text"":""Matched explicit term: marketplace"",""observation_type"":""direct"",""signal_type"":""marketplace"",""source_field"":""biography"",""source_reference"":""profile"",""url"":""https://www.instagram.com/ubs.lifestyle/""},{""evidence_text"":""Matched explicit term: marketplace"",""observation_type"":""direct"",""signal_type"":""marketplace"",""source_field"":""recent_posts.caption"",""source_reference"":""3931420793393349455"",""url"":""https://www.instagram.com/p/DaPNmHMy4NP/""},{""evidence_text"":""Matched explicit term: marketplace"",""observation_type"":""direct"",""signal_type"":""marketplace"",""source_field"":""recent_posts.caption"",""source_reference"":""3951134260027017666"",""url"":""https://www.instagram.com/p/DbVP6zsyUnC/""},{""evidence_text"":""Matched explicit term: marketplace"",""observation_type"":""direct"",""signal_type"":""marketplace"",""source_field"":""recent_posts.caption"",""source_reference"":""3951081901749224060"",""url"":""https://www.instagram.com/p/DbVEA5QPMJ8/""},{""evidence_text"":""Matched explicit term: marketplace"",""observation_type"":""direct"",""signal_type"":""marketplace"",""source_field"":""recent_posts.caption"",""source_reference"":""3950205884017638647"",""url"":""https://www.instagram.com/p/DbR81KKh3z3/""},{""evidence_text"":""Matched explicit term: marketplace"",""observation_type"":""direct"",""signal_type"":""marketplace"",""source_field"":""recent_posts.caption"",""source_reference"":""3949480724793379804"",""url"":""https://www.instagram.com/p/DbPX8tAj8vc/""},{""evidence_text"":""Matched explicit term: marketplace"",""observation_type"":""direct"",""signal_type"":""marketplace"",""source_field"":""recent_posts.caption"",""source_reference"":""3948204234544953404"",""url"":""https://www.instagram.com/p/DbK1tU0vrg8/""},{""evidence_text"":""Observed structured account mention(s): ubs.lifestyle, ubslifestyle"",""observation_type"":""direct"",""signal_type"":""native_product_integration"",""source_field"":""recent_posts.mentions"",""source_reference"":""3940964895996373568"",""url"":""https://www.instagram.com/p/DaxHrFaJepA/""},{""evidence_text"":""Observed structured account mention(s): ubs.lifestyle, ubslifestyle"",""observation_type"":""direct"",""signal_type"":""native_product_integration"",""source_field"":""recent_posts.mentions"",""source_reference"":""3948043234743752204"",""url"":""https://www.instagram.com/p/DbKRGeEyRYM/""},{""evidence_text"":""Observed tagged account(s): bliblidotcom"",""observation_type"":""direct"",""signal_type"":""native_product_integration"",""source_field"":""recent_posts.tagged_usernames"",""source_reference"":""3948043234743752204"",""url"":""https://www.instagram.com/p/DbKRGeEyRYM/""},{""evidence_text"":""Observed structured account mention(s): ubs.lifestyle, ubslifestyle"",""observation_type"":""direct"",""signal_type"":""native_product_integration"",""source_field"":""recent_posts.mentions"",""source_reference"":""3931420793393349455"",""url"":""https://www.instagram.com/p/DaPNmHMy4NP/""},{""evidence_text"":""Observed product-focused caption term(s): marketplace"",""observation_type"":""direct"",""signal_type"":""native_product_integration"",""source_field"":""recent_posts.caption"",""source_reference"":""3931420793393349455"",""url"":""https://www.instagram.com/p/DaPNmHMy4NP/""},{""evidence_text"":""Observed structured account mention(s): ubs.lifestyle, ubslifestyle"",""observation_type"":""direct"",""signal_type"":""native_product_integration"",""source_field"":""recent_posts.mentions"",""source_reference"":""3951134260027017666"",""url"":""https://www.instagram.com/p/DbVP6zsyUnC/""},{""evidence_text"":""Observed product-focused caption term(s): marketplace"",""observation_type"":""direct"",""signal_type"":""native_product_integration"",""source_field"":""recent_posts.caption"",""source_reference"":""3951134260027017666"",""url"":""https://www.instagram.com/p/DbVP6zsyUnC/""},{""evidence_text"":""Observed structured account mention(s): ubs.lifestyle, ubsgoldprive, ubsgoldstore, ubsgoldelegant, ubsgold.classic, kiara.society, axel.vinesse, ubs.goldbar, ubsgoldevent"",""observation_type"":""direct"",""signal_type"":""native_product_integration"",""source_field"":""recent_posts.mentions"",""source_reference"":""3951081901749224060"",""url"":""https://www.instagram.com/p/DbVEA5QPMJ8/""},{""evidence_text"":""Observed tagged account(s): ubs.lifestyle"",""observation_type"":""direct"",""signal_type"":""native_product_integration"",""source_field"":""recent_posts.tagged_usernames"",""source_reference"":""3951081901749224060"",""url"":""https://www.instagram.com/p/DbVEA5QPMJ8/""},{""evidence_text"":""Observed product-focused caption term(s): marketplace"",""observation_type"":""direct"",""signal_type"":""native_product_integration"",""source_field"":""recent_posts.caption"",""source_reference"":""3951081901749224060"",""url"":""https://www.instagram.com/p/DbVEA5QPMJ8/""},{""evidence_text"":""Observed structured account mention(s): ubs.lifestyle, ubsgoldelegant, ubsgold.classic, kiara.society, axel.vinesse, ubs.goldbar, ubsgoldevent"",""observation_type"":""direct"",""signal_type"":""native_product_integration"",""source_field"":""recent_posts.mentions"",""source_reference"":""3950205884017638647"",""url"":""https://www.instagram.com/p/DbR81KKh3z3/""},{""evidence_text"":""Observed tagged account(s): ubs.lifestyle"",""observation_type"":""direct"",""signal_type"":""native_product_integration"",""source_field"":""recent_posts.tagged_usernames"",""source_reference"":""3950205884017638647"",""url"":""https://www.instagram.com/p/DbR81KKh3z3/""},{""evidence_text"":""Observed product-focused caption term(s): marketplace"",""observation_type"":""direct"",""signal_type"":""native_product_integration"",""source_field"":""recent_posts.caption"",""source_reference"":""3950205884017638647"",""url"":""https://www.instagram.com/p/DbR81KKh3z3/""},{""evidence_text"":""Observed structured account mention(s): ubs.lifestyle"",""observation_type"":""direct"",""signal_type"":""native_product_integration"",""source_field"":""recent_posts.mentions"",""source_reference"":""3949480724793379804"",""url"":""https://www.instagram.com/p/DbPX8tAj8vc/""},{""evidence_text"":""Observed tagged account(s): ubs.lifestyle"",""observation_type"":""direct"",""signal_type"":""native_product_integration"",""source_field"":""recent_posts.tagged_usernames"",""source_reference"":""3949480724793379804"",""url"":""https://www.instagram.com/p/DbPX8tAj8vc/""},{""evidence_text"":""Observed product-focused caption term(s): marketplace"",""observation_type"":""direct"",""signal_type"":""native_product_integration"",""source_field"":""recent_posts.caption"",""source_reference"":""3949480724793379804"",""url"":""https://www.instagram.com/p/DbPX8tAj8vc/""},{""evidence_text"":""Observed tagged account(s): ubs.gold, ubs.lifestyle"",""observation_type"":""direct"",""signal_type"":""native_product_integration"",""source_field"":""recent_posts.tagged_usernames"",""source_reference"":""3948755958926952282"",""url"":""https://www.instagram.com/p/DbMzJ-MjEda/""},{""evidence_text"":""Observed structured account mention(s): ubs.lifestyle, ubsgoldelegant, ubsgold.classic, kiara.society, axel.vinesse, ubs.goldbar, ubsgoldevent"",""observation_type"":""direct"",""signal_type"":""native_product_integration"",""source_field"":""recent_posts.mentions"",""source_reference"":""3948204234544953404"",""url"":""https://www.instagram.com/p/DbK1tU0vrg8/""},{""evidence_text"":""Observed tagged account(s): ubs.lifestyle"",""observation_type"":""direct"",""signal_type"":""native_product_integration"",""source_field"":""recent_posts.tagged_usernames"",""source_reference"":""3948204234544953404"",""url"":""https://www.instagram.com/p/DbK1tU0vrg8/""},{""evidence_text"":""Observed product-focused caption term(s): marketplace"",""observation_type"":""direct"",""signal_type"":""native_product_integration"",""source_field"":""recent_posts.caption"",""source_reference"":""3948204234544953404"",""url"":""https://www.instagram.com/p/DbK1tU0vrg8/""},{""evidence_text"":""Observed structured account mention(s): ubs.lifestyle, ubslifestyle"",""observation_type"":""direct"",""signal_type"":""native_product_integration"",""source_field"":""recent_posts.mentions"",""source_reference"":""3948215968203509771"",""url"":""https://www.instagram.com/p/DbK4YEpS5AL/""},{""evidence_text"":""Observed structured account mention(s): ubs.lifestyle, ubslifestyle"",""observation_type"":""direct"",""signal_type"":""native_product_integration"",""source_field"":""recent_posts.mentions"",""source_reference"":""3941750055879467831"",""url"":""https://www.instagram.com/p/Daz6MqiEmM3/""},{""evidence_text"":""Observed structured account mention(s): ubs.lifestyle, ubslifestyle"",""observation_type"":""direct"",""signal_type"":""native_product_integration"",""source_field"":""recent_posts.mentions"",""source_reference"":""3947512097831271476"",""url"":""https://www.instagram.com/p/DbIYVaRyjw0/""},{""evidence_text"":""0.40×provider identity (1.000) + 0.20×multi-query support (0.333; 1 distinct queries, full credit at 3) + 0.20×profile/post link verification (1.000) + 0.20×query relevance (1.000; 4 directly evidenced target dimensions) = 0.867."",""observation_type"":""derived"",""signal_type"":""discovery_confidence"",""source_field"":""provider_and_discovery"",""source_reference"":""ubs.lifestyle"",""url"":""https://www.instagram.com/ubs.lifestyle/""},{""evidence_text"":""Caption-derived topic excerpt used: A hero worthy collectible has arrived!🕸️✨ Saatnya lengkapi koleksi emasmu dengan UBS Gold Bar Marvel : Spider…"",""observation_type"":""direct"",""signal_type"":""offer_personalization"",""source_field"":""recent_posts.caption"",""source_reference"":""3951134260027017666"",""url"":""https://www.instagram.com/p/DbVP6zsyUnC/""},{""evidence_text"":""Observed profile name used in greeting: UBS Gold Lifestyle"",""observation_type"":""direct"",""signal_type"":""offer_greeting"",""source_field"":""full_name"",""source_reference"":""profile"",""url"":""https://www.instagram.com/ubs.lifestyle/""}]",https://www.instagram.com/p/DbVP6zsyUnC/,"Здравствуйте, UBS Gold Lifestyle!

Увидели вашу недавнюю публикацию «A hero worthy collectible has arrived!🕸️✨ Saatnya lengkapi koleksi emasmu dengan UBS Gold Bar Marvel : Spider…»: https://www.instagram.com/p/DbVP6zsyUnC/
Нам кажется, такой формат контента может естественно сочетаться с категорией «женская одежда».

Мы — LD Latte. Хотим предложить для обсуждения товар бренда в обмен на согласованный контент: товар из новой коллекции LD Latte. Если идея вам интересна, возможный формат — Reels или нативный обзор; детали и творческую подачу согласуем вместе.

Будем рады обсудить предложение, если оно вам подходит; никаких обязательств до согласования условий нет.

[Черновик: требуется ручная проверка и одобрение перед использованием.]",pending,,0.866667,eligible,[],"[""beauty_lifestyle_01""]",apify,2026-07-28T19:11:52.795572+00:00,deterministic_template,"clear: no Phase A username, URL, historical alias, replacement, rejected false lead, Nike, or Apple match"
instagram,creator.no.one,https://www.instagram.com/creator.no.one/,10563,44.5,5.0,0.46861687020732745,12,12,1.0,0.4166666666666667,2026-07-10T09:13:35+00:00,41.28,"[{""evidence"":[{""evidence_text"":""Matched explicit term: жизн"",""observation_type"":""direct"",""signal_type"":""lifestyle"",""source_field"":""recent_posts.caption"",""source_reference"":""3348647881573184126"",""url"":""https://www.instagram.com/p/C54yYGjCLJ-/""},{""evidence_text"":""Matched explicit term: дом"",""observation_type"":""direct"",""signal_type"":""lifestyle"",""source_field"":""recent_posts.caption"",""source_reference"":""3348647881573184126"",""url"":""https://www.instagram.com/p/C54yYGjCLJ-/""},{""evidence_text"":""Matched explicit term: жизн"",""observation_type"":""direct"",""signal_type"":""lifestyle"",""source_field"":""recent_posts.caption"",""source_reference"":""3308373302177204604"",""url"":""https://www.instagram.com/p/C3ps_1kqIl8/""},{""evidence_text"":""Matched explicit term: жизн"",""observation_type"":""direct"",""signal_type"":""lifestyle"",""source_field"":""recent_posts.caption"",""source_reference"":""3308408126166528372"",""url"":""https://www.instagram.com/p/C3p06l8K_F0/""},{""evidence_text"":""Matched explicit term: вдохнов"",""observation_type"":""direct"",""signal_type"":""lifestyle"",""source_field"":""recent_posts.caption"",""source_reference"":""3308408126166528372"",""url"":""https://www.instagram.com/p/C3p06l8K_F0/""},{""evidence_text"":""Matched explicit term: жизн"",""observation_type"":""direct"",""signal_type"":""lifestyle"",""source_field"":""recent_posts.caption"",""source_reference"":""3914245497039432289"",""url"":""https://www.instagram.com/p/DZSMYp-tSph/""},{""evidence_text"":""Matched explicit term: дом"",""observation_type"":""direct"",""signal_type"":""lifestyle"",""source_field"":""recent_posts.caption"",""source_reference"":""3914245497039432289"",""url"":""https://www.instagram.com/p/DZSMYp-tSph/""},{""evidence_text"":""Matched explicit term: жизн"",""observation_type"":""direct"",""signal_type"":""lifestyle"",""source_field"":""recent_posts.caption"",""source_reference"":""3913104050886131045"",""url"":""https://www.instagram.com/p/DZOI2baNb1l/""},{""evidence_text"":""Matched explicit term: дом"",""observation_type"":""direct"",""signal_type"":""lifestyle"",""source_field"":""recent_posts.caption"",""source_reference"":""3913104050886131045"",""url"":""https://www.instagram.com/p/DZOI2baNb1l/""},{""evidence_text"":""Matched explicit term: жизн"",""observation_type"":""direct"",""signal_type"":""lifestyle"",""source_field"":""recent_posts.caption"",""source_reference"":""3911743956920724103"",""url"":""https://www.instagram.com/p/DZJTmdMimqH/""},{""evidence_text"":""Matched explicit term: жизн"",""observation_type"":""direct"",""signal_type"":""lifestyle"",""source_field"":""recent_posts.caption"",""source_reference"":""3910909027964812601"",""url"":""https://www.instagram.com/p/DZGVwpAtf05/""},{""evidence_text"":""Matched explicit term: дом"",""observation_type"":""direct"",""signal_type"":""lifestyle"",""source_field"":""recent_posts.caption"",""source_reference"":""3910909027964812601"",""url"":""https://www.instagram.com/p/DZGVwpAtf05/""},{""evidence_text"":""Matched explicit term: жизн"",""observation_type"":""direct"",""signal_type"":""lifestyle"",""source_field"":""recent_posts.caption"",""source_reference"":""3910174428041230030"",""url"":""https://www.instagram.com/p/DZDuuzhNrbO/""},{""evidence_text"":""Matched explicit term: распаков"",""observation_type"":""direct"",""signal_type"":""marketplace"",""source_field"":""recent_posts.caption"",""source_reference"":""3308373302177204604"",""url"":""https://www.instagram.com/p/C3ps_1kqIl8/""},{""evidence_text"":""7.00/24 topical + 4.00/5 format readiness + 0.88/1 Nike/Apple format alignment."",""observation_type"":""derived"",""signal_type"":""content_and_aesthetic_fit"",""source_field"":""candidate_metrics"",""source_reference"":""creator.no.one"",""url"":""https://www.instagram.com/creator.no.one/""}],""explanation"":""7.00/24 topical + 4.00/5 format readiness + 0.88/1 Nike/Apple format alignment."",""max_score"":30.0,""name"":""content_and_aesthetic_fit"",""score"":11.88},{""evidence"":[{""evidence_text"":""Matched explicit term: распаков"",""observation_type"":""direct"",""signal_type"":""marketplace"",""source_field"":""recent_posts.caption"",""source_reference"":""3308373302177204604"",""url"":""https://www.instagram.com/p/C3ps_1kqIl8/""},{""evidence_text"":""Matched explicit term: директ"",""observation_type"":""direct"",""signal_type"":""contact"",""source_field"":""recent_posts.caption"",""source_reference"":""3308373302177204604"",""url"":""https://www.instagram.com/p/C3ps_1kqIl8/""},{""evidence_text"":""Matched explicit term: связь"",""observation_type"":""direct"",""signal_type"":""contact"",""source_field"":""recent_posts.caption"",""source_reference"":""3852761768204474091"",""url"":""https://www.instagram.com/p/DV3wmpWCJbr/""},{""evidence_text"":""Matched explicit term: директ"",""observation_type"":""direct"",""signal_type"":""contact"",""source_field"":""recent_posts.caption"",""source_reference"":""3897421326158337163"",""url"":""https://www.instagram.com/p/DYWbAv1sxSL/""},{""evidence_text"":""Observed contact URL: https://t.me/natalis"",""observation_type"":""direct"",""signal_type"":""contact"",""source_field"":""external_urls"",""source_reference"":""profile"",""url"":""https://t.me/natalis""},{""evidence_text"":""Observed tagged account(s): ugrinovich.olga, palujan_, n_sky.s, katie_sound, gotovim_prosto_by, drachuk.creator"",""observation_type"":""direct"",""signal_type"":""native_product_integration"",""source_field"":""recent_posts.tagged_usernames"",""source_reference"":""3348647881573184126"",""url"":""https://www.instagram.com/p/C54yYGjCLJ-/""},{""evidence_text"":""Observed product-focused caption term(s): распаков"",""observation_type"":""direct"",""signal_type"":""native_product_integration"",""source_field"":""recent_posts.caption"",""source_reference"":""3308373302177204604"",""url"":""https://www.instagram.com/p/C3ps_1kqIl8/""},{""evidence_text"":""Observed structured account mention(s): kanceptkrama_by, olga.chernova.style, creator.no.one"",""observation_type"":""direct"",""signal_type"":""native_product_integration"",""source_field"":""recent_posts.mentions"",""source_reference"":""3852761768204474091"",""url"":""https://www.instagram.com/p/DV3wmpWCJbr/""},{""evidence_text"":""Observed tagged account(s): kanceptkrama_by, creator.no.one"",""observation_type"":""direct"",""signal_type"":""native_product_integration"",""source_field"":""recent_posts.tagged_usernames"",""source_reference"":""3852761768204474091"",""url"":""https://www.instagram.com/p/DV3wmpWCJbr/""},{""evidence_text"":""Observed tagged account(s): creator.no.one"",""observation_type"":""direct"",""signal_type"":""native_product_integration"",""source_field"":""recent_posts.tagged_usernames"",""source_reference"":""3897421326158337163"",""url"":""https://www.instagram.com/p/DYWbAv1sxSL/""},{""evidence_text"":""UGC=False, marketplace=True, commercial/PR=False, contact=True; 4/12 posts have independently observed native-integration evidence."",""observation_type"":""derived"",""signal_type"":""native_product_integration_potential"",""source_field"":""candidate_metrics"",""source_reference"":""creator.no.one"",""url"":""https://www.instagram.com/creator.no.one/""}],""explanation"":""UGC=False, marketplace=True, commercial/PR=False, contact=True; 4/12 posts have independently observed native-integration evidence."",""max_score"":20.0,""name"":""native_product_integration_potential"",""score"":8.67},{""evidence"":[{""evidence_text"":""Short video share 0.417 × 15 = 6.25."",""observation_type"":""derived"",""signal_type"":""short_video_consistency"",""source_field"":""candidate_metrics"",""source_reference"":""creator.no.one"",""url"":""https://www.instagram.com/creator.no.one/""}],""explanation"":""Short video share 0.417 × 15 = 6.25."",""max_score"":15.0,""name"":""short_video_consistency"",""score"":6.25},{""evidence"":[{""evidence_text"":""Frozen Phase A percentile 0.353166 × 15 = 5.30 raw; × completeness 12/12 (1.000000) = 5.30 adjusted."",""observation_type"":""derived"",""signal_type"":""engagement"",""source_field"":""candidate_metrics"",""source_reference"":""creator.no.one"",""url"":""https://www.instagram.com/creator.no.one/""}],""explanation"":""Frozen Phase A percentile 0.353166 × 15 = 5.30 raw; × completeness 12/12 (1.000000) = 5.30 adjusted."",""max_score"":15.0,""name"":""engagement"",""score"":5.3},{""evidence"":[{""evidence_text"":""Matched explicit term: распаков"",""observation_type"":""direct"",""signal_type"":""marketplace"",""source_field"":""recent_posts.caption"",""source_reference"":""3308373302177204604"",""url"":""https://www.instagram.com/p/C3ps_1kqIl8/""},{""evidence_text"":""4.0/5 for micro creator audience (10k–50k); commercial/PR=False (+2), UGC=False (+2), marketplace=True (+1)."",""observation_type"":""derived"",""signal_type"":""barter_feasibility"",""source_field"":""candidate_metrics"",""source_reference"":""creator.no.one"",""url"":""https://www.instagram.com/creator.no.one/""}],""explanation"":""4.0/5 for micro creator audience (10k–50k); commercial/PR=False (+2), UGC=False (+2), marketplace=True (+1)."",""max_score"":10.0,""name"":""barter_feasibility"",""score"":5.0},{""evidence"":[{""evidence_text"":""4.00/6 recency + 0.18/4 posting frequency."",""observation_type"":""derived"",""signal_type"":""recent_activity"",""source_field"":""candidate_metrics"",""source_reference"":""creator.no.one"",""url"":""https://www.instagram.com/creator.no.one/""}],""explanation"":""4.00/6 recency + 0.18/4 posting frequency."",""max_score"":10.0,""name"":""recent_activity"",""score"":4.18}]","Rank 17 of 30 eligible candidates: score 41.28/100, discovery confidence 0.867, data completeness 1.000, engagement rate 0.469%.","[{""evidence_text"":""Matched explicit term: директ"",""observation_type"":""direct"",""signal_type"":""contact"",""source_field"":""recent_posts.caption"",""source_reference"":""3308373302177204604"",""url"":""https://www.instagram.com/p/C3ps_1kqIl8/""},{""evidence_text"":""Matched explicit term: связь"",""observation_type"":""direct"",""signal_type"":""contact"",""source_field"":""recent_posts.caption"",""source_reference"":""3852761768204474091"",""url"":""https://www.instagram.com/p/DV3wmpWCJbr/""},{""evidence_text"":""Matched explicit term: директ"",""observation_type"":""direct"",""signal_type"":""contact"",""source_field"":""recent_posts.caption"",""source_reference"":""3897421326158337163"",""url"":""https://www.instagram.com/p/DYWbAv1sxSL/""},{""evidence_text"":""Observed contact URL: https://t.me/natalis"",""observation_type"":""direct"",""signal_type"":""contact"",""source_field"":""external_urls"",""source_reference"":""profile"",""url"":""https://t.me/natalis""},{""evidence_text"":""Matched explicit term: жизн"",""observation_type"":""direct"",""signal_type"":""lifestyle"",""source_field"":""recent_posts.caption"",""source_reference"":""3348647881573184126"",""url"":""https://www.instagram.com/p/C54yYGjCLJ-/""},{""evidence_text"":""Matched explicit term: дом"",""observation_type"":""direct"",""signal_type"":""lifestyle"",""source_field"":""recent_posts.caption"",""source_reference"":""3348647881573184126"",""url"":""https://www.instagram.com/p/C54yYGjCLJ-/""},{""evidence_text"":""Matched explicit term: жизн"",""observation_type"":""direct"",""signal_type"":""lifestyle"",""source_field"":""recent_posts.caption"",""source_reference"":""3308373302177204604"",""url"":""https://www.instagram.com/p/C3ps_1kqIl8/""},{""evidence_text"":""Matched explicit term: жизн"",""observation_type"":""direct"",""signal_type"":""lifestyle"",""source_field"":""recent_posts.caption"",""source_reference"":""3308408126166528372"",""url"":""https://www.instagram.com/p/C3p06l8K_F0/""},{""evidence_text"":""Matched explicit term: вдохнов"",""observation_type"":""direct"",""signal_type"":""lifestyle"",""source_field"":""recent_posts.caption"",""source_reference"":""3308408126166528372"",""url"":""https://www.instagram.com/p/C3p06l8K_F0/""},{""evidence_text"":""Matched explicit term: жизн"",""observation_type"":""direct"",""signal_type"":""lifestyle"",""source_field"":""recent_posts.caption"",""source_reference"":""3914245497039432289"",""url"":""https://www.instagram.com/p/DZSMYp-tSph/""},{""evidence_text"":""Matched explicit term: дом"",""observation_type"":""direct"",""signal_type"":""lifestyle"",""source_field"":""recent_posts.caption"",""source_reference"":""3914245497039432289"",""url"":""https://www.instagram.com/p/DZSMYp-tSph/""},{""evidence_text"":""Matched explicit term: жизн"",""observation_type"":""direct"",""signal_type"":""lifestyle"",""source_field"":""recent_posts.caption"",""source_reference"":""3913104050886131045"",""url"":""https://www.instagram.com/p/DZOI2baNb1l/""},{""evidence_text"":""Matched explicit term: дом"",""observation_type"":""direct"",""signal_type"":""lifestyle"",""source_field"":""recent_posts.caption"",""source_reference"":""3913104050886131045"",""url"":""https://www.instagram.com/p/DZOI2baNb1l/""},{""evidence_text"":""Matched explicit term: жизн"",""observation_type"":""direct"",""signal_type"":""lifestyle"",""source_field"":""recent_posts.caption"",""source_reference"":""3911743956920724103"",""url"":""https://www.instagram.com/p/DZJTmdMimqH/""},{""evidence_text"":""Matched explicit term: жизн"",""observation_type"":""direct"",""signal_type"":""lifestyle"",""source_field"":""recent_posts.caption"",""source_reference"":""3910909027964812601"",""url"":""https://www.instagram.com/p/DZGVwpAtf05/""},{""evidence_text"":""Matched explicit term: дом"",""observation_type"":""direct"",""signal_type"":""lifestyle"",""source_field"":""recent_posts.caption"",""source_reference"":""3910909027964812601"",""url"":""https://www.instagram.com/p/DZGVwpAtf05/""},{""evidence_text"":""Matched explicit term: жизн"",""observation_type"":""direct"",""signal_type"":""lifestyle"",""source_field"":""recent_posts.caption"",""source_reference"":""3910174428041230030"",""url"":""https://www.instagram.com/p/DZDuuzhNrbO/""},{""evidence_text"":""Matched explicit term: распаков"",""observation_type"":""direct"",""signal_type"":""marketplace"",""source_field"":""recent_posts.caption"",""source_reference"":""3308373302177204604"",""url"":""https://www.instagram.com/p/C3ps_1kqIl8/""},{""evidence_text"":""Observed tagged account(s): ugrinovich.olga, palujan_, n_sky.s, katie_sound, gotovim_prosto_by, drachuk.creator"",""observation_type"":""direct"",""signal_type"":""native_product_integration"",""source_field"":""recent_posts.tagged_usernames"",""source_reference"":""3348647881573184126"",""url"":""https://www.instagram.com/p/C54yYGjCLJ-/""},{""evidence_text"":""Observed product-focused caption term(s): распаков"",""observation_type"":""direct"",""signal_type"":""native_product_integration"",""source_field"":""recent_posts.caption"",""source_reference"":""3308373302177204604"",""url"":""https://www.instagram.com/p/C3ps_1kqIl8/""},{""evidence_text"":""Observed structured account mention(s): kanceptkrama_by, olga.chernova.style, creator.no.one"",""observation_type"":""direct"",""signal_type"":""native_product_integration"",""source_field"":""recent_posts.mentions"",""source_reference"":""3852761768204474091"",""url"":""https://www.instagram.com/p/DV3wmpWCJbr/""},{""evidence_text"":""Observed tagged account(s): kanceptkrama_by, creator.no.one"",""observation_type"":""direct"",""signal_type"":""native_product_integration"",""source_field"":""recent_posts.tagged_usernames"",""source_reference"":""3852761768204474091"",""url"":""https://www.instagram.com/p/DV3wmpWCJbr/""},{""evidence_text"":""Observed tagged account(s): creator.no.one"",""observation_type"":""direct"",""signal_type"":""native_product_integration"",""source_field"":""recent_posts.tagged_usernames"",""source_reference"":""3897421326158337163"",""url"":""https://www.instagram.com/p/DYWbAv1sxSL/""},{""evidence_text"":""0.40×provider identity (1.000) + 0.20×multi-query support (0.333; 1 distinct queries, full credit at 3) + 0.20×profile/post link verification (1.000) + 0.20×query relevance (1.000; 3 directly evidenced target dimensions) = 0.867."",""observation_type"":""derived"",""signal_type"":""discovery_confidence"",""source_field"":""provider_and_discovery"",""source_reference"":""creator.no.one"",""url"":""https://www.instagram.com/creator.no.one/""},{""evidence_text"":""Caption-derived topic excerpt used: Инстаграм как не был заточен на тексты, так и сейчас: второй день просто сжирает мои посты, публикуя их с глю…"",""observation_type"":""direct"",""signal_type"":""offer_personalization"",""source_field"":""recent_posts.caption"",""source_reference"":""3914245497039432289"",""url"":""https://www.instagram.com/p/DZSMYp-tSph/""},{""evidence_text"":""Observed profile name used in greeting: НАТАЛЬЯ ЛОСКУТОВА |РЕЖИССЁР, СЦЕНАРИСТ, ПИСАТЕЛЬ, МУЗЫКАНТ"",""observation_type"":""direct"",""signal_type"":""offer_greeting"",""source_field"":""full_name"",""source_reference"":""profile"",""url"":""https://www.instagram.com/creator.no.one/""}]",https://www.instagram.com/p/DZSMYp-tSph/,"Здравствуйте, НАТАЛЬЯ ЛОСКУТОВА |РЕЖИССЁР, СЦЕНАРИСТ, ПИСАТЕЛЬ, МУЗЫКАНТ!

Увидели вашу недавнюю публикацию «Инстаграм как не был заточен на тексты, так и сейчас: второй день просто сжирает мои посты, публикуя их с глю…»: https://www.instagram.com/p/DZSMYp-tSph/
Нам кажется, такой формат контента может естественно сочетаться с категорией «женская одежда».

Мы — LD Latte. Хотим предложить для обсуждения товар бренда в обмен на согласованный контент: товар из новой коллекции LD Latte. Если идея вам интересна, возможный формат — Reels или нативный обзор; детали и творческую подачу согласуем вместе.

Будем рады обсудить предложение, если оно вам подходит; никаких обязательств до согласования условий нет.

[Черновик: требуется ручная проверка и одобрение перед использованием.]",pending,,0.866667,eligible,[],"[""ugc_creator_01""]",apify,2026-07-28T19:11:52.795572+00:00,deterministic_template,"clear: no Phase A username, URL, historical alias, replacement, rejected false lead, Nike, or Apple match"
instagram,trevors_history_reels,https://www.instagram.com/trevors_history_reels/,1418805,21209.5,591.0,1.5455964702689937,12,12,1.0,0.75,2026-07-21T12:13:42+00:00,40.67,"[{""evidence"":[{""evidence_text"":""Matched explicit term: life"",""observation_type"":""direct"",""signal_type"":""lifestyle"",""source_field"":""recent_posts.caption"",""source_reference"":""3939849105820477787"",""url"":""https://www.instagram.com/p/DatJ-M1Eelb/""},{""evidence_text"":""Matched explicit term: life"",""observation_type"":""direct"",""signal_type"":""lifestyle"",""source_field"":""recent_posts.caption"",""source_reference"":""3937715318596490276"",""url"":""https://www.instagram.com/p/DalkzgnjtQk/""},{""evidence_text"":""4.00/24 topical + 4.00/5 format readiness + 0.79/1 Nike/Apple format alignment."",""observation_type"":""derived"",""signal_type"":""content_and_aesthetic_fit"",""source_field"":""candidate_metrics"",""source_reference"":""trevors_history_reels"",""url"":""https://www.instagram.com/trevors_history_reels/""}],""explanation"":""4.00/24 topical + 4.00/5 format readiness + 0.79/1 Nike/Apple format alignment."",""max_score"":30.0,""name"":""content_and_aesthetic_fit"",""score"":8.79},{""evidence"":[{""evidence_text"":""Observed tagged account(s): occupydemocrats"",""observation_type"":""direct"",""signal_type"":""native_product_integration"",""source_field"":""recent_posts.tagged_usernames"",""source_reference"":""3816573914311638433"",""url"":""https://www.instagram.com/p/DT3McEFkT2h/""},{""evidence_text"":""Observed tagged account(s): occupydemocrats"",""observation_type"":""direct"",""signal_type"":""native_product_integration"",""source_field"":""recent_posts.tagged_usernames"",""source_reference"":""3808554163220105245"",""url"":""https://www.instagram.com/p/DTas9U2kcgd/""},{""evidence_text"":""Observed tagged account(s): occupydemocrats"",""observation_type"":""direct"",""signal_type"":""native_product_integration"",""source_field"":""recent_posts.tagged_usernames"",""source_reference"":""3814472260095494340"",""url"":""https://www.instagram.com/p/DTvuk-EksjE/""},{""evidence_text"":""Observed tagged account(s): occupydemocrats, mdbglobalmom, thetimothysnyder"",""observation_type"":""direct"",""signal_type"":""native_product_integration"",""source_field"":""recent_posts.tagged_usernames"",""source_reference"":""3946126875592316138"",""url"":""https://www.instagram.com/p/DbDdXxiTVTq/""},{""evidence_text"":""Observed tagged account(s): trevors_history_reels, 50501movement, mdbglobalmom, indivisibleteam, jayneconverse3"",""observation_type"":""direct"",""signal_type"":""native_product_integration"",""source_field"":""recent_posts.tagged_usernames"",""source_reference"":""3943440182580878114"",""url"":""https://www.instagram.com/p/Da56fPrvBsi/""},{""evidence_text"":""Observed tagged account(s): democracynow, occupydemocrats, podsaveamerica, mdbglobalmom"",""observation_type"":""direct"",""signal_type"":""native_product_integration"",""source_field"":""recent_posts.tagged_usernames"",""source_reference"":""3943362402912164275"",""url"":""https://www.instagram.com/p/Da5ozZuNdmz/""},{""evidence_text"":""Observed tagged account(s): meidastouch, occupydemocrats, podsaveamerica"",""observation_type"":""direct"",""signal_type"":""native_product_integration"",""source_field"":""recent_posts.tagged_usernames"",""source_reference"":""3940625006932343224"",""url"":""https://www.instagram.com/p/Dav6ZDDOTm4/""},{""evidence_text"":""Observed tagged account(s): occupydemocrats, podsaveamerica"",""observation_type"":""direct"",""signal_type"":""native_product_integration"",""source_field"":""recent_posts.tagged_usernames"",""source_reference"":""3938380239422897761"",""url"":""https://www.instagram.com/p/Dan7_YZOD5h/""},{""evidence_text"":""Observed tagged account(s): ipcepatrimonio"",""observation_type"":""direct"",""signal_type"":""native_product_integration"",""source_field"":""recent_posts.tagged_usernames"",""source_reference"":""3937715318596490276"",""url"":""https://www.instagram.com/p/DalkzgnjtQk/""},{""evidence_text"":""Observed tagged account(s): occupydemocrats, podsaveamerica, mdbglobalmom"",""observation_type"":""direct"",""signal_type"":""native_product_integration"",""source_field"":""recent_posts.tagged_usernames"",""source_reference"":""3935509797109987074"",""url"":""https://www.instagram.com/p/DadvU8qz3cC/""},{""evidence_text"":""UGC=False, marketplace=False, commercial/PR=False, contact=False; 10/12 posts have independently observed native-integration evidence."",""observation_type"":""derived"",""signal_type"":""native_product_integration_potential"",""source_field"":""candidate_metrics"",""source_reference"":""trevors_history_reels"",""url"":""https://www.instagram.com/trevors_history_reels/""}],""explanation"":""UGC=False, marketplace=False, commercial/PR=False, contact=False; 10/12 posts have independently observed native-integration evidence."",""max_score"":20.0,""name"":""native_product_integration_potential"",""score"":4.0},{""evidence"":[{""evidence_text"":""Short video share 0.750 × 15 = 11.25."",""observation_type"":""derived"",""signal_type"":""short_video_consistency"",""source_field"":""candidate_metrics"",""source_reference"":""trevors_history_reels"",""url"":""https://www.instagram.com/trevors_history_reels/""}],""explanation"":""Short video share 0.750 × 15 = 11.25."",""max_score"":15.0,""name"":""short_video_consistency"",""score"":11.25},{""evidence"":[{""evidence_text"":""Frozen Phase A percentile 0.654907 × 15 = 9.82 raw; × completeness 12/12 (1.000000) = 9.82 adjusted."",""observation_type"":""derived"",""signal_type"":""engagement"",""source_field"":""candidate_metrics"",""source_reference"":""trevors_history_reels"",""url"":""https://www.instagram.com/trevors_history_reels/""}],""explanation"":""Frozen Phase A percentile 0.654907 × 15 = 9.82 raw; × completeness 12/12 (1.000000) = 9.82 adjusted."",""max_score"":15.0,""name"":""engagement"",""score"":9.82},{""evidence"":[{""evidence_text"":""1.0/5 for very large audience (>300k); commercial/PR=False (+2), UGC=False (+2), marketplace=False (+1)."",""observation_type"":""derived"",""signal_type"":""barter_feasibility"",""source_field"":""candidate_metrics"",""source_reference"":""trevors_history_reels"",""url"":""https://www.instagram.com/trevors_history_reels/""}],""explanation"":""1.0/5 for very large audience (>300k); commercial/PR=False (+2), UGC=False (+2), marketplace=False (+1)."",""max_score"":10.0,""name"":""barter_feasibility"",""score"":1.0},{""evidence"":[{""evidence_text"":""5.00/6 recency + 0.81/4 posting frequency."",""observation_type"":""derived"",""signal_type"":""recent_activity"",""source_field"":""candidate_metrics"",""source_reference"":""trevors_history_reels"",""url"":""https://www.instagram.com/trevors_history_reels/""}],""explanation"":""5.00/6 recency + 0.81/4 posting frequency."",""max_score"":10.0,""name"":""recent_activity"",""score"":5.81}]","Rank 18 of 30 eligible candidates: score 40.67/100, discovery confidence 0.800, data completeness 1.000, engagement rate 1.546%.","[{""evidence_text"":""Matched explicit term: life"",""observation_type"":""direct"",""signal_type"":""lifestyle"",""source_field"":""recent_posts.caption"",""source_reference"":""3939849105820477787"",""url"":""https://www.instagram.com/p/DatJ-M1Eelb/""},{""evidence_text"":""Matched explicit term: life"",""observation_type"":""direct"",""signal_type"":""lifestyle"",""source_field"":""recent_posts.caption"",""source_reference"":""3937715318596490276"",""url"":""https://www.instagram.com/p/DalkzgnjtQk/""},{""evidence_text"":""Observed tagged account(s): occupydemocrats"",""observation_type"":""direct"",""signal_type"":""native_product_integration"",""source_field"":""recent_posts.tagged_usernames"",""source_reference"":""3816573914311638433"",""url"":""https://www.instagram.com/p/DT3McEFkT2h/""},{""evidence_text"":""Observed tagged account(s): occupydemocrats"",""observation_type"":""direct"",""signal_type"":""native_product_integration"",""source_field"":""recent_posts.tagged_usernames"",""source_reference"":""3808554163220105245"",""url"":""https://www.instagram.com/p/DTas9U2kcgd/""},{""evidence_text"":""Observed tagged account(s): occupydemocrats"",""observation_type"":""direct"",""signal_type"":""native_product_integration"",""source_field"":""recent_posts.tagged_usernames"",""source_reference"":""3814472260095494340"",""url"":""https://www.instagram.com/p/DTvuk-EksjE/""},{""evidence_text"":""Observed tagged account(s): occupydemocrats, mdbglobalmom, thetimothysnyder"",""observation_type"":""direct"",""signal_type"":""native_product_integration"",""source_field"":""recent_posts.tagged_usernames"",""source_reference"":""3946126875592316138"",""url"":""https://www.instagram.com/p/DbDdXxiTVTq/""},{""evidence_text"":""Observed tagged account(s): trevors_history_reels, 50501movement, mdbglobalmom, indivisibleteam, jayneconverse3"",""observation_type"":""direct"",""signal_type"":""native_product_integration"",""source_field"":""recent_posts.tagged_usernames"",""source_reference"":""3943440182580878114"",""url"":""https://www.instagram.com/p/Da56fPrvBsi/""},{""evidence_text"":""Observed tagged account(s): democracynow, occupydemocrats, podsaveamerica, mdbglobalmom"",""observation_type"":""direct"",""signal_type"":""native_product_integration"",""source_field"":""recent_posts.tagged_usernames"",""source_reference"":""3943362402912164275"",""url"":""https://www.instagram.com/p/Da5ozZuNdmz/""},{""evidence_text"":""Observed tagged account(s): meidastouch, occupydemocrats, podsaveamerica"",""observation_type"":""direct"",""signal_type"":""native_product_integration"",""source_field"":""recent_posts.tagged_usernames"",""source_reference"":""3940625006932343224"",""url"":""https://www.instagram.com/p/Dav6ZDDOTm4/""},{""evidence_text"":""Observed tagged account(s): occupydemocrats, podsaveamerica"",""observation_type"":""direct"",""signal_type"":""native_product_integration"",""source_field"":""recent_posts.tagged_usernames"",""source_reference"":""3938380239422897761"",""url"":""https://www.instagram.com/p/Dan7_YZOD5h/""},{""evidence_text"":""Observed tagged account(s): ipcepatrimonio"",""observation_type"":""direct"",""signal_type"":""native_product_integration"",""source_field"":""recent_posts.tagged_usernames"",""source_reference"":""3937715318596490276"",""url"":""https://www.instagram.com/p/DalkzgnjtQk/""},{""evidence_text"":""Observed tagged account(s): occupydemocrats, podsaveamerica, mdbglobalmom"",""observation_type"":""direct"",""signal_type"":""native_product_integration"",""source_field"":""recent_posts.tagged_usernames"",""source_reference"":""3935509797109987074"",""url"":""https://www.instagram.com/p/DadvU8qz3cC/""},{""evidence_text"":""0.40×provider identity (1.000) + 0.20×multi-query support (0.333; 1 distinct queries, full credit at 3) + 0.20×profile/post link verification (1.000) + 0.20×query relevance (0.667; 2 directly evidenced target dimensions) = 0.800."",""observation_type"":""derived"",""signal_type"":""discovery_confidence"",""source_field"":""provider_and_discovery"",""source_reference"":""trevors_history_reels"",""url"":""https://www.instagram.com/trevors_history_reels/""},{""evidence_text"":""Caption-derived topic excerpt used: Voter turnout and democracy #history #historyfacts #usa #canada #vote"",""observation_type"":""direct"",""signal_type"":""offer_personalization"",""source_field"":""recent_posts.caption"",""source_reference"":""3946126875592316138"",""url"":""https://www.instagram.com/p/DbDdXxiTVTq/""},{""evidence_text"":""Observed profile name used in greeting: Professor Poutine"",""observation_type"":""direct"",""signal_type"":""offer_greeting"",""source_field"":""full_name"",""source_reference"":""profile"",""url"":""https://www.instagram.com/trevors_history_reels/""}]",https://www.instagram.com/p/DbDdXxiTVTq/,"Здравствуйте, Professor Poutine!

Увидели вашу недавнюю публикацию «Voter turnout and democracy #history #historyfacts #usa #canada #vote»: https://www.instagram.com/p/DbDdXxiTVTq/
Нам кажется, такой формат контента может естественно сочетаться с категорией «женская одежда».

Мы — LD Latte. Хотим предложить для обсуждения товар бренда в обмен на согласованный контент: товар из новой коллекции LD Latte. Если идея вам интересна, возможный формат — Reels или нативный обзор; детали и творческую подачу согласуем вместе.

Будем рады обсудить предложение, если оно вам подходит; никаких обязательств до согласования условий нет.

[Черновик: требуется ручная проверка и одобрение перед использованием.]",pending,,0.8,eligible,[],"[""reels_integrations_01""]",apify,2026-07-28T19:11:52.795572+00:00,deterministic_template,"clear: no Phase A username, URL, historical alias, replacement, rejected false lead, Nike, or Apple match"
instagram,_imane.lifestyle,https://www.instagram.com/_imane.lifestyle/,132592,76.5,0.5,0.05769578858452998,12,12,1.0,0.9166666666666666,2026-07-28T15:41:12+00:00,40.66,"[{""evidence"":[{""evidence_text"":""Matched explicit term: lifestyle"",""observation_type"":""direct"",""signal_type"":""lifestyle"",""source_field"":""biography"",""source_reference"":""profile"",""url"":""https://www.instagram.com/_imane.lifestyle/""},{""evidence_text"":""Matched explicit term: life"",""observation_type"":""direct"",""signal_type"":""lifestyle"",""source_field"":""biography"",""source_reference"":""profile"",""url"":""https://www.instagram.com/_imane.lifestyle/""},{""evidence_text"":""4.00/24 topical + 4.00/5 format readiness + 0.62/1 Nike/Apple format alignment."",""observation_type"":""derived"",""signal_type"":""content_and_aesthetic_fit"",""source_field"":""candidate_metrics"",""source_reference"":""_imane.lifestyle"",""url"":""https://www.instagram.com/_imane.lifestyle/""}],""explanation"":""4.00/24 topical + 4.00/5 format readiness + 0.62/1 Nike/Apple format alignment."",""max_score"":30.0,""name"":""content_and_aesthetic_fit"",""score"":8.62},{""evidence"":[{""evidence_text"":""Matched explicit term: collab"",""observation_type"":""direct"",""signal_type"":""commercial_pr"",""source_field"":""biography"",""source_reference"":""profile"",""url"":""https://www.instagram.com/_imane.lifestyle/""},{""evidence_text"":""Observed tagged account(s): its.imane.life"",""observation_type"":""direct"",""signal_type"":""native_product_integration"",""source_field"":""recent_posts.tagged_usernames"",""source_reference"":""3895460069734079172"",""url"":""https://www.instagram.com/p/DYPdEtdN9rE/""},{""evidence_text"":""Observed tagged account(s): its.imane.life"",""observation_type"":""direct"",""signal_type"":""native_product_integration"",""source_field"":""recent_posts.tagged_usernames"",""source_reference"":""3842107004361561689"",""url"":""https://www.instagram.com/p/DVR5_bQAtZZ/""},{""evidence_text"":""Observed tagged account(s): its.imane.life"",""observation_type"":""direct"",""signal_type"":""native_product_integration"",""source_field"":""recent_posts.tagged_usernames"",""source_reference"":""3878978464678530428"",""url"":""https://www.instagram.com/p/DXU5lymjc18/""},{""evidence_text"":""UGC=False, marketplace=False, commercial/PR=True, contact=False; 3/12 posts have independently observed native-integration evidence."",""observation_type"":""derived"",""signal_type"":""native_product_integration_potential"",""source_field"":""candidate_metrics"",""source_reference"":""_imane.lifestyle"",""url"":""https://www.instagram.com/_imane.lifestyle/""}],""explanation"":""UGC=False, marketplace=False, commercial/PR=True, contact=False; 3/12 posts have independently observed native-integration evidence."",""max_score"":20.0,""name"":""native_product_integration_potential"",""score"":6.0},{""evidence"":[{""evidence_text"":""Short video share 0.917 × 15 = 13.75."",""observation_type"":""derived"",""signal_type"":""short_video_consistency"",""source_field"":""candidate_metrics"",""source_reference"":""_imane.lifestyle"",""url"":""https://www.instagram.com/_imane.lifestyle/""}],""explanation"":""Short video share 0.917 × 15 = 13.75."",""max_score"":15.0,""name"":""short_video_consistency"",""score"":13.75},{""evidence"":[{""evidence_text"":""Frozen Phase A percentile 0.018115 × 15 = 0.27 raw; × completeness 12/12 (1.000000) = 0.27 adjusted."",""observation_type"":""derived"",""signal_type"":""engagement"",""source_field"":""candidate_metrics"",""source_reference"":""_imane.lifestyle"",""url"":""https://www.instagram.com/_imane.lifestyle/""}],""explanation"":""Frozen Phase A percentile 0.018115 × 15 = 0.27 raw; × completeness 12/12 (1.000000) = 0.27 adjusted."",""max_score"":15.0,""name"":""engagement"",""score"":0.27},{""evidence"":[{""evidence_text"":""Matched explicit term: collab"",""observation_type"":""direct"",""signal_type"":""commercial_pr"",""source_field"":""biography"",""source_reference"":""profile"",""url"":""https://www.instagram.com/_imane.lifestyle/""},{""evidence_text"":""3.0/5 for mid-size audience (50k–150k); commercial/PR=True (+2), UGC=False (+2), marketplace=False (+1)."",""observation_type"":""derived"",""signal_type"":""barter_feasibility"",""source_field"":""candidate_metrics"",""source_reference"":""_imane.lifestyle"",""url"":""https://www.instagram.com/_imane.lifestyle/""}],""explanation"":""3.0/5 for mid-size audience (50k–150k); commercial/PR=True (+2), UGC=False (+2), marketplace=False (+1)."",""max_score"":10.0,""name"":""barter_feasibility"",""score"":5.0},{""evidence"":[{""evidence_text"":""6.00/6 recency + 1.02/4 posting frequency."",""observation_type"":""derived"",""signal_type"":""recent_activity"",""source_field"":""candidate_metrics"",""source_reference"":""_imane.lifestyle"",""url"":""https://www.instagram.com/_imane.lifestyle/""}],""explanation"":""6.00/6 recency + 1.02/4 posting frequency."",""max_score"":10.0,""name"":""recent_activity"",""score"":7.02}]","Rank 19 of 30 eligible candidates: score 40.66/100, discovery confidence 0.800, data completeness 1.000, engagement rate 0.058%.","[{""evidence_text"":""Matched explicit term: collab"",""observation_type"":""direct"",""signal_type"":""commercial_pr"",""source_field"":""biography"",""source_reference"":""profile"",""url"":""https://www.instagram.com/_imane.lifestyle/""},{""evidence_text"":""Matched explicit term: lifestyle"",""observation_type"":""direct"",""signal_type"":""lifestyle"",""source_field"":""biography"",""source_reference"":""profile"",""url"":""https://www.instagram.com/_imane.lifestyle/""},{""evidence_text"":""Matched explicit term: life"",""observation_type"":""direct"",""signal_type"":""lifestyle"",""source_field"":""biography"",""source_reference"":""profile"",""url"":""https://www.instagram.com/_imane.lifestyle/""},{""evidence_text"":""Observed tagged account(s): its.imane.life"",""observation_type"":""direct"",""signal_type"":""native_product_integration"",""source_field"":""recent_posts.tagged_usernames"",""source_reference"":""3895460069734079172"",""url"":""https://www.instagram.com/p/DYPdEtdN9rE/""},{""evidence_text"":""Observed tagged account(s): its.imane.life"",""observation_type"":""direct"",""signal_type"":""native_product_integration"",""source_field"":""recent_posts.tagged_usernames"",""source_reference"":""3842107004361561689"",""url"":""https://www.instagram.com/p/DVR5_bQAtZZ/""},{""evidence_text"":""Observed tagged account(s): its.imane.life"",""observation_type"":""direct"",""signal_type"":""native_product_integration"",""source_field"":""recent_posts.tagged_usernames"",""source_reference"":""3878978464678530428"",""url"":""https://www.instagram.com/p/DXU5lymjc18/""},{""evidence_text"":""0.40×provider identity (1.000) + 0.20×multi-query support (0.333; 1 distinct queries, full credit at 3) + 0.20×profile/post link verification (1.000) + 0.20×query relevance (0.667; 2 directly evidenced target dimensions) = 0.800."",""observation_type"":""derived"",""signal_type"":""discovery_confidence"",""source_field"":""provider_and_discovery"",""source_reference"":""_imane.lifestyle"",""url"":""https://www.instagram.com/_imane.lifestyle/""},{""evidence_text"":""Caption-derived topic excerpt used: 🥰🤍"",""observation_type"":""direct"",""signal_type"":""offer_personalization"",""source_field"":""recent_posts.caption"",""source_reference"":""3895460069734079172"",""url"":""https://www.instagram.com/p/DYPdEtdN9rE/""},{""evidence_text"":""Observed profile name used in greeting: 🇩🇿 ÌMANE ZRL🇩🇿"",""observation_type"":""direct"",""signal_type"":""offer_greeting"",""source_field"":""full_name"",""source_reference"":""profile"",""url"":""https://www.instagram.com/_imane.lifestyle/""}]",https://www.instagram.com/p/DYPdEtdN9rE/,"Здравствуйте, 🇩🇿 ÌMANE ZRL🇩🇿!

Увидели вашу недавнюю публикацию «🥰🤍»: https://www.instagram.com/p/DYPdEtdN9rE/
Нам кажется, такой формат контента может естественно сочетаться с категорией «женская одежда».

Мы — LD Latte. Хотим предложить для обсуждения товар бренда в обмен на согласованный контент: товар из новой коллекции LD Latte. Если идея вам интересна, возможный формат — Reels или нативный обзор; детали и творческую подачу согласуем вместе.

Будем рады обсудить предложение, если оно вам подходит; никаких обязательств до согласования условий нет.

[Черновик: требуется ручная проверка и одобрение перед использованием.]",pending,,0.8,eligible,[],"[""beauty_lifestyle_01""]",apify,2026-07-28T19:11:52.795572+00:00,deterministic_template,"clear: no Phase A username, URL, historical alias, replacement, rejected false lead, Nike, or Apple match"
instagram,uz_wildberries,https://www.instagram.com/uz_wildberries/,57246,48.5,2.0,0.0908360409460923,12,12,1.0,0.4166666666666667,2026-07-26T11:16:36+00:00,40.59,"[{""evidence"":[{""evidence_text"":""Matched explicit term: дом"",""observation_type"":""direct"",""signal_type"":""lifestyle"",""source_field"":""recent_posts.caption"",""source_reference"":""3949730293869797965"",""url"":""https://www.instagram.com/p/DbQQsaUtWJN/""},{""evidence_text"":""Matched explicit term: дом"",""observation_type"":""direct"",""signal_type"":""lifestyle"",""source_field"":""recent_posts.caption"",""source_reference"":""3948337270306446165"",""url"":""https://www.instagram.com/p/DbLT9QCDRtV/""},{""evidence_text"":""Matched explicit term: дом"",""observation_type"":""direct"",""signal_type"":""lifestyle"",""source_field"":""recent_posts.caption"",""source_reference"":""3942423585461739702"",""url"":""https://www.instagram.com/p/Da2TVz1kaC2/""},{""evidence_text"":""Matched explicit term: дом"",""observation_type"":""direct"",""signal_type"":""lifestyle"",""source_field"":""recent_posts.caption"",""source_reference"":""3940356484970147987"",""url"":""https://www.instagram.com/p/Dau9VifDXCT/""},{""evidence_text"":""Matched explicit term: дом"",""observation_type"":""direct"",""signal_type"":""lifestyle"",""source_field"":""recent_posts.caption"",""source_reference"":""3939543053425299986"",""url"":""https://www.instagram.com/p/DasEYjUxdIS/""},{""evidence_text"":""Matched explicit term: дом"",""observation_type"":""direct"",""signal_type"":""lifestyle"",""source_field"":""recent_posts.caption"",""source_reference"":""3938934182863319182"",""url"":""https://www.instagram.com/p/Dap58UbNjCO/""},{""evidence_text"":""Matched explicit term: дом"",""observation_type"":""direct"",""signal_type"":""lifestyle"",""source_field"":""recent_posts.caption"",""source_reference"":""3936160646350109553"",""url"":""https://www.instagram.com/p/DagDUDQkftx/""},{""evidence_text"":""Matched explicit term: вдохнов"",""observation_type"":""direct"",""signal_type"":""lifestyle"",""source_field"":""recent_posts.caption"",""source_reference"":""3936160646350109553"",""url"":""https://www.instagram.com/p/DagDUDQkftx/""},{""evidence_text"":""Matched explicit term: wildberries"",""observation_type"":""direct"",""signal_type"":""marketplace"",""source_field"":""full_name"",""source_reference"":""profile"",""url"":""https://www.instagram.com/uz_wildberries/""},{""evidence_text"":""Matched explicit term: wb"",""observation_type"":""direct"",""signal_type"":""marketplace"",""source_field"":""biography"",""source_reference"":""profile"",""url"":""https://www.instagram.com/uz_wildberries/""},{""evidence_text"":""Matched explicit term: wildberries"",""observation_type"":""direct"",""signal_type"":""marketplace"",""source_field"":""recent_posts.caption"",""source_reference"":""3930677657967194980"",""url"":""https://www.instagram.com/p/DaMkoEZsvNk/""},{""evidence_text"":""Matched explicit term: wb"",""observation_type"":""direct"",""signal_type"":""marketplace"",""source_field"":""recent_posts.caption"",""source_reference"":""3930677657967194980"",""url"":""https://www.instagram.com/p/DaMkoEZsvNk/""},{""evidence_text"":""Matched explicit term: wildberries"",""observation_type"":""direct"",""signal_type"":""marketplace"",""source_field"":""recent_posts.caption"",""source_reference"":""3949730293869797965"",""url"":""https://www.instagram.com/p/DbQQsaUtWJN/""},{""evidence_text"":""Matched explicit term: wb"",""observation_type"":""direct"",""signal_type"":""marketplace"",""source_field"":""recent_posts.caption"",""source_reference"":""3949730293869797965"",""url"":""https://www.instagram.com/p/DbQQsaUtWJN/""},{""evidence_text"":""Matched explicit term: wildberries"",""observation_type"":""direct"",""signal_type"":""marketplace"",""source_field"":""recent_posts.caption"",""source_reference"":""3948337270306446165"",""url"":""https://www.instagram.com/p/DbLT9QCDRtV/""},{""evidence_text"":""Matched explicit term: wb"",""observation_type"":""direct"",""signal_type"":""marketplace"",""source_field"":""recent_posts.caption"",""source_reference"":""3948337270306446165"",""url"":""https://www.instagram.com/p/DbLT9QCDRtV/""},{""evidence_text"":""Matched explicit term: wildberries"",""observation_type"":""direct"",""signal_type"":""marketplace"",""source_field"":""recent_posts.caption"",""source_reference"":""3945502685644947192"",""url"":""https://www.instagram.com/p/DbBPcnWN374/""},{""evidence_text"":""Matched explicit term: wildberries"",""observation_type"":""direct"",""signal_type"":""marketplace"",""source_field"":""recent_posts.caption"",""source_reference"":""3942423585461739702"",""url"":""https://www.instagram.com/p/Da2TVz1kaC2/""},{""evidence_text"":""Matched explicit term: wb"",""observation_type"":""direct"",""signal_type"":""marketplace"",""source_field"":""recent_posts.caption"",""source_reference"":""3942423585461739702"",""url"":""https://www.instagram.com/p/Da2TVz1kaC2/""},{""evidence_text"":""Matched explicit term: wildberries"",""observation_type"":""direct"",""signal_type"":""marketplace"",""source_field"":""recent_posts.caption"",""source_reference"":""3940356484970147987"",""url"":""https://www.instagram.com/p/Dau9VifDXCT/""},{""evidence_text"":""Matched explicit term: wb"",""observation_type"":""direct"",""signal_type"":""marketplace"",""source_field"":""recent_posts.caption"",""source_reference"":""3940356484970147987"",""url"":""https://www.instagram.com/p/Dau9VifDXCT/""},{""evidence_text"":""Matched explicit term: wildberries"",""observation_type"":""direct"",""signal_type"":""marketplace"",""source_field"":""recent_posts.caption"",""source_reference"":""3939543053425299986"",""url"":""https://www.instagram.com/p/DasEYjUxdIS/""},{""evidence_text"":""Matched explicit term: wb"",""observation_type"":""direct"",""signal_type"":""marketplace"",""source_field"":""recent_posts.caption"",""source_reference"":""3939543053425299986"",""url"":""https://www.instagram.com/p/DasEYjUxdIS/""},{""evidence_text"":""Matched explicit term: wildberries"",""observation_type"":""direct"",""signal_type"":""marketplace"",""source_field"":""recent_posts.caption"",""source_reference"":""3938934182863319182"",""url"":""https://www.instagram.com/p/Dap58UbNjCO/""},{""evidence_text"":""Matched explicit term: wb"",""observation_type"":""direct"",""signal_type"":""marketplace"",""source_field"":""recent_posts.caption"",""source_reference"":""3938934182863319182"",""url"":""https://www.instagram.com/p/Dap58UbNjCO/""},{""evidence_text"":""Matched explicit term: wildberries"",""observation_type"":""direct"",""signal_type"":""marketplace"",""source_field"":""recent_posts.caption"",""source_reference"":""3936160646350109553"",""url"":""https://www.instagram.com/p/DagDUDQkftx/""},{""evidence_text"":""Matched explicit term: wb"",""observation_type"":""direct"",""signal_type"":""marketplace"",""source_field"":""recent_posts.caption"",""source_reference"":""3936160646350109553"",""url"":""https://www.instagram.com/p/DagDUDQkftx/""},{""evidence_text"":""Matched explicit term: wildberries"",""observation_type"":""direct"",""signal_type"":""marketplace"",""source_field"":""recent_posts.caption"",""source_reference"":""3930964848874579846"",""url"":""https://www.instagram.com/p/DaNl7Pxt2eG/""},{""evidence_text"":""Matched explicit term: wildberries"",""observation_type"":""direct"",""signal_type"":""marketplace"",""source_field"":""recent_posts.caption"",""source_reference"":""3928522549139249980"",""url"":""https://www.instagram.com/p/DaE6nG5jps8/""},{""evidence_text"":""7.00/24 topical + 4.00/5 format readiness + 0.88/1 Nike/Apple format alignment."",""observation_type"":""derived"",""signal_type"":""content_and_aesthetic_fit"",""source_field"":""candidate_metrics"",""source_reference"":""uz_wildberries"",""url"":""https://www.instagram.com/uz_wildberries/""}],""explanation"":""7.00/24 topical + 4.00/5 format readiness + 0.88/1 Nike/Apple format alignment."",""max_score"":30.0,""name"":""content_and_aesthetic_fit"",""score"":11.88},{""evidence"":[{""evidence_text"":""Matched explicit term: wildberries"",""observation_type"":""direct"",""signal_type"":""marketplace"",""source_field"":""full_name"",""source_reference"":""profile"",""url"":""https://www.instagram.com/uz_wildberries/""},{""evidence_text"":""Matched explicit term: wb"",""observation_type"":""direct"",""signal_type"":""marketplace"",""source_field"":""biography"",""source_reference"":""profile"",""url"":""https://www.instagram.com/uz_wildberries/""},{""evidence_text"":""Matched explicit term: wildberries"",""observation_type"":""direct"",""signal_type"":""marketplace"",""source_field"":""recent_posts.caption"",""source_reference"":""3930677657967194980"",""url"":""https://www.instagram.com/p/DaMkoEZsvNk/""},{""evidence_text"":""Matched explicit term: wb"",""observation_type"":""direct"",""signal_type"":""marketplace"",""source_field"":""recent_posts.caption"",""source_reference"":""3930677657967194980"",""url"":""https://www.instagram.com/p/DaMkoEZsvNk/""},{""evidence_text"":""Matched explicit term: wildberries"",""observation_type"":""direct"",""signal_type"":""marketplace"",""source_field"":""recent_posts.caption"",""source_reference"":""3949730293869797965"",""url"":""https://www.instagram.com/p/DbQQsaUtWJN/""},{""evidence_text"":""Matched explicit term: wb"",""observation_type"":""direct"",""signal_type"":""marketplace"",""source_field"":""recent_posts.caption"",""source_reference"":""3949730293869797965"",""url"":""https://www.instagram.com/p/DbQQsaUtWJN/""},{""evidence_text"":""Matched explicit term: wildberries"",""observation_type"":""direct"",""signal_type"":""marketplace"",""source_field"":""recent_posts.caption"",""source_reference"":""3948337270306446165"",""url"":""https://www.instagram.com/p/DbLT9QCDRtV/""},{""evidence_text"":""Matched explicit term: wb"",""observation_type"":""direct"",""signal_type"":""marketplace"",""source_field"":""recent_posts.caption"",""source_reference"":""3948337270306446165"",""url"":""https://www.instagram.com/p/DbLT9QCDRtV/""},{""evidence_text"":""Matched explicit term: wildberries"",""observation_type"":""direct"",""signal_type"":""marketplace"",""source_field"":""recent_posts.caption"",""source_reference"":""3945502685644947192"",""url"":""https://www.instagram.com/p/DbBPcnWN374/""},{""evidence_text"":""Matched explicit term: wildberries"",""observation_type"":""direct"",""signal_type"":""marketplace"",""source_field"":""recent_posts.caption"",""source_reference"":""3942423585461739702"",""url"":""https://www.instagram.com/p/Da2TVz1kaC2/""},{""evidence_text"":""Matched explicit term: wb"",""observation_type"":""direct"",""signal_type"":""marketplace"",""source_field"":""recent_posts.caption"",""source_reference"":""3942423585461739702"",""url"":""https://www.instagram.com/p/Da2TVz1kaC2/""},{""evidence_text"":""Matched explicit term: wildberries"",""observation_type"":""direct"",""signal_type"":""marketplace"",""source_field"":""recent_posts.caption"",""source_reference"":""3940356484970147987"",""url"":""https://www.instagram.com/p/Dau9VifDXCT/""},{""evidence_text"":""Matched explicit term: wb"",""observation_type"":""direct"",""signal_type"":""marketplace"",""source_field"":""recent_posts.caption"",""source_reference"":""3940356484970147987"",""url"":""https://www.instagram.com/p/Dau9VifDXCT/""},{""evidence_text"":""Matched explicit term: wildberries"",""observation_type"":""direct"",""signal_type"":""marketplace"",""source_field"":""recent_posts.caption"",""source_reference"":""3939543053425299986"",""url"":""https://www.instagram.com/p/DasEYjUxdIS/""},{""evidence_text"":""Matched explicit term: wb"",""observation_type"":""direct"",""signal_type"":""marketplace"",""source_field"":""recent_posts.caption"",""source_reference"":""3939543053425299986"",""url"":""https://www.instagram.com/p/DasEYjUxdIS/""},{""evidence_text"":""Matched explicit term: wildberries"",""observation_type"":""direct"",""signal_type"":""marketplace"",""source_field"":""recent_posts.caption"",""source_reference"":""3938934182863319182"",""url"":""https://www.instagram.com/p/Dap58UbNjCO/""},{""evidence_text"":""Matched explicit term: wb"",""observation_type"":""direct"",""signal_type"":""marketplace"",""source_field"":""recent_posts.caption"",""source_reference"":""3938934182863319182"",""url"":""https://www.instagram.com/p/Dap58UbNjCO/""},{""evidence_text"":""Matched explicit term: wildberries"",""observation_type"":""direct"",""signal_type"":""marketplace"",""source_field"":""recent_posts.caption"",""source_reference"":""3936160646350109553"",""url"":""https://www.instagram.com/p/DagDUDQkftx/""},{""evidence_text"":""Matched explicit term: wb"",""observation_type"":""direct"",""signal_type"":""marketplace"",""source_field"":""recent_posts.caption"",""source_reference"":""3936160646350109553"",""url"":""https://www.instagram.com/p/DagDUDQkftx/""},{""evidence_text"":""Matched explicit term: wildberries"",""observation_type"":""direct"",""signal_type"":""marketplace"",""source_field"":""recent_posts.caption"",""source_reference"":""3930964848874579846"",""url"":""https://www.instagram.com/p/DaNl7Pxt2eG/""},{""evidence_text"":""Matched explicit term: wildberries"",""observation_type"":""direct"",""signal_type"":""marketplace"",""source_field"":""recent_posts.caption"",""source_reference"":""3928522549139249980"",""url"":""https://www.instagram.com/p/DaE6nG5jps8/""},{""evidence_text"":""Observed product-focused caption term(s): wb, wildberries, промокод, товар"",""observation_type"":""direct"",""signal_type"":""native_product_integration"",""source_field"":""recent_posts.caption"",""source_reference"":""3930677657967194980"",""url"":""https://www.instagram.com/p/DaMkoEZsvNk/""},{""evidence_text"":""Observed product-focused caption term(s): wb, wildberries, промокод"",""observation_type"":""direct"",""signal_type"":""native_product_integration"",""source_field"":""recent_posts.caption"",""source_reference"":""3949730293869797965"",""url"":""https://www.instagram.com/p/DbQQsaUtWJN/""},{""evidence_text"":""Observed product-focused caption term(s): wb, wildberries, промокод"",""observation_type"":""direct"",""signal_type"":""native_product_integration"",""source_field"":""recent_posts.caption"",""source_reference"":""3948337270306446165"",""url"":""https://www.instagram.com/p/DbLT9QCDRtV/""},{""evidence_text"":""Observed product-focused caption term(s): wildberries, покупк"",""observation_type"":""direct"",""signal_type"":""native_product_integration"",""source_field"":""recent_posts.caption"",""source_reference"":""3945502685644947192"",""url"":""https://www.instagram.com/p/DbBPcnWN374/""},{""evidence_text"":""Observed product-focused caption term(s): wb, wildberries, промокод"",""observation_type"":""direct"",""signal_type"":""native_product_integration"",""source_field"":""recent_posts.caption"",""source_reference"":""3942423585461739702"",""url"":""https://www.instagram.com/p/Da2TVz1kaC2/""},{""evidence_text"":""Observed product-focused caption term(s): wb, wildberries, промокод, товар"",""observation_type"":""direct"",""signal_type"":""native_product_integration"",""source_field"":""recent_posts.caption"",""source_reference"":""3940356484970147987"",""url"":""https://www.instagram.com/p/Dau9VifDXCT/""},{""evidence_text"":""Observed product-focused caption term(s): wb, wildberries, промокод"",""observation_type"":""direct"",""signal_type"":""native_product_integration"",""source_field"":""recent_posts.caption"",""source_reference"":""3939543053425299986"",""url"":""https://www.instagram.com/p/DasEYjUxdIS/""},{""evidence_text"":""Observed product-focused caption term(s): wb, wildberries, промокод, товар"",""observation_type"":""direct"",""signal_type"":""native_product_integration"",""source_field"":""recent_posts.caption"",""source_reference"":""3938934182863319182"",""url"":""https://www.instagram.com/p/Dap58UbNjCO/""},{""evidence_text"":""Observed product-focused caption term(s): wb, wildberries, промокод, товар"",""observation_type"":""direct"",""signal_type"":""native_product_integration"",""source_field"":""recent_posts.caption"",""source_reference"":""3936160646350109553"",""url"":""https://www.instagram.com/p/DagDUDQkftx/""},{""evidence_text"":""Observed product-focused caption term(s): wildberries"",""observation_type"":""direct"",""signal_type"":""native_product_integration"",""source_field"":""recent_posts.caption"",""source_reference"":""3930964848874579846"",""url"":""https://www.instagram.com/p/DaNl7Pxt2eG/""},{""evidence_text"":""Observed product-focused caption term(s): wildberries"",""observation_type"":""direct"",""signal_type"":""native_product_integration"",""source_field"":""recent_posts.caption"",""source_reference"":""3928522549139249980"",""url"":""https://www.instagram.com/p/DaE6nG5jps8/""},{""evidence_text"":""UGC=False, marketplace=True, commercial/PR=False, contact=False; 11/12 posts have independently observed native-integration evidence."",""observation_type"":""derived"",""signal_type"":""native_product_integration_potential"",""source_field"":""candidate_metrics"",""source_reference"":""uz_wildberries"",""url"":""https://www.instagram.com/uz_wildberries/""}],""explanation"":""UGC=False, marketplace=True, commercial/PR=False, contact=False; 11/12 posts have independently observed native-integration evidence."",""max_score"":20.0,""name"":""native_product_integration_potential"",""score"":8.0},{""evidence"":[{""evidence_text"":""Short video share 0.417 × 15 = 6.25."",""observation_type"":""derived"",""signal_type"":""short_video_consistency"",""source_field"":""candidate_metrics"",""source_reference"":""uz_wildberries"",""url"":""https://www.instagram.com/uz_wildberries/""}],""explanation"":""Short video share 0.417 × 15 = 6.25."",""max_score"":15.0,""name"":""short_video_consistency"",""score"":6.25},{""evidence"":[{""evidence_text"":""Frozen Phase A percentile 0.030565 × 15 = 0.46 raw; × completeness 12/12 (1.000000) = 0.46 adjusted."",""observation_type"":""derived"",""signal_type"":""engagement"",""source_field"":""candidate_metrics"",""source_reference"":""uz_wildberries"",""url"":""https://www.instagram.com/uz_wildberries/""}],""explanation"":""Frozen Phase A percentile 0.030565 × 15 = 0.46 raw; × completeness 12/12 (1.000000) = 0.46 adjusted."",""max_score"":15.0,""name"":""engagement"",""score"":0.46},{""evidence"":[{""evidence_text"":""Matched explicit term: wildberries"",""observation_type"":""direct"",""signal_type"":""marketplace"",""source_field"":""full_name"",""source_reference"":""profile"",""url"":""https://www.instagram.com/uz_wildberries/""},{""evidence_text"":""Matched explicit term: wb"",""observation_type"":""direct"",""signal_type"":""marketplace"",""source_field"":""biography"",""source_reference"":""profile"",""url"":""https://www.instagram.com/uz_wildberries/""},{""evidence_text"":""Matched explicit term: wildberries"",""observation_type"":""direct"",""signal_type"":""marketplace"",""source_field"":""recent_posts.caption"",""source_reference"":""3930677657967194980"",""url"":""https://www.instagram.com/p/DaMkoEZsvNk/""},{""evidence_text"":""Matched explicit term: wb"",""observation_type"":""direct"",""signal_type"":""marketplace"",""source_field"":""recent_posts.caption"",""source_reference"":""3930677657967194980"",""url"":""https://www.instagram.com/p/DaMkoEZsvNk/""},{""evidence_text"":""Matched explicit term: wildberries"",""observation_type"":""direct"",""signal_type"":""marketplace"",""source_field"":""recent_posts.caption"",""source_reference"":""3949730293869797965"",""url"":""https://www.instagram.com/p/DbQQsaUtWJN/""},{""evidence_text"":""Matched explicit term: wb"",""observation_type"":""direct"",""signal_type"":""marketplace"",""source_field"":""recent_posts.caption"",""source_reference"":""3949730293869797965"",""url"":""https://www.instagram.com/p/DbQQsaUtWJN/""},{""evidence_text"":""Matched explicit term: wildberries"",""observation_type"":""direct"",""signal_type"":""marketplace"",""source_field"":""recent_posts.caption"",""source_reference"":""3948337270306446165"",""url"":""https://www.instagram.com/p/DbLT9QCDRtV/""},{""evidence_text"":""Matched explicit term: wb"",""observation_type"":""direct"",""signal_type"":""marketplace"",""source_field"":""recent_posts.caption"",""source_reference"":""3948337270306446165"",""url"":""https://www.instagram.com/p/DbLT9QCDRtV/""},{""evidence_text"":""Matched explicit term: wildberries"",""observation_type"":""direct"",""signal_type"":""marketplace"",""source_field"":""recent_posts.caption"",""source_reference"":""3945502685644947192"",""url"":""https://www.instagram.com/p/DbBPcnWN374/""},{""evidence_text"":""Matched explicit term: wildberries"",""observation_type"":""direct"",""signal_type"":""marketplace"",""source_field"":""recent_posts.caption"",""source_reference"":""3942423585461739702"",""url"":""https://www.instagram.com/p/Da2TVz1kaC2/""},{""evidence_text"":""Matched explicit term: wb"",""observation_type"":""direct"",""signal_type"":""marketplace"",""source_field"":""recent_posts.caption"",""source_reference"":""3942423585461739702"",""url"":""https://www.instagram.com/p/Da2TVz1kaC2/""},{""evidence_text"":""Matched explicit term: wildberries"",""observation_type"":""direct"",""signal_type"":""marketplace"",""source_field"":""recent_posts.caption"",""source_reference"":""3940356484970147987"",""url"":""https://www.instagram.com/p/Dau9VifDXCT/""},{""evidence_text"":""Matched explicit term: wb"",""observation_type"":""direct"",""signal_type"":""marketplace"",""source_field"":""recent_posts.caption"",""source_reference"":""3940356484970147987"",""url"":""https://www.instagram.com/p/Dau9VifDXCT/""},{""evidence_text"":""Matched explicit term: wildberries"",""observation_type"":""direct"",""signal_type"":""marketplace"",""source_field"":""recent_posts.caption"",""source_reference"":""3939543053425299986"",""url"":""https://www.instagram.com/p/DasEYjUxdIS/""},{""evidence_text"":""Matched explicit term: wb"",""observation_type"":""direct"",""signal_type"":""marketplace"",""source_field"":""recent_posts.caption"",""source_reference"":""3939543053425299986"",""url"":""https://www.instagram.com/p/DasEYjUxdIS/""},{""evidence_text"":""Matched explicit term: wildberries"",""observation_type"":""direct"",""signal_type"":""marketplace"",""source_field"":""recent_posts.caption"",""source_reference"":""3938934182863319182"",""url"":""https://www.instagram.com/p/Dap58UbNjCO/""},{""evidence_text"":""Matched explicit term: wb"",""observation_type"":""direct"",""signal_type"":""marketplace"",""source_field"":""recent_posts.caption"",""source_reference"":""3938934182863319182"",""url"":""https://www.instagram.com/p/Dap58UbNjCO/""},{""evidence_text"":""Matched explicit term: wildberries"",""observation_type"":""direct"",""signal_type"":""marketplace"",""source_field"":""recent_posts.caption"",""source_reference"":""3936160646350109553"",""url"":""https://www.instagram.com/p/DagDUDQkftx/""},{""evidence_text"":""Matched explicit term: wb"",""observation_type"":""direct"",""signal_type"":""marketplace"",""source_field"":""recent_posts.caption"",""source_reference"":""3936160646350109553"",""url"":""https://www.instagram.com/p/DagDUDQkftx/""},{""evidence_text"":""Matched explicit term: wildberries"",""observation_type"":""direct"",""signal_type"":""marketplace"",""source_field"":""recent_posts.caption"",""source_reference"":""3930964848874579846"",""url"":""https://www.instagram.com/p/DaNl7Pxt2eG/""},{""evidence_text"":""Matched explicit term: wildberries"",""observation_type"":""direct"",""signal_type"":""marketplace"",""source_field"":""recent_posts.caption"",""source_reference"":""3928522549139249980"",""url"":""https://www.instagram.com/p/DaE6nG5jps8/""},{""evidence_text"":""3.0/5 for mid-size audience (50k–150k); commercial/PR=False (+2), UGC=False (+2), marketplace=True (+1)."",""observation_type"":""derived"",""signal_type"":""barter_feasibility"",""source_field"":""candidate_metrics"",""source_reference"":""uz_wildberries"",""url"":""https://www.instagram.com/uz_wildberries/""}],""explanation"":""3.0/5 for mid-size audience (50k–150k); commercial/PR=False (+2), UGC=False (+2), marketplace=True (+1)."",""max_score"":10.0,""name"":""barter_feasibility"",""score"":4.0},{""evidence"":[{""evidence_text"":""6.00/6 recency + 4.00/4 posting frequency."",""observation_type"":""derived"",""signal_type"":""recent_activity"",""source_field"":""candidate_metrics"",""source_reference"":""uz_wildberries"",""url"":""https://www.instagram.com/uz_wildberries/""}],""explanation"":""6.00/6 recency + 4.00/4 posting frequency."",""max_score"":10.0,""name"":""recent_activity"",""score"":10.0}]","Rank 20 of 30 eligible candidates: score 40.59/100, discovery confidence 0.867, data completeness 1.000, engagement rate 0.091%.","[{""evidence_text"":""Matched explicit term: дом"",""observation_type"":""direct"",""signal_type"":""lifestyle"",""source_field"":""recent_posts.caption"",""source_reference"":""3949730293869797965"",""url"":""https://www.instagram.com/p/DbQQsaUtWJN/""},{""evidence_text"":""Matched explicit term: дом"",""observation_type"":""direct"",""signal_type"":""lifestyle"",""source_field"":""recent_posts.caption"",""source_reference"":""3948337270306446165"",""url"":""https://www.instagram.com/p/DbLT9QCDRtV/""},{""evidence_text"":""Matched explicit term: дом"",""observation_type"":""direct"",""signal_type"":""lifestyle"",""source_field"":""recent_posts.caption"",""source_reference"":""3942423585461739702"",""url"":""https://www.instagram.com/p/Da2TVz1kaC2/""},{""evidence_text"":""Matched explicit term: дом"",""observation_type"":""direct"",""signal_type"":""lifestyle"",""source_field"":""recent_posts.caption"",""source_reference"":""3940356484970147987"",""url"":""https://www.instagram.com/p/Dau9VifDXCT/""},{""evidence_text"":""Matched explicit term: дом"",""observation_type"":""direct"",""signal_type"":""lifestyle"",""source_field"":""recent_posts.caption"",""source_reference"":""3939543053425299986"",""url"":""https://www.instagram.com/p/DasEYjUxdIS/""},{""evidence_text"":""Matched explicit term: дом"",""observation_type"":""direct"",""signal_type"":""lifestyle"",""source_field"":""recent_posts.caption"",""source_reference"":""3938934182863319182"",""url"":""https://www.instagram.com/p/Dap58UbNjCO/""},{""evidence_text"":""Matched explicit term: дом"",""observation_type"":""direct"",""signal_type"":""lifestyle"",""source_field"":""recent_posts.caption"",""source_reference"":""3936160646350109553"",""url"":""https://www.instagram.com/p/DagDUDQkftx/""},{""evidence_text"":""Matched explicit term: вдохнов"",""observation_type"":""direct"",""signal_type"":""lifestyle"",""source_field"":""recent_posts.caption"",""source_reference"":""3936160646350109553"",""url"":""https://www.instagram.com/p/DagDUDQkftx/""},{""evidence_text"":""Matched explicit term: wildberries"",""observation_type"":""direct"",""signal_type"":""marketplace"",""source_field"":""full_name"",""source_reference"":""profile"",""url"":""https://www.instagram.com/uz_wildberries/""},{""evidence_text"":""Matched explicit term: wb"",""observation_type"":""direct"",""signal_type"":""marketplace"",""source_field"":""biography"",""source_reference"":""profile"",""url"":""https://www.instagram.com/uz_wildberries/""},{""evidence_text"":""Matched explicit term: wildberries"",""observation_type"":""direct"",""signal_type"":""marketplace"",""source_field"":""recent_posts.caption"",""source_reference"":""3930677657967194980"",""url"":""https://www.instagram.com/p/DaMkoEZsvNk/""},{""evidence_text"":""Matched explicit term: wb"",""observation_type"":""direct"",""signal_type"":""marketplace"",""source_field"":""recent_posts.caption"",""source_reference"":""3930677657967194980"",""url"":""https://www.instagram.com/p/DaMkoEZsvNk/""},{""evidence_text"":""Matched explicit term: wildberries"",""observation_type"":""direct"",""signal_type"":""marketplace"",""source_field"":""recent_posts.caption"",""source_reference"":""3949730293869797965"",""url"":""https://www.instagram.com/p/DbQQsaUtWJN/""},{""evidence_text"":""Matched explicit term: wb"",""observation_type"":""direct"",""signal_type"":""marketplace"",""source_field"":""recent_posts.caption"",""source_reference"":""3949730293869797965"",""url"":""https://www.instagram.com/p/DbQQsaUtWJN/""},{""evidence_text"":""Matched explicit term: wildberries"",""observation_type"":""direct"",""signal_type"":""marketplace"",""source_field"":""recent_posts.caption"",""source_reference"":""3948337270306446165"",""url"":""https://www.instagram.com/p/DbLT9QCDRtV/""},{""evidence_text"":""Matched explicit term: wb"",""observation_type"":""direct"",""signal_type"":""marketplace"",""source_field"":""recent_posts.caption"",""source_reference"":""3948337270306446165"",""url"":""https://www.instagram.com/p/DbLT9QCDRtV/""},{""evidence_text"":""Matched explicit term: wildberries"",""observation_type"":""direct"",""signal_type"":""marketplace"",""source_field"":""recent_posts.caption"",""source_reference"":""3945502685644947192"",""url"":""https://www.instagram.com/p/DbBPcnWN374/""},{""evidence_text"":""Matched explicit term: wildberries"",""observation_type"":""direct"",""signal_type"":""marketplace"",""source_field"":""recent_posts.caption"",""source_reference"":""3942423585461739702"",""url"":""https://www.instagram.com/p/Da2TVz1kaC2/""},{""evidence_text"":""Matched explicit term: wb"",""observation_type"":""direct"",""signal_type"":""marketplace"",""source_field"":""recent_posts.caption"",""source_reference"":""3942423585461739702"",""url"":""https://www.instagram.com/p/Da2TVz1kaC2/""},{""evidence_text"":""Matched explicit term: wildberries"",""observation_type"":""direct"",""signal_type"":""marketplace"",""source_field"":""recent_posts.caption"",""source_reference"":""3940356484970147987"",""url"":""https://www.instagram.com/p/Dau9VifDXCT/""},{""evidence_text"":""Matched explicit term: wb"",""observation_type"":""direct"",""signal_type"":""marketplace"",""source_field"":""recent_posts.caption"",""source_reference"":""3940356484970147987"",""url"":""https://www.instagram.com/p/Dau9VifDXCT/""},{""evidence_text"":""Matched explicit term: wildberries"",""observation_type"":""direct"",""signal_type"":""marketplace"",""source_field"":""recent_posts.caption"",""source_reference"":""3939543053425299986"",""url"":""https://www.instagram.com/p/DasEYjUxdIS/""},{""evidence_text"":""Matched explicit term: wb"",""observation_type"":""direct"",""signal_type"":""marketplace"",""source_field"":""recent_posts.caption"",""source_reference"":""3939543053425299986"",""url"":""https://www.instagram.com/p/DasEYjUxdIS/""},{""evidence_text"":""Matched explicit term: wildberries"",""observation_type"":""direct"",""signal_type"":""marketplace"",""source_field"":""recent_posts.caption"",""source_reference"":""3938934182863319182"",""url"":""https://www.instagram.com/p/Dap58UbNjCO/""},{""evidence_text"":""Matched explicit term: wb"",""observation_type"":""direct"",""signal_type"":""marketplace"",""source_field"":""recent_posts.caption"",""source_reference"":""3938934182863319182"",""url"":""https://www.instagram.com/p/Dap58UbNjCO/""},{""evidence_text"":""Matched explicit term: wildberries"",""observation_type"":""direct"",""signal_type"":""marketplace"",""source_field"":""recent_posts.caption"",""source_reference"":""3936160646350109553"",""url"":""https://www.instagram.com/p/DagDUDQkftx/""},{""evidence_text"":""Matched explicit term: wb"",""observation_type"":""direct"",""signal_type"":""marketplace"",""source_field"":""recent_posts.caption"",""source_reference"":""3936160646350109553"",""url"":""https://www.instagram.com/p/DagDUDQkftx/""},{""evidence_text"":""Matched explicit term: wildberries"",""observation_type"":""direct"",""signal_type"":""marketplace"",""source_field"":""recent_posts.caption"",""source_reference"":""3930964848874579846"",""url"":""https://www.instagram.com/p/DaNl7Pxt2eG/""},{""evidence_text"":""Matched explicit term: wildberries"",""observation_type"":""direct"",""signal_type"":""marketplace"",""source_field"":""recent_posts.caption"",""source_reference"":""3928522549139249980"",""url"":""https://www.instagram.com/p/DaE6nG5jps8/""},{""evidence_text"":""Observed product-focused caption term(s): wb, wildberries, промокод, товар"",""observation_type"":""direct"",""signal_type"":""native_product_integration"",""source_field"":""recent_posts.caption"",""source_reference"":""3930677657967194980"",""url"":""https://www.instagram.com/p/DaMkoEZsvNk/""},{""evidence_text"":""Observed product-focused caption term(s): wb, wildberries, промокод"",""observation_type"":""direct"",""signal_type"":""native_product_integration"",""source_field"":""recent_posts.caption"",""source_reference"":""3949730293869797965"",""url"":""https://www.instagram.com/p/DbQQsaUtWJN/""},{""evidence_text"":""Observed product-focused caption term(s): wb, wildberries, промокод"",""observation_type"":""direct"",""signal_type"":""native_product_integration"",""source_field"":""recent_posts.caption"",""source_reference"":""3948337270306446165"",""url"":""https://www.instagram.com/p/DbLT9QCDRtV/""},{""evidence_text"":""Observed product-focused caption term(s): wildberries, покупк"",""observation_type"":""direct"",""signal_type"":""native_product_integration"",""source_field"":""recent_posts.caption"",""source_reference"":""3945502685644947192"",""url"":""https://www.instagram.com/p/DbBPcnWN374/""},{""evidence_text"":""Observed product-focused caption term(s): wb, wildberries, промокод"",""observation_type"":""direct"",""signal_type"":""native_product_integration"",""source_field"":""recent_posts.caption"",""source_reference"":""3942423585461739702"",""url"":""https://www.instagram.com/p/Da2TVz1kaC2/""},{""evidence_text"":""Observed product-focused caption term(s): wb, wildberries, промокод, товар"",""observation_type"":""direct"",""signal_type"":""native_product_integration"",""source_field"":""recent_posts.caption"",""source_reference"":""3940356484970147987"",""url"":""https://www.instagram.com/p/Dau9VifDXCT/""},{""evidence_text"":""Observed product-focused caption term(s): wb, wildberries, промокод"",""observation_type"":""direct"",""signal_type"":""native_product_integration"",""source_field"":""recent_posts.caption"",""source_reference"":""3939543053425299986"",""url"":""https://www.instagram.com/p/DasEYjUxdIS/""},{""evidence_text"":""Observed product-focused caption term(s): wb, wildberries, промокод, товар"",""observation_type"":""direct"",""signal_type"":""native_product_integration"",""source_field"":""recent_posts.caption"",""source_reference"":""3938934182863319182"",""url"":""https://www.instagram.com/p/Dap58UbNjCO/""},{""evidence_text"":""Observed product-focused caption term(s): wb, wildberries, промокод, товар"",""observation_type"":""direct"",""signal_type"":""native_product_integration"",""source_field"":""recent_posts.caption"",""source_reference"":""3936160646350109553"",""url"":""https://www.instagram.com/p/DagDUDQkftx/""},{""evidence_text"":""Observed product-focused caption term(s): wildberries"",""observation_type"":""direct"",""signal_type"":""native_product_integration"",""source_field"":""recent_posts.caption"",""source_reference"":""3930964848874579846"",""url"":""https://www.instagram.com/p/DaNl7Pxt2eG/""},{""evidence_text"":""Observed product-focused caption term(s): wildberries"",""observation_type"":""direct"",""signal_type"":""native_product_integration"",""source_field"":""recent_posts.caption"",""source_reference"":""3928522549139249980"",""url"":""https://www.instagram.com/p/DaE6nG5jps8/""},{""evidence_text"":""0.40×provider identity (1.000) + 0.20×multi-query support (0.333; 1 distinct queries, full credit at 3) + 0.20×profile/post link verification (1.000) + 0.20×query relevance (1.000; 3 directly evidenced target dimensions) = 0.867."",""observation_type"":""derived"",""signal_type"":""discovery_confidence"",""source_field"":""provider_and_discovery"",""source_reference"":""uz_wildberries"",""url"":""https://www.instagram.com/uz_wildberries/""},{""evidence_text"":""Caption-derived topic excerpt used: Летом для спорта не нужен абонемент в спортзал! Когда появляется время и настроение, можно выйти на пробежку…"",""observation_type"":""direct"",""signal_type"":""offer_personalization"",""source_field"":""recent_posts.caption"",""source_reference"":""3949730293869797965"",""url"":""https://www.instagram.com/p/DbQQsaUtWJN/""},{""evidence_text"":""Observed profile name used in greeting: Wildberries Uzbekistan"",""observation_type"":""direct"",""signal_type"":""offer_greeting"",""source_field"":""full_name"",""source_reference"":""profile"",""url"":""https://www.instagram.com/uz_wildberries/""}]",https://www.instagram.com/p/DbQQsaUtWJN/,"Здравствуйте, Wildberries Uzbekistan!

Увидели вашу недавнюю публикацию «Летом для спорта не нужен абонемент в спортзал! Когда появляется время и настроение, можно выйти на пробежку…»: https://www.instagram.com/p/DbQQsaUtWJN/
Нам кажется, такой формат контента может естественно сочетаться с категорией «женская одежда».

Мы — LD Latte. Хотим предложить для обсуждения товар бренда в обмен на согласованный контент: товар из новой коллекции LD Latte. Если идея вам интересна, возможный формат — Reels или нативный обзор; детали и творческую подачу согласуем вместе.

Будем рады обсудить предложение, если оно вам подходит; никаких обязательств до согласования условий нет.

[Черновик: требуется ручная проверка и одобрение перед использованием.]",pending,,0.866667,eligible,[],"[""marketplace_reviews_01""]",apify,2026-07-28T19:11:52.795572+00:00,deterministic_template,"clear: no Phase A username, URL, historical alias, replacement, rejected false lead, Nike, or Apple match"
instagram,ashokgehlot.reels,https://www.instagram.com/ashokgehlot.reels/,661371,16437.0,180.5,2.536397876532234,12,12,1.0,1.0,2026-07-25T10:27:42+00:00,40.2,"[{""evidence"":[{""evidence_text"":""0.00/24 topical + 4.00/5 format readiness + 0.54/1 Nike/Apple format alignment."",""observation_type"":""derived"",""signal_type"":""content_and_aesthetic_fit"",""source_field"":""candidate_metrics"",""source_reference"":""ashokgehlot.reels"",""url"":""https://www.instagram.com/ashokgehlot.reels/""}],""explanation"":""0.00/24 topical + 4.00/5 format readiness + 0.54/1 Nike/Apple format alignment."",""max_score"":30.0,""name"":""content_and_aesthetic_fit"",""score"":4.54},{""evidence"":[{""evidence_text"":""Observed tagged account(s): akashsinghmoraninc, sandeep_void"",""observation_type"":""direct"",""signal_type"":""native_product_integration"",""source_field"":""recent_posts.tagged_usernames"",""source_reference"":""3804752378855529565"",""url"":""https://www.instagram.com/p/DTNMiFQAZxd/""},{""evidence_text"":""Observed structured account mention(s): akashsinghmoraninc"",""observation_type"":""direct"",""signal_type"":""native_product_integration"",""source_field"":""recent_posts.mentions"",""source_reference"":""3740274305603298707"",""url"":""https://www.instagram.com/p/DPoH6oEAWWT/""},{""evidence_text"":""Observed tagged account(s): akashsinghmoraninc"",""observation_type"":""direct"",""signal_type"":""native_product_integration"",""source_field"":""recent_posts.tagged_usernames"",""source_reference"":""3740274305603298707"",""url"":""https://www.instagram.com/p/DPoH6oEAWWT/""},{""evidence_text"":""Observed structured account mention(s): ashokgehlot.inc"",""observation_type"":""direct"",""signal_type"":""native_product_integration"",""source_field"":""recent_posts.mentions"",""source_reference"":""3780225636333869074"",""url"":""https://www.instagram.com/p/DR2DzAQgVgS/""},{""evidence_text"":""Observed tagged account(s): ashokgehlot.inc"",""observation_type"":""direct"",""signal_type"":""native_product_integration"",""source_field"":""recent_posts.tagged_usernames"",""source_reference"":""3780225636333869074"",""url"":""https://www.instagram.com/p/DR2DzAQgVgS/""},{""evidence_text"":""UGC=False, marketplace=False, commercial/PR=False, contact=False; 3/12 posts have independently observed native-integration evidence."",""observation_type"":""derived"",""signal_type"":""native_product_integration_potential"",""source_field"":""candidate_metrics"",""source_reference"":""ashokgehlot.reels"",""url"":""https://www.instagram.com/ashokgehlot.reels/""}],""explanation"":""UGC=False, marketplace=False, commercial/PR=False, contact=False; 3/12 posts have independently observed native-integration evidence."",""max_score"":20.0,""name"":""native_product_integration_potential"",""score"":2.0},{""evidence"":[{""evidence_text"":""Short video share 1.000 × 15 = 15.00."",""observation_type"":""derived"",""signal_type"":""short_video_consistency"",""source_field"":""candidate_metrics"",""source_reference"":""ashokgehlot.reels"",""url"":""https://www.instagram.com/ashokgehlot.reels/""}],""explanation"":""Short video share 1.000 × 15 = 15.00."",""max_score"":15.0,""name"":""short_video_consistency"",""score"":15.0},{""evidence"":[{""evidence_text"":""Frozen Phase A percentile 0.741855 × 15 = 11.13 raw; × completeness 12/12 (1.000000) = 11.13 adjusted."",""observation_type"":""derived"",""signal_type"":""engagement"",""source_field"":""candidate_metrics"",""source_reference"":""ashokgehlot.reels"",""url"":""https://www.instagram.com/ashokgehlot.reels/""}],""explanation"":""Frozen Phase A percentile 0.741855 × 15 = 11.13 raw; × completeness 12/12 (1.000000) = 11.13 adjusted."",""max_score"":15.0,""name"":""engagement"",""score"":11.13},{""evidence"":[{""evidence_text"":""1.0/5 for very large audience (>300k); commercial/PR=False (+2), UGC=False (+2), marketplace=False (+1)."",""observation_type"":""derived"",""signal_type"":""barter_feasibility"",""source_field"":""candidate_metrics"",""source_reference"":""ashokgehlot.reels"",""url"":""https://www.instagram.com/ashokgehlot.reels/""}],""explanation"":""1.0/5 for very large audience (>300k); commercial/PR=False (+2), UGC=False (+2), marketplace=False (+1)."",""max_score"":10.0,""name"":""barter_feasibility"",""score"":1.0},{""evidence"":[{""evidence_text"":""6.00/6 recency + 0.53/4 posting frequency."",""observation_type"":""derived"",""signal_type"":""recent_activity"",""source_field"":""candidate_metrics"",""source_reference"":""ashokgehlot.reels"",""url"":""https://www.instagram.com/ashokgehlot.reels/""}],""explanation"":""6.00/6 recency + 0.53/4 posting frequency."",""max_score"":10.0,""name"":""recent_activity"",""score"":6.53}]","Rank 21 of 30 eligible candidates: score 40.20/100, discovery confidence 0.733, data completeness 1.000, engagement rate 2.536%.","[{""evidence_text"":""Observed tagged account(s): akashsinghmoraninc, sandeep_void"",""observation_type"":""direct"",""signal_type"":""native_product_integration"",""source_field"":""recent_posts.tagged_usernames"",""source_reference"":""3804752378855529565"",""url"":""https://www.instagram.com/p/DTNMiFQAZxd/""},{""evidence_text"":""Observed structured account mention(s): akashsinghmoraninc"",""observation_type"":""direct"",""signal_type"":""native_product_integration"",""source_field"":""recent_posts.mentions"",""source_reference"":""3740274305603298707"",""url"":""https://www.instagram.com/p/DPoH6oEAWWT/""},{""evidence_text"":""Observed tagged account(s): akashsinghmoraninc"",""observation_type"":""direct"",""signal_type"":""native_product_integration"",""source_field"":""recent_posts.tagged_usernames"",""source_reference"":""3740274305603298707"",""url"":""https://www.instagram.com/p/DPoH6oEAWWT/""},{""evidence_text"":""Observed structured account mention(s): ashokgehlot.inc"",""observation_type"":""direct"",""signal_type"":""native_product_integration"",""source_field"":""recent_posts.mentions"",""source_reference"":""3780225636333869074"",""url"":""https://www.instagram.com/p/DR2DzAQgVgS/""},{""evidence_text"":""Observed tagged account(s): ashokgehlot.inc"",""observation_type"":""direct"",""signal_type"":""native_product_integration"",""source_field"":""recent_posts.tagged_usernames"",""source_reference"":""3780225636333869074"",""url"":""https://www.instagram.com/p/DR2DzAQgVgS/""},{""evidence_text"":""0.40×provider identity (1.000) + 0.20×multi-query support (0.333; 1 distinct queries, full credit at 3) + 0.20×profile/post link verification (1.000) + 0.20×query relevance (0.333; 1 directly evidenced target dimensions) = 0.733."",""observation_type"":""derived"",""signal_type"":""discovery_confidence"",""source_field"":""provider_and_discovery"",""source_reference"":""ashokgehlot.reels"",""url"":""https://www.instagram.com/ashokgehlot.reels/""},{""evidence_text"":""Caption-derived topic excerpt used: बधाई हो सभी को…"",""observation_type"":""direct"",""signal_type"":""offer_personalization"",""source_field"":""recent_posts.caption"",""source_reference"":""3948981006346099567"",""url"":""https://www.instagram.com/p/DbNmU18Bhtv/""},{""evidence_text"":""Observed profile name used in greeting: Ashok Gehlot Reels"",""observation_type"":""direct"",""signal_type"":""offer_greeting"",""source_field"":""full_name"",""source_reference"":""profile"",""url"":""https://www.instagram.com/ashokgehlot.reels/""}]",https://www.instagram.com/p/DbNmU18Bhtv/,"Здравствуйте, Ashok Gehlot Reels!

Увидели вашу недавнюю публикацию «बधाई हो सभी को…»: https://www.instagram.com/p/DbNmU18Bhtv/
Нам кажется, такой формат контента может естественно сочетаться с категорией «женская одежда».

Мы — LD Latte. Хотим предложить для обсуждения товар бренда в обмен на согласованный контент: товар из новой коллекции LD Latte. Если идея вам интересна, возможный формат — Reels или нативный обзор; детали и творческую подачу согласуем вместе.

Будем рады обсудить предложение, если оно вам подходит; никаких обязательств до согласования условий нет.

[Черновик: требуется ручная проверка и одобрение перед использованием.]",pending,,0.733333,eligible,[],"[""reels_integrations_01""]",apify,2026-07-28T19:11:52.795572+00:00,deterministic_template,"clear: no Phase A username, URL, historical alias, replacement, rejected false lead, Nike, or Apple match"
instagram,wildberriesru,https://www.instagram.com/wildberriesru/,1217188,81.5,0.0,0.00669576104923808,12,12,1.0,0.4166666666666667,2026-07-24T15:56:53+00:00,39.13,"[{""evidence"":[{""evidence_text"":""Matched explicit term: лук"",""observation_type"":""direct"",""signal_type"":""fashion"",""source_field"":""recent_posts.caption"",""source_reference"":""3938126430432947855"",""url"":""https://www.instagram.com/p/DanCR-WiG6P/""},{""evidence_text"":""Matched explicit term: гардероб"",""observation_type"":""direct"",""signal_type"":""fashion"",""source_field"":""recent_posts.caption"",""source_reference"":""3938126430432947855"",""url"":""https://www.instagram.com/p/DanCR-WiG6P/""},{""evidence_text"":""Matched explicit term: лук"",""observation_type"":""direct"",""signal_type"":""fashion"",""source_field"":""recent_posts.caption"",""source_reference"":""3925185981766676083"",""url"":""https://www.instagram.com/p/DZ5D9qYi65z/""},{""evidence_text"":""Matched explicit term: wildberries"",""observation_type"":""direct"",""signal_type"":""marketplace"",""source_field"":""full_name"",""source_reference"":""profile"",""url"":""https://www.instagram.com/wildberriesru/""},{""evidence_text"":""Matched explicit term: wb"",""observation_type"":""direct"",""signal_type"":""marketplace"",""source_field"":""recent_posts.caption"",""source_reference"":""3948421975835825323"",""url"":""https://www.instagram.com/p/DbLnN4NClSr/""},{""evidence_text"":""Matched explicit term: wb"",""observation_type"":""direct"",""signal_type"":""marketplace"",""source_field"":""recent_posts.caption"",""source_reference"":""3935936379769506405"",""url"":""https://www.instagram.com/p/DafQUiusspl/""},{""evidence_text"":""10.00/24 topical + 4.00/5 format readiness + 0.88/1 Nike/Apple format alignment."",""observation_type"":""derived"",""signal_type"":""content_and_aesthetic_fit"",""source_field"":""candidate_metrics"",""source_reference"":""wildberriesru"",""url"":""https://www.instagram.com/wildberriesru/""}],""explanation"":""10.00/24 topical + 4.00/5 format readiness + 0.88/1 Nike/Apple format alignment."",""max_score"":30.0,""name"":""content_and_aesthetic_fit"",""score"":14.88},{""evidence"":[{""evidence_text"":""Matched explicit term: wildberries"",""observation_type"":""direct"",""signal_type"":""marketplace"",""source_field"":""full_name"",""source_reference"":""profile"",""url"":""https://www.instagram.com/wildberriesru/""},{""evidence_text"":""Matched explicit term: wb"",""observation_type"":""direct"",""signal_type"":""marketplace"",""source_field"":""recent_posts.caption"",""source_reference"":""3948421975835825323"",""url"":""https://www.instagram.com/p/DbLnN4NClSr/""},{""evidence_text"":""Matched explicit term: wb"",""observation_type"":""direct"",""signal_type"":""marketplace"",""source_field"":""recent_posts.caption"",""source_reference"":""3935936379769506405"",""url"":""https://www.instagram.com/p/DafQUiusspl/""},{""evidence_text"":""Observed product-focused caption term(s): wb, покупк, товар"",""observation_type"":""direct"",""signal_type"":""native_product_integration"",""source_field"":""recent_posts.caption"",""source_reference"":""3948421975835825323"",""url"":""https://www.instagram.com/p/DbLnN4NClSr/""},{""evidence_text"":""Observed product-focused caption term(s): wb"",""observation_type"":""direct"",""signal_type"":""native_product_integration"",""source_field"":""recent_posts.caption"",""source_reference"":""3935936379769506405"",""url"":""https://www.instagram.com/p/DafQUiusspl/""},{""evidence_text"":""Observed product-focused caption term(s): покупк"",""observation_type"":""direct"",""signal_type"":""native_product_integration"",""source_field"":""recent_posts.caption"",""source_reference"":""3927133703683361889"",""url"":""https://www.instagram.com/p/DZ_-0vxgsxh/""},{""evidence_text"":""UGC=False, marketplace=True, commercial/PR=False, contact=False; 3/12 posts have independently observed native-integration evidence."",""observation_type"":""derived"",""signal_type"":""native_product_integration_potential"",""source_field"":""candidate_metrics"",""source_reference"":""wildberriesru"",""url"":""https://www.instagram.com/wildberriesru/""}],""explanation"":""UGC=False, marketplace=True, commercial/PR=False, contact=False; 3/12 posts have independently observed native-integration evidence."",""max_score"":20.0,""name"":""native_product_integration_potential"",""score"":6.0},{""evidence"":[{""evidence_text"":""Short video share 0.417 × 15 = 6.25."",""observation_type"":""derived"",""signal_type"":""short_video_consistency"",""source_field"":""candidate_metrics"",""source_reference"":""wildberriesru"",""url"":""https://www.instagram.com/wildberriesru/""}],""explanation"":""Short video share 0.417 × 15 = 6.25."",""max_score"":15.0,""name"":""short_video_consistency"",""score"":6.25},{""evidence"":[{""evidence_text"":""Frozen Phase A percentile 0.000000 × 15 = 0.00 raw; × completeness 12/12 (1.000000) = 0.00 adjusted."",""observation_type"":""derived"",""signal_type"":""engagement"",""source_field"":""candidate_metrics"",""source_reference"":""wildberriesru"",""url"":""https://www.instagram.com/wildberriesru/""}],""explanation"":""Frozen Phase A percentile 0.000000 × 15 = 0.00 raw; × completeness 12/12 (1.000000) = 0.00 adjusted."",""max_score"":15.0,""name"":""engagement"",""score"":0.0},{""evidence"":[{""evidence_text"":""Matched explicit term: wildberries"",""observation_type"":""direct"",""signal_type"":""marketplace"",""source_field"":""full_name"",""source_reference"":""profile"",""url"":""https://www.instagram.com/wildberriesru/""},{""evidence_text"":""Matched explicit term: wb"",""observation_type"":""direct"",""signal_type"":""marketplace"",""source_field"":""recent_posts.caption"",""source_reference"":""3948421975835825323"",""url"":""https://www.instagram.com/p/DbLnN4NClSr/""},{""evidence_text"":""Matched explicit term: wb"",""observation_type"":""direct"",""signal_type"":""marketplace"",""source_field"":""recent_posts.caption"",""source_reference"":""3935936379769506405"",""url"":""https://www.instagram.com/p/DafQUiusspl/""},{""evidence_text"":""1.0/5 for very large audience (>300k); commercial/PR=False (+2), UGC=False (+2), marketplace=True (+1)."",""observation_type"":""derived"",""signal_type"":""barter_feasibility"",""source_field"":""candidate_metrics"",""source_reference"":""wildberriesru"",""url"":""https://www.instagram.com/wildberriesru/""}],""explanation"":""1.0/5 for very large audience (>300k); commercial/PR=False (+2), UGC=False (+2), marketplace=True (+1)."",""max_score"":10.0,""name"":""barter_feasibility"",""score"":2.0},{""evidence"":[{""evidence_text"":""6.00/6 recency + 4.00/4 posting frequency."",""observation_type"":""derived"",""signal_type"":""recent_activity"",""source_field"":""candidate_metrics"",""source_reference"":""wildberriesru"",""url"":""https://www.instagram.com/wildberriesru/""}],""explanation"":""6.00/6 recency + 4.00/4 posting frequency."",""max_score"":10.0,""name"":""recent_activity"",""score"":10.0}]","Rank 22 of 30 eligible candidates: score 39.13/100, discovery confidence 0.867, data completeness 1.000, engagement rate 0.007%.","[{""evidence_text"":""Matched explicit term: лук"",""observation_type"":""direct"",""signal_type"":""fashion"",""source_field"":""recent_posts.caption"",""source_reference"":""3938126430432947855"",""url"":""https://www.instagram.com/p/DanCR-WiG6P/""},{""evidence_text"":""Matched explicit term: гардероб"",""observation_type"":""direct"",""signal_type"":""fashion"",""source_field"":""recent_posts.caption"",""source_reference"":""3938126430432947855"",""url"":""https://www.instagram.com/p/DanCR-WiG6P/""},{""evidence_text"":""Matched explicit term: лук"",""observation_type"":""direct"",""signal_type"":""fashion"",""source_field"":""recent_posts.caption"",""source_reference"":""3925185981766676083"",""url"":""https://www.instagram.com/p/DZ5D9qYi65z/""},{""evidence_text"":""Matched explicit term: wildberries"",""observation_type"":""direct"",""signal_type"":""marketplace"",""source_field"":""full_name"",""source_reference"":""profile"",""url"":""https://www.instagram.com/wildberriesru/""},{""evidence_text"":""Matched explicit term: wb"",""observation_type"":""direct"",""signal_type"":""marketplace"",""source_field"":""recent_posts.caption"",""source_reference"":""3948421975835825323"",""url"":""https://www.instagram.com/p/DbLnN4NClSr/""},{""evidence_text"":""Matched explicit term: wb"",""observation_type"":""direct"",""signal_type"":""marketplace"",""source_field"":""recent_posts.caption"",""source_reference"":""3935936379769506405"",""url"":""https://www.instagram.com/p/DafQUiusspl/""},{""evidence_text"":""Observed product-focused caption term(s): wb, покупк, товар"",""observation_type"":""direct"",""signal_type"":""native_product_integration"",""source_field"":""recent_posts.caption"",""source_reference"":""3948421975835825323"",""url"":""https://www.instagram.com/p/DbLnN4NClSr/""},{""evidence_text"":""Observed product-focused caption term(s): wb"",""observation_type"":""direct"",""signal_type"":""native_product_integration"",""source_field"":""recent_posts.caption"",""source_reference"":""3935936379769506405"",""url"":""https://www.instagram.com/p/DafQUiusspl/""},{""evidence_text"":""Observed product-focused caption term(s): покупк"",""observation_type"":""direct"",""signal_type"":""native_product_integration"",""source_field"":""recent_posts.caption"",""source_reference"":""3927133703683361889"",""url"":""https://www.instagram.com/p/DZ_-0vxgsxh/""},{""evidence_text"":""0.40×provider identity (1.000) + 0.20×multi-query support (0.333; 1 distinct queries, full credit at 3) + 0.20×profile/post link verification (1.000) + 0.20×query relevance (1.000; 3 directly evidenced target dimensions) = 0.867."",""observation_type"":""derived"",""signal_type"":""discovery_confidence"",""source_field"":""provider_and_discovery"",""source_reference"":""wildberriesru"",""url"":""https://www.instagram.com/wildberriesru/""},{""evidence_text"":""Caption-derived topic excerpt used: Присоединяемся к флешмобу #корзинаВБ 🧺 Лучшее время протянуть руку помощи — сейчас! Ведь покупка товаров, кот…"",""observation_type"":""direct"",""signal_type"":""offer_personalization"",""source_field"":""recent_posts.caption"",""source_reference"":""3948421975835825323"",""url"":""https://www.instagram.com/p/DbLnN4NClSr/""},{""evidence_text"":""Observed profile name used in greeting: WILDBERRIES OFFICIAL"",""observation_type"":""direct"",""signal_type"":""offer_greeting"",""source_field"":""full_name"",""source_reference"":""profile"",""url"":""https://www.instagram.com/wildberriesru/""}]",https://www.instagram.com/p/DbLnN4NClSr/,"Здравствуйте, WILDBERRIES OFFICIAL!

Увидели вашу недавнюю публикацию «Присоединяемся к флешмобу #корзинаВБ 🧺 Лучшее время протянуть руку помощи — сейчас! Ведь покупка товаров, кот…»: https://www.instagram.com/p/DbLnN4NClSr/
Нам кажется, такой формат контента может естественно сочетаться с категорией «женская одежда».

Мы — LD Latte. Хотим предложить для обсуждения товар бренда в обмен на согласованный контент: товар из новой коллекции LD Latte. Если идея вам интересна, возможный формат — Reels или нативный обзор; детали и творческую подачу согласуем вместе.

Будем рады обсудить предложение, если оно вам подходит; никаких обязательств до согласования условий нет.

[Черновик: требуется ручная проверка и одобрение перед использованием.]",pending,,0.866667,eligible,[],"[""marketplace_reviews_01""]",apify,2026-07-28T19:11:52.795572+00:00,deterministic_template,"clear: no Phase A username, URL, historical alias, replacement, rejected false lead, Nike, or Apple match"
instagram,family.guy.reels,https://www.instagram.com/family.guy.reels/,197038,430.0,4.5,0.22000832326759306,12,12,1.0,1.0,2026-07-28T16:18:56+00:00,36.64,"[{""evidence"":[{""evidence_text"":""0.00/24 topical + 4.00/5 format readiness + 0.54/1 Nike/Apple format alignment."",""observation_type"":""derived"",""signal_type"":""content_and_aesthetic_fit"",""source_field"":""candidate_metrics"",""source_reference"":""family.guy.reels"",""url"":""https://www.instagram.com/family.guy.reels/""}],""explanation"":""0.00/24 topical + 4.00/5 format readiness + 0.54/1 Nike/Apple format alignment."",""max_score"":30.0,""name"":""content_and_aesthetic_fit"",""score"":4.54},{""evidence"":[{""evidence_text"":""Matched explicit term: ambassador"",""observation_type"":""direct"",""signal_type"":""commercial_pr"",""source_field"":""biography"",""source_reference"":""profile"",""url"":""https://www.instagram.com/family.guy.reels/""},{""evidence_text"":""Matched explicit term: ambassador"",""observation_type"":""direct"",""signal_type"":""commercial_pr"",""source_field"":""recent_posts.caption"",""source_reference"":""3256422303489392395"",""url"":""https://www.instagram.com/p/C0xItTuJP8L/""},{""evidence_text"":""Matched explicit term: ambassador"",""observation_type"":""direct"",""signal_type"":""commercial_pr"",""source_field"":""recent_posts.hashtags"",""source_reference"":""3256422303489392395"",""url"":""https://www.instagram.com/p/C0xItTuJP8L/""},{""evidence_text"":""Observed structured account mention(s): family.guy.reels, ComedyClubFOX, AniDom, FoxTV"",""observation_type"":""direct"",""signal_type"":""native_product_integration"",""source_field"":""recent_posts.mentions"",""source_reference"":""3256422303489392395"",""url"":""https://www.instagram.com/p/C0xItTuJP8L/""},{""evidence_text"":""UGC=False, marketplace=False, commercial/PR=True, contact=False; 1/12 posts have independently observed native-integration evidence."",""observation_type"":""derived"",""signal_type"":""native_product_integration_potential"",""source_field"":""candidate_metrics"",""source_reference"":""family.guy.reels"",""url"":""https://www.instagram.com/family.guy.reels/""}],""explanation"":""UGC=False, marketplace=False, commercial/PR=True, contact=False; 1/12 posts have independently observed native-integration evidence."",""max_score"":20.0,""name"":""native_product_integration_potential"",""score"":4.67},{""evidence"":[{""evidence_text"":""Short video share 1.000 × 15 = 15.00."",""observation_type"":""derived"",""signal_type"":""short_video_consistency"",""source_field"":""candidate_metrics"",""source_reference"":""family.guy.reels"",""url"":""https://www.instagram.com/family.guy.reels/""}],""explanation"":""Short video share 1.000 × 15 = 15.00."",""max_score"":15.0,""name"":""short_video_consistency"",""score"":15.0},{""evidence"":[{""evidence_text"":""Frozen Phase A percentile 0.151390 × 15 = 2.27 raw; × completeness 12/12 (1.000000) = 2.27 adjusted."",""observation_type"":""derived"",""signal_type"":""engagement"",""source_field"":""candidate_metrics"",""source_reference"":""family.guy.reels"",""url"":""https://www.instagram.com/family.guy.reels/""}],""explanation"":""Frozen Phase A percentile 0.151390 × 15 = 2.27 raw; × completeness 12/12 (1.000000) = 2.27 adjusted."",""max_score"":15.0,""name"":""engagement"",""score"":2.27},{""evidence"":[{""evidence_text"":""Matched explicit term: ambassador"",""observation_type"":""direct"",""signal_type"":""commercial_pr"",""source_field"":""biography"",""source_reference"":""profile"",""url"":""https://www.instagram.com/family.guy.reels/""},{""evidence_text"":""Matched explicit term: ambassador"",""observation_type"":""direct"",""signal_type"":""commercial_pr"",""source_field"":""recent_posts.caption"",""source_reference"":""3256422303489392395"",""url"":""https://www.instagram.com/p/C0xItTuJP8L/""},{""evidence_text"":""Matched explicit term: ambassador"",""observation_type"":""direct"",""signal_type"":""commercial_pr"",""source_field"":""recent_posts.hashtags"",""source_reference"":""3256422303489392395"",""url"":""https://www.instagram.com/p/C0xItTuJP8L/""},{""evidence_text"":""2.0/5 for large audience (150k–300k); commercial/PR=True (+2), UGC=False (+2), marketplace=False (+1)."",""observation_type"":""derived"",""signal_type"":""barter_feasibility"",""source_field"":""candidate_metrics"",""source_reference"":""family.guy.reels"",""url"":""https://www.instagram.com/family.guy.reels/""}],""explanation"":""2.0/5 for large audience (150k–300k); commercial/PR=True (+2), UGC=False (+2), marketplace=False (+1)."",""max_score"":10.0,""name"":""barter_feasibility"",""score"":4.0},{""evidence"":[{""evidence_text"":""6.00/6 recency + 0.16/4 posting frequency."",""observation_type"":""derived"",""signal_type"":""recent_activity"",""source_field"":""candidate_metrics"",""source_reference"":""family.guy.reels"",""url"":""https://www.instagram.com/family.guy.reels/""}],""explanation"":""6.00/6 recency + 0.16/4 posting frequency."",""max_score"":10.0,""name"":""recent_activity"",""score"":6.16}]","Rank 23 of 30 eligible candidates: score 36.64/100, discovery confidence 0.733, data completeness 1.000, engagement rate 0.220%.","[{""evidence_text"":""Matched explicit term: ambassador"",""observation_type"":""direct"",""signal_type"":""commercial_pr"",""source_field"":""biography"",""source_reference"":""profile"",""url"":""https://www.instagram.com/family.guy.reels/""},{""evidence_text"":""Matched explicit term: ambassador"",""observation_type"":""direct"",""signal_type"":""commercial_pr"",""source_field"":""recent_posts.caption"",""source_reference"":""3256422303489392395"",""url"":""https://www.instagram.com/p/C0xItTuJP8L/""},{""evidence_text"":""Matched explicit term: ambassador"",""observation_type"":""direct"",""signal_type"":""commercial_pr"",""source_field"":""recent_posts.hashtags"",""source_reference"":""3256422303489392395"",""url"":""https://www.instagram.com/p/C0xItTuJP8L/""},{""evidence_text"":""Observed structured account mention(s): family.guy.reels, ComedyClubFOX, AniDom, FoxTV"",""observation_type"":""direct"",""signal_type"":""native_product_integration"",""source_field"":""recent_posts.mentions"",""source_reference"":""3256422303489392395"",""url"":""https://www.instagram.com/p/C0xItTuJP8L/""},{""evidence_text"":""0.40×provider identity (1.000) + 0.20×multi-query support (0.333; 1 distinct queries, full credit at 3) + 0.20×profile/post link verification (1.000) + 0.20×query relevance (0.333; 1 directly evidenced target dimensions) = 0.733."",""observation_type"":""derived"",""signal_type"":""discovery_confidence"",""source_field"":""provider_and_discovery"",""source_reference"":""family.guy.reels"",""url"":""https://www.instagram.com/family.guy.reels/""},{""evidence_text"":""Caption-derived topic excerpt used: 🤣😭 THIS ONE GOT ME CRYING 😭🤣 EPISODE HUNT 🎬 First person to name the episode + season gets PINNED 📌 Drop your…"",""observation_type"":""direct"",""signal_type"":""offer_personalization"",""source_field"":""recent_posts.caption"",""source_reference"":""3951332006772062283"",""url"":""https://www.instagram.com/p/DbV84ZtR7hL/""},{""evidence_text"":""Observed profile name used in greeting: Family Guy and Memes"",""observation_type"":""direct"",""signal_type"":""offer_greeting"",""source_field"":""full_name"",""source_reference"":""profile"",""url"":""https://www.instagram.com/family.guy.reels/""}]",https://www.instagram.com/p/DbV84ZtR7hL/,"Здравствуйте, Family Guy and Memes!

Увидели вашу недавнюю публикацию «🤣😭 THIS ONE GOT ME CRYING 😭🤣 EPISODE HUNT 🎬 First person to name the episode + season gets PINNED 📌 Drop your…»: https://www.instagram.com/p/DbV84ZtR7hL/
Нам кажется, такой формат контента может естественно сочетаться с категорией «женская одежда».

Мы — LD Latte. Хотим предложить для обсуждения товар бренда в обмен на согласованный контент: товар из новой коллекции LD Latte. Если идея вам интересна, возможный формат — Reels или нативный обзор; детали и творческую подачу согласуем вместе.

Будем рады обсудить предложение, если оно вам подходит; никаких обязательств до согласования условий нет.

[Черновик: требуется ручная проверка и одобрение перед использованием.]",pending,,0.733333,eligible,[],"[""reels_integrations_01""]",apify,2026-07-28T19:11:52.795572+00:00,deterministic_template,"clear: no Phase A username, URL, historical alias, replacement, rejected false lead, Nike, or Apple match"
instagram,beauty_newnew,https://www.instagram.com/beauty_newnew/,769642,4449.0,347.5,0.6300331842596948,12,12,1.0,0.5833333333333334,2026-07-19T17:01:59+00:00,36.21,"[{""evidence"":[{""evidence_text"":""Matched explicit term: life"",""observation_type"":""direct"",""signal_type"":""lifestyle"",""source_field"":""recent_posts.caption"",""source_reference"":""3915406335512737137"",""url"":""https://www.instagram.com/p/DZWUVFDjPVx/""},{""evidence_text"":""4.00/24 topical + 4.00/5 format readiness + 0.96/1 Nike/Apple format alignment."",""observation_type"":""derived"",""signal_type"":""content_and_aesthetic_fit"",""source_field"":""candidate_metrics"",""source_reference"":""beauty_newnew"",""url"":""https://www.instagram.com/beauty_newnew/""}],""explanation"":""4.00/24 topical + 4.00/5 format readiness + 0.96/1 Nike/Apple format alignment."",""max_score"":30.0,""name"":""content_and_aesthetic_fit"",""score"":8.96},{""evidence"":[{""evidence_text"":""Observed structured account mention(s): thegoddessofknotless"",""observation_type"":""direct"",""signal_type"":""native_product_integration"",""source_field"":""recent_posts.mentions"",""source_reference"":""3941433888597618897"",""url"":""https://www.instagram.com/p/DayyT0zjDDR/""},{""evidence_text"":""Observed tagged account(s): allrevivehealthandwellness"",""observation_type"":""direct"",""signal_type"":""native_product_integration"",""source_field"":""recent_posts.tagged_usernames"",""source_reference"":""3917499860985730608"",""url"":""https://www.instagram.com/p/DZdwV4lslYw/""},{""evidence_text"":""UGC=False, marketplace=False, commercial/PR=False, contact=False; 2/12 posts have independently observed native-integration evidence."",""observation_type"":""derived"",""signal_type"":""native_product_integration_potential"",""source_field"":""candidate_metrics"",""source_reference"":""beauty_newnew"",""url"":""https://www.instagram.com/beauty_newnew/""}],""explanation"":""UGC=False, marketplace=False, commercial/PR=False, contact=False; 2/12 posts have independently observed native-integration evidence."",""max_score"":20.0,""name"":""native_product_integration_potential"",""score"":1.33},{""evidence"":[{""evidence_text"":""Short video share 0.583 × 15 = 8.75."",""observation_type"":""derived"",""signal_type"":""short_video_consistency"",""source_field"":""candidate_metrics"",""source_reference"":""beauty_newnew"",""url"":""https://www.instagram.com/beauty_newnew/""}],""explanation"":""Short video share 0.583 × 15 = 8.75."",""max_score"":15.0,""name"":""short_video_consistency"",""score"":8.75},{""evidence"":[{""evidence_text"":""Frozen Phase A percentile 0.491669 × 15 = 7.38 raw; × completeness 12/12 (1.000000) = 7.38 adjusted."",""observation_type"":""derived"",""signal_type"":""engagement"",""source_field"":""candidate_metrics"",""source_reference"":""beauty_newnew"",""url"":""https://www.instagram.com/beauty_newnew/""}],""explanation"":""Frozen Phase A percentile 0.491669 × 15 = 7.38 raw; × completeness 12/12 (1.000000) = 7.38 adjusted."",""max_score"":15.0,""name"":""engagement"",""score"":7.38},{""evidence"":[{""evidence_text"":""1.0/5 for very large audience (>300k); commercial/PR=False (+2), UGC=False (+2), marketplace=False (+1)."",""observation_type"":""derived"",""signal_type"":""barter_feasibility"",""source_field"":""candidate_metrics"",""source_reference"":""beauty_newnew"",""url"":""https://www.instagram.com/beauty_newnew/""}],""explanation"":""1.0/5 for very large audience (>300k); commercial/PR=False (+2), UGC=False (+2), marketplace=False (+1)."",""max_score"":10.0,""name"":""barter_feasibility"",""score"":1.0},{""evidence"":[{""evidence_text"":""5.00/6 recency + 3.79/4 posting frequency."",""observation_type"":""derived"",""signal_type"":""recent_activity"",""source_field"":""candidate_metrics"",""source_reference"":""beauty_newnew"",""url"":""https://www.instagram.com/beauty_newnew/""}],""explanation"":""5.00/6 recency + 3.79/4 posting frequency."",""max_score"":10.0,""name"":""recent_activity"",""score"":8.79}]","Rank 24 of 30 eligible candidates: score 36.21/100, discovery confidence 0.800, data completeness 1.000, engagement rate 0.630%.","[{""evidence_text"":""Matched explicit term: life"",""observation_type"":""direct"",""signal_type"":""lifestyle"",""source_field"":""recent_posts.caption"",""source_reference"":""3915406335512737137"",""url"":""https://www.instagram.com/p/DZWUVFDjPVx/""},{""evidence_text"":""Observed structured account mention(s): thegoddessofknotless"",""observation_type"":""direct"",""signal_type"":""native_product_integration"",""source_field"":""recent_posts.mentions"",""source_reference"":""3941433888597618897"",""url"":""https://www.instagram.com/p/DayyT0zjDDR/""},{""evidence_text"":""Observed tagged account(s): allrevivehealthandwellness"",""observation_type"":""direct"",""signal_type"":""native_product_integration"",""source_field"":""recent_posts.tagged_usernames"",""source_reference"":""3917499860985730608"",""url"":""https://www.instagram.com/p/DZdwV4lslYw/""},{""evidence_text"":""0.40×provider identity (1.000) + 0.20×multi-query support (0.333; 1 distinct queries, full credit at 3) + 0.20×profile/post link verification (1.000) + 0.20×query relevance (0.667; 2 directly evidenced target dimensions) = 0.800."",""observation_type"":""derived"",""signal_type"":""discovery_confidence"",""source_field"":""provider_and_discovery"",""source_reference"":""beauty_newnew"",""url"":""https://www.instagram.com/beauty_newnew/""},{""evidence_text"":""Caption-derived topic excerpt used: Main character energy #fyp #explore Braids: @thegoddessofknotless ❤️❤️"",""observation_type"":""direct"",""signal_type"":""offer_personalization"",""source_field"":""recent_posts.caption"",""source_reference"":""3941433888597618897"",""url"":""https://www.instagram.com/p/DayyT0zjDDR/""},{""evidence_text"":""Observed profile name used in greeting: Malinda weekly"",""observation_type"":""direct"",""signal_type"":""offer_greeting"",""source_field"":""full_name"",""source_reference"":""profile"",""url"":""https://www.instagram.com/beauty_newnew/""}]",https://www.instagram.com/p/DayyT0zjDDR/,"Здравствуйте, Malinda weekly!

Увидели вашу недавнюю публикацию «Main character energy #fyp #explore Braids: @thegoddessofknotless ❤️❤️»: https://www.instagram.com/p/DayyT0zjDDR/
Нам кажется, такой формат контента может естественно сочетаться с категорией «женская одежда».

Мы — LD Latte. Хотим предложить для обсуждения товар бренда в обмен на согласованный контент: товар из новой коллекции LD Latte. Если идея вам интересна, возможный формат — Reels или нативный обзор; детали и творческую подачу согласуем вместе.

Будем рады обсудить предложение, если оно вам подходит; никаких обязательств до согласования условий нет.

[Черновик: требуется ручная проверка и одобрение перед использованием.]",pending,,0.8,eligible,[],"[""beauty_lifestyle_01""]",apify,2026-07-28T19:11:52.795572+00:00,deterministic_template,"clear: no Phase A username, URL, historical alias, replacement, rejected false lead, Nike, or Apple match"
instagram,beautybay,https://www.instagram.com/beautybay/,1837941,1013.5,18.5,0.07660746454864437,12,12,1.0,0.6666666666666666,2026-07-28T18:00:02+00:00,34.59,"[{""evidence"":[{""evidence_text"":""Matched explicit term: beauty"",""observation_type"":""direct"",""signal_type"":""beauty"",""source_field"":""full_name"",""source_reference"":""profile"",""url"":""https://www.instagram.com/beautybay/""},{""evidence_text"":""Matched explicit term: beauty"",""observation_type"":""direct"",""signal_type"":""beauty"",""source_field"":""recent_posts.caption"",""source_reference"":""3950688866271585049"",""url"":""https://www.instagram.com/p/DbTqpecNWMZ/""},{""evidence_text"":""Matched explicit term: beauty"",""observation_type"":""direct"",""signal_type"":""beauty"",""source_field"":""recent_posts.hashtags"",""source_reference"":""3950688866271585049"",""url"":""https://www.instagram.com/p/DbTqpecNWMZ/""},{""evidence_text"":""Matched explicit term: beauty"",""observation_type"":""direct"",""signal_type"":""beauty"",""source_field"":""recent_posts.caption"",""source_reference"":""3947792490449686306"",""url"":""https://www.instagram.com/p/DbJYFqQNU8i/""},{""evidence_text"":""Matched explicit term: beauty"",""observation_type"":""direct"",""signal_type"":""beauty"",""source_field"":""recent_posts.hashtags"",""source_reference"":""3947792490449686306"",""url"":""https://www.instagram.com/p/DbJYFqQNU8i/""},{""evidence_text"":""Matched explicit term: beauty"",""observation_type"":""direct"",""signal_type"":""beauty"",""source_field"":""recent_posts.caption"",""source_reference"":""3941852093624841091"",""url"":""https://www.instagram.com/p/Da0RZglo3OD/""},{""evidence_text"":""Matched explicit term: skin"",""observation_type"":""direct"",""signal_type"":""beauty"",""source_field"":""recent_posts.caption"",""source_reference"":""3941852093624841091"",""url"":""https://www.instagram.com/p/Da0RZglo3OD/""},{""evidence_text"":""Matched explicit term: beauty"",""observation_type"":""direct"",""signal_type"":""beauty"",""source_field"":""recent_posts.caption"",""source_reference"":""3936918306307746625"",""url"":""https://www.instagram.com/p/DaivldFNKtB/""},{""evidence_text"":""Matched explicit term: beauty"",""observation_type"":""direct"",""signal_type"":""beauty"",""source_field"":""recent_posts.hashtags"",""source_reference"":""3936918306307746625"",""url"":""https://www.instagram.com/p/DaivldFNKtB/""},{""evidence_text"":""5.00/24 topical + 4.00/5 format readiness + 0.88/1 Nike/Apple format alignment."",""observation_type"":""derived"",""signal_type"":""content_and_aesthetic_fit"",""source_field"":""candidate_metrics"",""source_reference"":""beautybay"",""url"":""https://www.instagram.com/beautybay/""}],""explanation"":""5.00/24 topical + 4.00/5 format readiness + 0.88/1 Nike/Apple format alignment."",""max_score"":30.0,""name"":""content_and_aesthetic_fit"",""score"":9.88},{""evidence"":[{""evidence_text"":""Observed structured account mention(s): poppymarchh, roseinc"",""observation_type"":""direct"",""signal_type"":""native_product_integration"",""source_field"":""recent_posts.mentions"",""source_reference"":""3950688866271585049"",""url"":""https://www.instagram.com/p/DbTqpecNWMZ/""},{""evidence_text"":""Observed structured account mention(s): wendysworld_xox"",""observation_type"":""direct"",""signal_type"":""native_product_integration"",""source_field"":""recent_posts.mentions"",""source_reference"":""3947792490449686306"",""url"":""https://www.instagram.com/p/DbJYFqQNU8i/""},{""evidence_text"":""Observed structured account mention(s): danessamyricks_europe"",""observation_type"":""direct"",""signal_type"":""native_product_integration"",""source_field"":""recent_posts.mentions"",""source_reference"":""3942703537103058900"",""url"":""https://www.instagram.com/p/Da3S_pHtDfU/""},{""evidence_text"":""Observed structured account mention(s): beautypro, beautybay"",""observation_type"":""direct"",""signal_type"":""native_product_integration"",""source_field"":""recent_posts.mentions"",""source_reference"":""3941852093624841091"",""url"":""https://www.instagram.com/p/Da0RZglo3OD/""},{""evidence_text"":""Observed tagged account(s): nanahenebengartistry, crisstina.boboc, chiara.dessi_makeup, aayila.beauty, dariia.makeup, livaaao_, eeevvvvuse"",""observation_type"":""direct"",""signal_type"":""native_product_integration"",""source_field"":""recent_posts.tagged_usernames"",""source_reference"":""3940542070942911284"",""url"":""https://www.instagram.com/p/DavniK5CMs0/""},{""evidence_text"":""UGC=False, marketplace=False, commercial/PR=False, contact=False; 5/12 posts have independently observed native-integration evidence."",""observation_type"":""derived"",""signal_type"":""native_product_integration_potential"",""source_field"":""candidate_metrics"",""source_reference"":""beautybay"",""url"":""https://www.instagram.com/beautybay/""}],""explanation"":""UGC=False, marketplace=False, commercial/PR=False, contact=False; 5/12 posts have independently observed native-integration evidence."",""max_score"":20.0,""name"":""native_product_integration_potential"",""score"":3.33},{""evidence"":[{""evidence_text"":""Short video share 0.667 × 15 = 10.00."",""observation_type"":""derived"",""signal_type"":""short_video_consistency"",""source_field"":""candidate_metrics"",""source_reference"":""beautybay"",""url"":""https://www.instagram.com/beautybay/""}],""explanation"":""Short video share 0.667 × 15 = 10.00."",""max_score"":15.0,""name"":""short_video_consistency"",""score"":10.0},{""evidence"":[{""evidence_text"":""Frozen Phase A percentile 0.025220 × 15 = 0.38 raw; × completeness 12/12 (1.000000) = 0.38 adjusted."",""observation_type"":""derived"",""signal_type"":""engagement"",""source_field"":""candidate_metrics"",""source_reference"":""beautybay"",""url"":""https://www.instagram.com/beautybay/""}],""explanation"":""Frozen Phase A percentile 0.025220 × 15 = 0.38 raw; × completeness 12/12 (1.000000) = 0.38 adjusted."",""max_score"":15.0,""name"":""engagement"",""score"":0.38},{""evidence"":[{""evidence_text"":""1.0/5 for very large audience (>300k); commercial/PR=False (+2), UGC=False (+2), marketplace=False (+1)."",""observation_type"":""derived"",""signal_type"":""barter_feasibility"",""source_field"":""candidate_metrics"",""source_reference"":""beautybay"",""url"":""https://www.instagram.com/beautybay/""}],""explanation"":""1.0/5 for very large audience (>300k); commercial/PR=False (+2), UGC=False (+2), marketplace=False (+1)."",""max_score"":10.0,""name"":""barter_feasibility"",""score"":1.0},{""evidence"":[{""evidence_text"":""6.00/6 recency + 4.00/4 posting frequency."",""observation_type"":""derived"",""signal_type"":""recent_activity"",""source_field"":""candidate_metrics"",""source_reference"":""beautybay"",""url"":""https://www.instagram.com/beautybay/""}],""explanation"":""6.00/6 recency + 4.00/4 posting frequency."",""max_score"":10.0,""name"":""recent_activity"",""score"":10.0}]","Rank 25 of 30 eligible candidates: score 34.59/100, discovery confidence 0.800, data completeness 1.000, engagement rate 0.077%.","[{""evidence_text"":""Matched explicit term: beauty"",""observation_type"":""direct"",""signal_type"":""beauty"",""source_field"":""full_name"",""source_reference"":""profile"",""url"":""https://www.instagram.com/beautybay/""},{""evidence_text"":""Matched explicit term: beauty"",""observation_type"":""direct"",""signal_type"":""beauty"",""source_field"":""recent_posts.caption"",""source_reference"":""3950688866271585049"",""url"":""https://www.instagram.com/p/DbTqpecNWMZ/""},{""evidence_text"":""Matched explicit term: beauty"",""observation_type"":""direct"",""signal_type"":""beauty"",""source_field"":""recent_posts.hashtags"",""source_reference"":""3950688866271585049"",""url"":""https://www.instagram.com/p/DbTqpecNWMZ/""},{""evidence_text"":""Matched explicit term: beauty"",""observation_type"":""direct"",""signal_type"":""beauty"",""source_field"":""recent_posts.caption"",""source_reference"":""3947792490449686306"",""url"":""https://www.instagram.com/p/DbJYFqQNU8i/""},{""evidence_text"":""Matched explicit term: beauty"",""observation_type"":""direct"",""signal_type"":""beauty"",""source_field"":""recent_posts.hashtags"",""source_reference"":""3947792490449686306"",""url"":""https://www.instagram.com/p/DbJYFqQNU8i/""},{""evidence_text"":""Matched explicit term: beauty"",""observation_type"":""direct"",""signal_type"":""beauty"",""source_field"":""recent_posts.caption"",""source_reference"":""3941852093624841091"",""url"":""https://www.instagram.com/p/Da0RZglo3OD/""},{""evidence_text"":""Matched explicit term: skin"",""observation_type"":""direct"",""signal_type"":""beauty"",""source_field"":""recent_posts.caption"",""source_reference"":""3941852093624841091"",""url"":""https://www.instagram.com/p/Da0RZglo3OD/""},{""evidence_text"":""Matched explicit term: beauty"",""observation_type"":""direct"",""signal_type"":""beauty"",""source_field"":""recent_posts.caption"",""source_reference"":""3936918306307746625"",""url"":""https://www.instagram.com/p/DaivldFNKtB/""},{""evidence_text"":""Matched explicit term: beauty"",""observation_type"":""direct"",""signal_type"":""beauty"",""source_field"":""recent_posts.hashtags"",""source_reference"":""3936918306307746625"",""url"":""https://www.instagram.com/p/DaivldFNKtB/""},{""evidence_text"":""Observed structured account mention(s): poppymarchh, roseinc"",""observation_type"":""direct"",""signal_type"":""native_product_integration"",""source_field"":""recent_posts.mentions"",""source_reference"":""3950688866271585049"",""url"":""https://www.instagram.com/p/DbTqpecNWMZ/""},{""evidence_text"":""Observed structured account mention(s): wendysworld_xox"",""observation_type"":""direct"",""signal_type"":""native_product_integration"",""source_field"":""recent_posts.mentions"",""source_reference"":""3947792490449686306"",""url"":""https://www.instagram.com/p/DbJYFqQNU8i/""},{""evidence_text"":""Observed structured account mention(s): danessamyricks_europe"",""observation_type"":""direct"",""signal_type"":""native_product_integration"",""source_field"":""recent_posts.mentions"",""source_reference"":""3942703537103058900"",""url"":""https://www.instagram.com/p/Da3S_pHtDfU/""},{""evidence_text"":""Observed structured account mention(s): beautypro, beautybay"",""observation_type"":""direct"",""signal_type"":""native_product_integration"",""source_field"":""recent_posts.mentions"",""source_reference"":""3941852093624841091"",""url"":""https://www.instagram.com/p/Da0RZglo3OD/""},{""evidence_text"":""Observed tagged account(s): nanahenebengartistry, crisstina.boboc, chiara.dessi_makeup, aayila.beauty, dariia.makeup, livaaao_, eeevvvvuse"",""observation_type"":""direct"",""signal_type"":""native_product_integration"",""source_field"":""recent_posts.tagged_usernames"",""source_reference"":""3940542070942911284"",""url"":""https://www.instagram.com/p/DavniK5CMs0/""},{""evidence_text"":""0.40×provider identity (1.000) + 0.20×multi-query support (0.333; 1 distinct queries, full credit at 3) + 0.20×profile/post link verification (1.000) + 0.20×query relevance (0.667; 2 directly evidenced target dimensions) = 0.800."",""observation_type"":""derived"",""signal_type"":""discovery_confidence"",""source_field"":""provider_and_discovery"",""source_reference"":""beautybay"",""url"":""https://www.instagram.com/beautybay/""},{""evidence_text"":""Caption-derived topic excerpt used: Soft glam, hard launch 💅🏼 @poppymarchh ✨ Haul @roseinc at #BEAUTYBAY now 🛒"",""observation_type"":""direct"",""signal_type"":""offer_personalization"",""source_field"":""recent_posts.caption"",""source_reference"":""3950688866271585049"",""url"":""https://www.instagram.com/p/DbTqpecNWMZ/""},{""evidence_text"":""Observed profile name used in greeting: BEAUTY BAY"",""observation_type"":""direct"",""signal_type"":""offer_greeting"",""source_field"":""full_name"",""source_reference"":""profile"",""url"":""https://www.instagram.com/beautybay/""}]",https://www.instagram.com/p/DbTqpecNWMZ/,"Здравствуйте, BEAUTY BAY!

Увидели вашу недавнюю публикацию «Soft glam, hard launch 💅🏼 @poppymarchh ✨ Haul @roseinc at #BEAUTYBAY now 🛒»: https://www.instagram.com/p/DbTqpecNWMZ/
Нам кажется, такой формат контента может естественно сочетаться с категорией «женская одежда».

Мы — LD Latte. Хотим предложить для обсуждения товар бренда в обмен на согласованный контент: товар из новой коллекции LD Latte. Если идея вам интересна, возможный формат — Reels или нативный обзор; детали и творческую подачу согласуем вместе.

Будем рады обсудить предложение, если оно вам подходит; никаких обязательств до согласования условий нет.

[Черновик: требуется ручная проверка и одобрение перед использованием.]",pending,,0.8,eligible,[],"[""beauty_lifestyle_01""]",apify,2026-07-28T19:11:52.795572+00:00,deterministic_template,"clear: no Phase A username, URL, historical alias, replacement, rejected false lead, Nike, or Apple match"
instagram,lover_reels_4k,https://www.instagram.com/lover_reels_4k/,404283,11.0,0.0,0.003091893549815352,12,12,1.0,1.0,2026-07-28T12:11:53+00:00,32.8,"[{""evidence"":[{""evidence_text"":""0.00/24 topical + 4.00/5 format readiness + 0.54/1 Nike/Apple format alignment."",""observation_type"":""derived"",""signal_type"":""content_and_aesthetic_fit"",""source_field"":""candidate_metrics"",""source_reference"":""lover_reels_4k"",""url"":""https://www.instagram.com/lover_reels_4k/""}],""explanation"":""0.00/24 topical + 4.00/5 format readiness + 0.54/1 Nike/Apple format alignment."",""max_score"":30.0,""name"":""content_and_aesthetic_fit"",""score"":4.54},{""evidence"":[{""evidence_text"":""Observed contact URL: https://whatsapp.com/channel/0029Va4qr7q2ER6eEgggjC1A"",""observation_type"":""direct"",""signal_type"":""contact"",""source_field"":""external_urls"",""source_reference"":""profile"",""url"":""https://whatsapp.com/channel/0029Va4qr7q2ER6eEgggjC1A""},{""evidence_text"":""Observed structured account mention(s): aman___buttar"",""observation_type"":""direct"",""signal_type"":""native_product_integration"",""source_field"":""recent_posts.mentions"",""source_reference"":""3951207802054449385"",""url"":""https://www.instagram.com/p/DbVgo_DNRjp/""},{""evidence_text"":""Observed tagged account(s): lover_reels_4k"",""observation_type"":""direct"",""signal_type"":""native_product_integration"",""source_field"":""recent_posts.tagged_usernames"",""source_reference"":""3951207802054449385"",""url"":""https://www.instagram.com/p/DbVgo_DNRjp/""},{""evidence_text"":""Observed tagged account(s): lover_reels_4k"",""observation_type"":""direct"",""signal_type"":""native_product_integration"",""source_field"":""recent_posts.tagged_usernames"",""source_reference"":""3951073474998900500"",""url"":""https://www.instagram.com/p/DbVCGROxxcU/""},{""evidence_text"":""Observed tagged account(s): lover_reels_4k"",""observation_type"":""direct"",""signal_type"":""native_product_integration"",""source_field"":""recent_posts.tagged_usernames"",""source_reference"":""3951063853747925541"",""url"":""https://www.instagram.com/p/DbU_6Qvh_Il/""},{""evidence_text"":""Observed structured account mention(s): sajanjagpalpuria, yh__media_"",""observation_type"":""direct"",""signal_type"":""native_product_integration"",""source_field"":""recent_posts.mentions"",""source_reference"":""3949567190269088635"",""url"":""https://www.instagram.com/p/DbPrm8QhtN7/""},{""evidence_text"":""Observed tagged account(s): lover_reels_4k"",""observation_type"":""direct"",""signal_type"":""native_product_integration"",""source_field"":""recent_posts.tagged_usernames"",""source_reference"":""3949567190269088635"",""url"":""https://www.instagram.com/p/DbPrm8QhtN7/""},{""evidence_text"":""Observed structured account mention(s): x__romeo_know_"",""observation_type"":""direct"",""signal_type"":""native_product_integration"",""source_field"":""recent_posts.mentions"",""source_reference"":""3949553536714191100"",""url"":""https://www.instagram.com/p/DbPogQZPLD8/""},{""evidence_text"":""Observed structured account mention(s): harvysandhu"",""observation_type"":""direct"",""signal_type"":""native_product_integration"",""source_field"":""recent_posts.mentions"",""source_reference"":""3948186679130958112"",""url"":""https://www.instagram.com/p/DbKxt3Eh6kg/""},{""evidence_text"":""Observed tagged account(s): lover_reels_4k"",""observation_type"":""direct"",""signal_type"":""native_product_integration"",""source_field"":""recent_posts.tagged_usernames"",""source_reference"":""3948186679130958112"",""url"":""https://www.instagram.com/p/DbKxt3Eh6kg/""},{""evidence_text"":""UGC=False, marketplace=False, commercial/PR=False, contact=True; 6/12 posts have independently observed native-integration evidence."",""observation_type"":""derived"",""signal_type"":""native_product_integration_potential"",""source_field"":""candidate_metrics"",""source_reference"":""lover_reels_4k"",""url"":""https://www.instagram.com/lover_reels_4k/""}],""explanation"":""UGC=False, marketplace=False, commercial/PR=False, contact=True; 6/12 posts have independently observed native-integration evidence."",""max_score"":20.0,""name"":""native_product_integration_potential"",""score"":6.0},{""evidence"":[{""evidence_text"":""Short video share 1.000 × 15 = 15.00."",""observation_type"":""derived"",""signal_type"":""short_video_consistency"",""source_field"":""candidate_metrics"",""source_reference"":""lover_reels_4k"",""url"":""https://www.instagram.com/lover_reels_4k/""}],""explanation"":""Short video share 1.000 × 15 = 15.00."",""max_score"":15.0,""name"":""short_video_consistency"",""score"":15.0},{""evidence"":[{""evidence_text"":""Frozen Phase A percentile 0.000000 × 15 = 0.00 raw; × completeness 12/12 (1.000000) = 0.00 adjusted."",""observation_type"":""derived"",""signal_type"":""engagement"",""source_field"":""candidate_metrics"",""source_reference"":""lover_reels_4k"",""url"":""https://www.instagram.com/lover_reels_4k/""}],""explanation"":""Frozen Phase A percentile 0.000000 × 15 = 0.00 raw; × completeness 12/12 (1.000000) = 0.00 adjusted."",""max_score"":15.0,""name"":""engagement"",""score"":0.0},{""evidence"":[{""evidence_text"":""1.0/5 for very large audience (>300k); commercial/PR=False (+2), UGC=False (+2), marketplace=False (+1)."",""observation_type"":""derived"",""signal_type"":""barter_feasibility"",""source_field"":""candidate_metrics"",""source_reference"":""lover_reels_4k"",""url"":""https://www.instagram.com/lover_reels_4k/""}],""explanation"":""1.0/5 for very large audience (>300k); commercial/PR=False (+2), UGC=False (+2), marketplace=False (+1)."",""max_score"":10.0,""name"":""barter_feasibility"",""score"":1.0},{""evidence"":[{""evidence_text"":""6.00/6 recency + 0.26/4 posting frequency."",""observation_type"":""derived"",""signal_type"":""recent_activity"",""source_field"":""candidate_metrics"",""source_reference"":""lover_reels_4k"",""url"":""https://www.instagram.com/lover_reels_4k/""}],""explanation"":""6.00/6 recency + 0.26/4 posting frequency."",""max_score"":10.0,""name"":""recent_activity"",""score"":6.26}]","Rank 26 of 30 eligible candidates: score 32.80/100, discovery confidence 0.733, data completeness 1.000, engagement rate 0.003%.","[{""evidence_text"":""Observed contact URL: https://whatsapp.com/channel/0029Va4qr7q2ER6eEgggjC1A"",""observation_type"":""direct"",""signal_type"":""contact"",""source_field"":""external_urls"",""source_reference"":""profile"",""url"":""https://whatsapp.com/channel/0029Va4qr7q2ER6eEgggjC1A""},{""evidence_text"":""Observed structured account mention(s): aman___buttar"",""observation_type"":""direct"",""signal_type"":""native_product_integration"",""source_field"":""recent_posts.mentions"",""source_reference"":""3951207802054449385"",""url"":""https://www.instagram.com/p/DbVgo_DNRjp/""},{""evidence_text"":""Observed tagged account(s): lover_reels_4k"",""observation_type"":""direct"",""signal_type"":""native_product_integration"",""source_field"":""recent_posts.tagged_usernames"",""source_reference"":""3951207802054449385"",""url"":""https://www.instagram.com/p/DbVgo_DNRjp/""},{""evidence_text"":""Observed tagged account(s): lover_reels_4k"",""observation_type"":""direct"",""signal_type"":""native_product_integration"",""source_field"":""recent_posts.tagged_usernames"",""source_reference"":""3951073474998900500"",""url"":""https://www.instagram.com/p/DbVCGROxxcU/""},{""evidence_text"":""Observed tagged account(s): lover_reels_4k"",""observation_type"":""direct"",""signal_type"":""native_product_integration"",""source_field"":""recent_posts.tagged_usernames"",""source_reference"":""3951063853747925541"",""url"":""https://www.instagram.com/p/DbU_6Qvh_Il/""},{""evidence_text"":""Observed structured account mention(s): sajanjagpalpuria, yh__media_"",""observation_type"":""direct"",""signal_type"":""native_product_integration"",""source_field"":""recent_posts.mentions"",""source_reference"":""3949567190269088635"",""url"":""https://www.instagram.com/p/DbPrm8QhtN7/""},{""evidence_text"":""Observed tagged account(s): lover_reels_4k"",""observation_type"":""direct"",""signal_type"":""native_product_integration"",""source_field"":""recent_posts.tagged_usernames"",""source_reference"":""3949567190269088635"",""url"":""https://www.instagram.com/p/DbPrm8QhtN7/""},{""evidence_text"":""Observed structured account mention(s): x__romeo_know_"",""observation_type"":""direct"",""signal_type"":""native_product_integration"",""source_field"":""recent_posts.mentions"",""source_reference"":""3949553536714191100"",""url"":""https://www.instagram.com/p/DbPogQZPLD8/""},{""evidence_text"":""Observed structured account mention(s): harvysandhu"",""observation_type"":""direct"",""signal_type"":""native_product_integration"",""source_field"":""recent_posts.mentions"",""source_reference"":""3948186679130958112"",""url"":""https://www.instagram.com/p/DbKxt3Eh6kg/""},{""evidence_text"":""Observed tagged account(s): lover_reels_4k"",""observation_type"":""direct"",""signal_type"":""native_product_integration"",""source_field"":""recent_posts.tagged_usernames"",""source_reference"":""3948186679130958112"",""url"":""https://www.instagram.com/p/DbKxt3Eh6kg/""},{""evidence_text"":""0.40×provider identity (1.000) + 0.20×multi-query support (0.333; 1 distinct queries, full credit at 3) + 0.20×profile/post link verification (1.000) + 0.20×query relevance (0.333; 1 directly evidenced target dimensions) = 0.733."",""observation_type"":""derived"",""signal_type"":""discovery_confidence"",""source_field"":""provider_and_discovery"",""source_reference"":""lover_reels_4k"",""url"":""https://www.instagram.com/lover_reels_4k/""},{""evidence_text"":""Caption-derived topic excerpt used: ਅਣਖੀ ਦਲੇਰ ਨਹੀਓ ਰੰਨਾਂ ਤੱਕਦੇ 💯💪🏻… . . . @aman___buttar #trendingreels #instagood #punjabisongs #newsong"",""observation_type"":""direct"",""signal_type"":""offer_personalization"",""source_field"":""recent_posts.caption"",""source_reference"":""3951207802054449385"",""url"":""https://www.instagram.com/p/DbVgo_DNRjp/""},{""evidence_text"":""Observed profile name used in greeting: Ramu"",""observation_type"":""direct"",""signal_type"":""offer_greeting"",""source_field"":""full_name"",""source_reference"":""profile"",""url"":""https://www.instagram.com/lover_reels_4k/""}]",https://www.instagram.com/p/DbVgo_DNRjp/,"Здравствуйте, Ramu!

Увидели вашу недавнюю публикацию «ਅਣਖੀ ਦਲੇਰ ਨਹੀਓ ਰੰਨਾਂ ਤੱਕਦੇ 💯💪🏻… . . . @aman___buttar #trendingreels #instagood #punjabisongs #newsong»: https://www.instagram.com/p/DbVgo_DNRjp/
Нам кажется, такой формат контента может естественно сочетаться с категорией «женская одежда».

Мы — LD Latte. Хотим предложить для обсуждения товар бренда в обмен на согласованный контент: товар из новой коллекции LD Latte. Если идея вам интересна, возможный формат — Reels или нативный обзор; детали и творческую подачу согласуем вместе.

Будем рады обсудить предложение, если оно вам подходит; никаких обязательств до согласования условий нет.

[Черновик: требуется ручная проверка и одобрение перед использованием.]",pending,,0.733333,eligible,[],"[""reels_integrations_01""]",apify,2026-07-28T19:11:52.795572+00:00,deterministic_template,"clear: no Phase A username, URL, historical alias, replacement, rejected false lead, Nike, or Apple match"
instagram,pn_creator_itz,https://www.instagram.com/pn_creator_itz/,81492,49.0,0.0,0.060128601580523244,12,12,1.0,0.9166666666666666,2026-07-27T01:41:43+00:00,32.06,"[{""evidence"":[{""evidence_text"":""0.00/24 topical + 4.00/5 format readiness + 0.62/1 Nike/Apple format alignment."",""observation_type"":""derived"",""signal_type"":""content_and_aesthetic_fit"",""source_field"":""candidate_metrics"",""source_reference"":""pn_creator_itz"",""url"":""https://www.instagram.com/pn_creator_itz/""}],""explanation"":""0.00/24 topical + 4.00/5 format readiness + 0.62/1 Nike/Apple format alignment."",""max_score"":30.0,""name"":""content_and_aesthetic_fit"",""score"":4.62},{""evidence"":[{""evidence_text"":""Observed structured account mention(s): pn_creator_itz"",""observation_type"":""direct"",""signal_type"":""native_product_integration"",""source_field"":""recent_posts.mentions"",""source_reference"":""3728135221850995914"",""url"":""https://www.instagram.com/p/DO8_ztVDPzK/""},{""evidence_text"":""Observed tagged account(s): pn_creator_itz, 8.59_.editor"",""observation_type"":""direct"",""signal_type"":""native_product_integration"",""source_field"":""recent_posts.tagged_usernames"",""source_reference"":""3728135221850995914"",""url"":""https://www.instagram.com/p/DO8_ztVDPzK/""},{""evidence_text"":""Observed structured account mention(s): pk_creator_itz"",""observation_type"":""direct"",""signal_type"":""native_product_integration"",""source_field"":""recent_posts.mentions"",""source_reference"":""3670590827925403705"",""url"":""https://www.instagram.com/p/DLwjukOTPg5/""},{""evidence_text"":""Observed tagged account(s): 8.59_.editor"",""observation_type"":""direct"",""signal_type"":""native_product_integration"",""source_field"":""recent_posts.tagged_usernames"",""source_reference"":""3670590827925403705"",""url"":""https://www.instagram.com/p/DLwjukOTPg5/""},{""evidence_text"":""Observed structured account mention(s): pn_creator_itz"",""observation_type"":""direct"",""signal_type"":""native_product_integration"",""source_field"":""recent_posts.mentions"",""source_reference"":""3950165816404720769"",""url"":""https://www.instagram.com/p/DbRzuGSsbyB/""},{""evidence_text"":""Observed tagged account(s): pn_creator_itz"",""observation_type"":""direct"",""signal_type"":""native_product_integration"",""source_field"":""recent_posts.tagged_usernames"",""source_reference"":""3950165816404720769"",""url"":""https://www.instagram.com/p/DbRzuGSsbyB/""},{""evidence_text"":""Observed structured account mention(s): pn_creator_itz"",""observation_type"":""direct"",""signal_type"":""native_product_integration"",""source_field"":""recent_posts.mentions"",""source_reference"":""3949802702731640559"",""url"":""https://www.instagram.com/p/DbQhKGVMn7v/""},{""evidence_text"":""Observed tagged account(s): pn_creator_itz"",""observation_type"":""direct"",""signal_type"":""native_product_integration"",""source_field"":""recent_posts.tagged_usernames"",""source_reference"":""3949802702731640559"",""url"":""https://www.instagram.com/p/DbQhKGVMn7v/""},{""evidence_text"":""Observed structured account mention(s): pn_creator_itz"",""observation_type"":""direct"",""signal_type"":""native_product_integration"",""source_field"":""recent_posts.mentions"",""source_reference"":""3949438685154212389"",""url"":""https://www.instagram.com/p/DbPOY8izXol/""},{""evidence_text"":""Observed tagged account(s): pn_creator_itz"",""observation_type"":""direct"",""signal_type"":""native_product_integration"",""source_field"":""recent_posts.tagged_usernames"",""source_reference"":""3949438685154212389"",""url"":""https://www.instagram.com/p/DbPOY8izXol/""},{""evidence_text"":""Observed structured account mention(s): pn_creator_itz"",""observation_type"":""direct"",""signal_type"":""native_product_integration"",""source_field"":""recent_posts.mentions"",""source_reference"":""3949074954379602532"",""url"":""https://www.instagram.com/p/DbN7r93MCpk/""},{""evidence_text"":""Observed tagged account(s): pn_creator_itz"",""observation_type"":""direct"",""signal_type"":""native_product_integration"",""source_field"":""recent_posts.tagged_usernames"",""source_reference"":""3949074954379602532"",""url"":""https://www.instagram.com/p/DbN7r93MCpk/""},{""evidence_text"":""Observed structured account mention(s): pn_creator_itz"",""observation_type"":""direct"",""signal_type"":""native_product_integration"",""source_field"":""recent_posts.mentions"",""source_reference"":""3948845146735555852"",""url"":""https://www.instagram.com/p/DbNHb00MrUM/""},{""evidence_text"":""Observed tagged account(s): pn_creator_itz"",""observation_type"":""direct"",""signal_type"":""native_product_integration"",""source_field"":""recent_posts.tagged_usernames"",""source_reference"":""3948845146735555852"",""url"":""https://www.instagram.com/p/DbNHb00MrUM/""},{""evidence_text"":""Observed structured account mention(s): pn_creator_itz"",""observation_type"":""direct"",""signal_type"":""native_product_integration"",""source_field"":""recent_posts.mentions"",""source_reference"":""3948350868770948243"",""url"":""https://www.instagram.com/p/DbLXDIlsoST/""},{""evidence_text"":""Observed tagged account(s): pn_creator_itz"",""observation_type"":""direct"",""signal_type"":""native_product_integration"",""source_field"":""recent_posts.tagged_usernames"",""source_reference"":""3948350868770948243"",""url"":""https://www.instagram.com/p/DbLXDIlsoST/""},{""evidence_text"":""Observed structured account mention(s): pn_creator_itz"",""observation_type"":""direct"",""signal_type"":""native_product_integration"",""source_field"":""recent_posts.mentions"",""source_reference"":""3947671562700765361"",""url"":""https://www.instagram.com/p/DbI8l7gsLix/""},{""evidence_text"":""Observed tagged account(s): pn_creator_itz"",""observation_type"":""direct"",""signal_type"":""native_product_integration"",""source_field"":""recent_posts.tagged_usernames"",""source_reference"":""3947671562700765361"",""url"":""https://www.instagram.com/p/DbI8l7gsLix/""},{""evidence_text"":""Observed structured account mention(s): pn_creator_itz"",""observation_type"":""direct"",""signal_type"":""native_product_integration"",""source_field"":""recent_posts.mentions"",""source_reference"":""3947336302419029043"",""url"":""https://www.instagram.com/p/DbHwXQCsKwz/""},{""evidence_text"":""Observed tagged account(s): pn_creator_itz"",""observation_type"":""direct"",""signal_type"":""native_product_integration"",""source_field"":""recent_posts.tagged_usernames"",""source_reference"":""3947336302419029043"",""url"":""https://www.instagram.com/p/DbHwXQCsKwz/""},{""evidence_text"":""Observed structured account mention(s): pn_creator_itz"",""observation_type"":""direct"",""signal_type"":""native_product_integration"",""source_field"":""recent_posts.mentions"",""source_reference"":""3946909388401231867"",""url"":""https://www.instagram.com/p/DbGPS1YT0f7/""},{""evidence_text"":""Observed tagged account(s): pn_creator_itz"",""observation_type"":""direct"",""signal_type"":""native_product_integration"",""source_field"":""recent_posts.tagged_usernames"",""source_reference"":""3946909388401231867"",""url"":""https://www.instagram.com/p/DbGPS1YT0f7/""},{""evidence_text"":""Observed structured account mention(s): pn_creator_itz"",""observation_type"":""direct"",""signal_type"":""native_product_integration"",""source_field"":""recent_posts.mentions"",""source_reference"":""3946479585963791966"",""url"":""https://www.instagram.com/p/DbEtkYqs9Ze/""},{""evidence_text"":""Observed tagged account(s): pn_creator_itz"",""observation_type"":""direct"",""signal_type"":""native_product_integration"",""source_field"":""recent_posts.tagged_usernames"",""source_reference"":""3946479585963791966"",""url"":""https://www.instagram.com/p/DbEtkYqs9Ze/""},{""evidence_text"":""UGC=False, marketplace=False, commercial/PR=False, contact=False; 12/12 posts have independently observed native-integration evidence."",""observation_type"":""derived"",""signal_type"":""native_product_integration_potential"",""source_field"":""candidate_metrics"",""source_reference"":""pn_creator_itz"",""url"":""https://www.instagram.com/pn_creator_itz/""}],""explanation"":""UGC=False, marketplace=False, commercial/PR=False, contact=False; 12/12 posts have independently observed native-integration evidence."",""max_score"":20.0,""name"":""native_product_integration_potential"",""score"":4.0},{""evidence"":[{""evidence_text"":""Short video share 0.917 × 15 = 13.75."",""observation_type"":""derived"",""signal_type"":""short_video_consistency"",""source_field"":""candidate_metrics"",""source_reference"":""pn_creator_itz"",""url"":""https://www.instagram.com/pn_creator_itz/""}],""explanation"":""Short video share 0.917 × 15 = 13.75."",""max_score"":15.0,""name"":""short_video_consistency"",""score"":13.75},{""evidence"":[{""evidence_text"":""Frozen Phase A percentile 0.019029 × 15 = 0.29 raw; × completeness 12/12 (1.000000) = 0.29 adjusted."",""observation_type"":""derived"",""signal_type"":""engagement"",""source_field"":""candidate_metrics"",""source_reference"":""pn_creator_itz"",""url"":""https://www.instagram.com/pn_creator_itz/""}],""explanation"":""Frozen Phase A percentile 0.019029 × 15 = 0.29 raw; × completeness 12/12 (1.000000) = 0.29 adjusted."",""max_score"":15.0,""name"":""engagement"",""score"":0.29},{""evidence"":[{""evidence_text"":""3.0/5 for mid-size audience (50k–150k); commercial/PR=False (+2), UGC=False (+2), marketplace=False (+1)."",""observation_type"":""derived"",""signal_type"":""barter_feasibility"",""source_field"":""candidate_metrics"",""source_reference"":""pn_creator_itz"",""url"":""https://www.instagram.com/pn_creator_itz/""}],""explanation"":""3.0/5 for mid-size audience (50k–150k); commercial/PR=False (+2), UGC=False (+2), marketplace=False (+1)."",""max_score"":10.0,""name"":""barter_feasibility"",""score"":3.0},{""evidence"":[{""evidence_text"":""6.00/6 recency + 0.40/4 posting frequency."",""observation_type"":""derived"",""signal_type"":""recent_activity"",""source_field"":""candidate_metrics"",""source_reference"":""pn_creator_itz"",""url"":""https://www.instagram.com/pn_creator_itz/""}],""explanation"":""6.00/6 recency + 0.40/4 posting frequency."",""max_score"":10.0,""name"":""recent_activity"",""score"":6.4}]","Rank 27 of 30 eligible candidates: score 32.06/100, discovery confidence 0.733, data completeness 1.000, engagement rate 0.060%.","[{""evidence_text"":""Observed structured account mention(s): pn_creator_itz"",""observation_type"":""direct"",""signal_type"":""native_product_integration"",""source_field"":""recent_posts.mentions"",""source_reference"":""3728135221850995914"",""url"":""https://www.instagram.com/p/DO8_ztVDPzK/""},{""evidence_text"":""Observed tagged account(s): pn_creator_itz, 8.59_.editor"",""observation_type"":""direct"",""signal_type"":""native_product_integration"",""source_field"":""recent_posts.tagged_usernames"",""source_reference"":""3728135221850995914"",""url"":""https://www.instagram.com/p/DO8_ztVDPzK/""},{""evidence_text"":""Observed structured account mention(s): pk_creator_itz"",""observation_type"":""direct"",""signal_type"":""native_product_integration"",""source_field"":""recent_posts.mentions"",""source_reference"":""3670590827925403705"",""url"":""https://www.instagram.com/p/DLwjukOTPg5/""},{""evidence_text"":""Observed tagged account(s): 8.59_.editor"",""observation_type"":""direct"",""signal_type"":""native_product_integration"",""source_field"":""recent_posts.tagged_usernames"",""source_reference"":""3670590827925403705"",""url"":""https://www.instagram.com/p/DLwjukOTPg5/""},{""evidence_text"":""Observed structured account mention(s): pn_creator_itz"",""observation_type"":""direct"",""signal_type"":""native_product_integration"",""source_field"":""recent_posts.mentions"",""source_reference"":""3950165816404720769"",""url"":""https://www.instagram.com/p/DbRzuGSsbyB/""},{""evidence_text"":""Observed tagged account(s): pn_creator_itz"",""observation_type"":""direct"",""signal_type"":""native_product_integration"",""source_field"":""recent_posts.tagged_usernames"",""source_reference"":""3950165816404720769"",""url"":""https://www.instagram.com/p/DbRzuGSsbyB/""},{""evidence_text"":""Observed structured account mention(s): pn_creator_itz"",""observation_type"":""direct"",""signal_type"":""native_product_integration"",""source_field"":""recent_posts.mentions"",""source_reference"":""3949802702731640559"",""url"":""https://www.instagram.com/p/DbQhKGVMn7v/""},{""evidence_text"":""Observed tagged account(s): pn_creator_itz"",""observation_type"":""direct"",""signal_type"":""native_product_integration"",""source_field"":""recent_posts.tagged_usernames"",""source_reference"":""3949802702731640559"",""url"":""https://www.instagram.com/p/DbQhKGVMn7v/""},{""evidence_text"":""Observed structured account mention(s): pn_creator_itz"",""observation_type"":""direct"",""signal_type"":""native_product_integration"",""source_field"":""recent_posts.mentions"",""source_reference"":""3949438685154212389"",""url"":""https://www.instagram.com/p/DbPOY8izXol/""},{""evidence_text"":""Observed tagged account(s): pn_creator_itz"",""observation_type"":""direct"",""signal_type"":""native_product_integration"",""source_field"":""recent_posts.tagged_usernames"",""source_reference"":""3949438685154212389"",""url"":""https://www.instagram.com/p/DbPOY8izXol/""},{""evidence_text"":""Observed structured account mention(s): pn_creator_itz"",""observation_type"":""direct"",""signal_type"":""native_product_integration"",""source_field"":""recent_posts.mentions"",""source_reference"":""3949074954379602532"",""url"":""https://www.instagram.com/p/DbN7r93MCpk/""},{""evidence_text"":""Observed tagged account(s): pn_creator_itz"",""observation_type"":""direct"",""signal_type"":""native_product_integration"",""source_field"":""recent_posts.tagged_usernames"",""source_reference"":""3949074954379602532"",""url"":""https://www.instagram.com/p/DbN7r93MCpk/""},{""evidence_text"":""Observed structured account mention(s): pn_creator_itz"",""observation_type"":""direct"",""signal_type"":""native_product_integration"",""source_field"":""recent_posts.mentions"",""source_reference"":""3948845146735555852"",""url"":""https://www.instagram.com/p/DbNHb00MrUM/""},{""evidence_text"":""Observed tagged account(s): pn_creator_itz"",""observation_type"":""direct"",""signal_type"":""native_product_integration"",""source_field"":""recent_posts.tagged_usernames"",""source_reference"":""3948845146735555852"",""url"":""https://www.instagram.com/p/DbNHb00MrUM/""},{""evidence_text"":""Observed structured account mention(s): pn_creator_itz"",""observation_type"":""direct"",""signal_type"":""native_product_integration"",""source_field"":""recent_posts.mentions"",""source_reference"":""3948350868770948243"",""url"":""https://www.instagram.com/p/DbLXDIlsoST/""},{""evidence_text"":""Observed tagged account(s): pn_creator_itz"",""observation_type"":""direct"",""signal_type"":""native_product_integration"",""source_field"":""recent_posts.tagged_usernames"",""source_reference"":""3948350868770948243"",""url"":""https://www.instagram.com/p/DbLXDIlsoST/""},{""evidence_text"":""Observed structured account mention(s): pn_creator_itz"",""observation_type"":""direct"",""signal_type"":""native_product_integration"",""source_field"":""recent_posts.mentions"",""source_reference"":""3947671562700765361"",""url"":""https://www.instagram.com/p/DbI8l7gsLix/""},{""evidence_text"":""Observed tagged account(s): pn_creator_itz"",""observation_type"":""direct"",""signal_type"":""native_product_integration"",""source_field"":""recent_posts.tagged_usernames"",""source_reference"":""3947671562700765361"",""url"":""https://www.instagram.com/p/DbI8l7gsLix/""},{""evidence_text"":""Observed structured account mention(s): pn_creator_itz"",""observation_type"":""direct"",""signal_type"":""native_product_integration"",""source_field"":""recent_posts.mentions"",""source_reference"":""3947336302419029043"",""url"":""https://www.instagram.com/p/DbHwXQCsKwz/""},{""evidence_text"":""Observed tagged account(s): pn_creator_itz"",""observation_type"":""direct"",""signal_type"":""native_product_integration"",""source_field"":""recent_posts.tagged_usernames"",""source_reference"":""3947336302419029043"",""url"":""https://www.instagram.com/p/DbHwXQCsKwz/""},{""evidence_text"":""Observed structured account mention(s): pn_creator_itz"",""observation_type"":""direct"",""signal_type"":""native_product_integration"",""source_field"":""recent_posts.mentions"",""source_reference"":""3946909388401231867"",""url"":""https://www.instagram.com/p/DbGPS1YT0f7/""},{""evidence_text"":""Observed tagged account(s): pn_creator_itz"",""observation_type"":""direct"",""signal_type"":""native_product_integration"",""source_field"":""recent_posts.tagged_usernames"",""source_reference"":""3946909388401231867"",""url"":""https://www.instagram.com/p/DbGPS1YT0f7/""},{""evidence_text"":""Observed structured account mention(s): pn_creator_itz"",""observation_type"":""direct"",""signal_type"":""native_product_integration"",""source_field"":""recent_posts.mentions"",""source_reference"":""3946479585963791966"",""url"":""https://www.instagram.com/p/DbEtkYqs9Ze/""},{""evidence_text"":""Observed tagged account(s): pn_creator_itz"",""observation_type"":""direct"",""signal_type"":""native_product_integration"",""source_field"":""recent_posts.tagged_usernames"",""source_reference"":""3946479585963791966"",""url"":""https://www.instagram.com/p/DbEtkYqs9Ze/""},{""evidence_text"":""0.40×provider identity (1.000) + 0.20×multi-query support (0.333; 1 distinct queries, full credit at 3) + 0.20×profile/post link verification (1.000) + 0.20×query relevance (0.333; 1 directly evidenced target dimensions) = 0.733."",""observation_type"":""derived"",""signal_type"":""discovery_confidence"",""source_field"":""provider_and_discovery"",""source_reference"":""pn_creator_itz"",""url"":""https://www.instagram.com/pn_creator_itz/""},{""evidence_text"":""Caption-derived topic excerpt used: Par Aisa Hua Nahi . 𝐏𝐥𝐞𝐚𝐬𝐞 𝐆𝐢𝐟𝐭𝐬 𝐌𝐞 . . . @pn_creator_itz . . . ʟɪᴋᴇ ᴄᴏᴍᴍᴇɴᴛ ꜱʜᴇᴀʀ ꜰᴏʟʟᴏᴡ ❤️❤️❤️❤️❤️❤️…"",""observation_type"":""direct"",""signal_type"":""offer_personalization"",""source_field"":""recent_posts.caption"",""source_reference"":""3950165816404720769"",""url"":""https://www.instagram.com/p/DbRzuGSsbyB/""},{""evidence_text"":""Observed profile name used in greeting: pawan kumar alone boy"",""observation_type"":""direct"",""signal_type"":""offer_greeting"",""source_field"":""full_name"",""source_reference"":""profile"",""url"":""https://www.instagram.com/pn_creator_itz/""}]",https://www.instagram.com/p/DbRzuGSsbyB/,"Здравствуйте, pawan kumar alone boy!

Увидели вашу недавнюю публикацию «Par Aisa Hua Nahi . 𝐏𝐥𝐞𝐚𝐬𝐞 𝐆𝐢𝐟𝐭𝐬 𝐌𝐞 . . . @pn_creator_itz . . . ʟɪᴋᴇ ᴄᴏᴍᴍᴇɴᴛ ꜱʜᴇᴀʀ ꜰᴏʟʟᴏᴡ ❤️❤️❤️❤️❤️❤️…»: https://www.instagram.com/p/DbRzuGSsbyB/
Нам кажется, такой формат контента может естественно сочетаться с категорией «женская одежда».

Мы — LD Latte. Хотим предложить для обсуждения товар бренда в обмен на согласованный контент: товар из новой коллекции LD Latte. Если идея вам интересна, возможный формат — Reels или нативный обзор; детали и творческую подачу согласуем вместе.

Будем рады обсудить предложение, если оно вам подходит; никаких обязательств до согласования условий нет.

[Черновик: требуется ручная проверка и одобрение перед использованием.]",pending,,0.733333,eligible,[],"[""ugc_creator_01""]",apify,2026-07-28T19:11:52.795572+00:00,deterministic_template,"clear: no Phase A username, URL, historical alias, replacement, rejected false lead, Nike, or Apple match"
instagram,reels.cristianos,https://www.instagram.com/reels.cristianos/,472985,4472.0,136.0,0.9814264722982757,12,12,1.0,0.4166666666666667,2026-07-28T17:19:14+00:00,30.34,"[{""evidence"":[{""evidence_text"":""0.00/24 topical + 4.00/5 format readiness + 0.88/1 Nike/Apple format alignment."",""observation_type"":""derived"",""signal_type"":""content_and_aesthetic_fit"",""source_field"":""candidate_metrics"",""source_reference"":""reels.cristianos"",""url"":""https://www.instagram.com/reels.cristianos/""}],""explanation"":""0.00/24 topical + 4.00/5 format readiness + 0.88/1 Nike/Apple format alignment."",""max_score"":30.0,""name"":""content_and_aesthetic_fit"",""score"":4.88},{""evidence"":[{""evidence_text"":""Observed tagged account(s): reels.cristianos"",""observation_type"":""direct"",""signal_type"":""native_product_integration"",""source_field"":""recent_posts.tagged_usernames"",""source_reference"":""3949179910538097305"",""url"":""https://www.instagram.com/p/DbOTjR5u3KZ/""},{""evidence_text"":""Observed tagged account(s): cristianosactualizados"",""observation_type"":""direct"",""signal_type"":""native_product_integration"",""source_field"":""recent_posts.tagged_usernames"",""source_reference"":""3948700550161552550"",""url"":""https://www.instagram.com/p/DbMmjqwxNSm/""},{""evidence_text"":""Observed tagged account(s): melodias.del.cielo"",""observation_type"":""direct"",""signal_type"":""native_product_integration"",""source_field"":""recent_posts.tagged_usernames"",""source_reference"":""3948387967018541666"",""url"":""https://www.instagram.com/p/DbLfe_BkSJi/""},{""evidence_text"":""Observed tagged account(s): melodias.del.cielo"",""observation_type"":""direct"",""signal_type"":""native_product_integration"",""source_field"":""recent_posts.tagged_usernames"",""source_reference"":""3947265956745020730"",""url"":""https://www.instagram.com/p/DbHgXlhx4U6/""},{""evidence_text"":""UGC=False, marketplace=False, commercial/PR=False, contact=False; 4/12 posts have independently observed native-integration evidence."",""observation_type"":""derived"",""signal_type"":""native_product_integration_potential"",""source_field"":""candidate_metrics"",""source_reference"":""reels.cristianos"",""url"":""https://www.instagram.com/reels.cristianos/""}],""explanation"":""UGC=False, marketplace=False, commercial/PR=False, contact=False; 4/12 posts have independently observed native-integration evidence."",""max_score"":20.0,""name"":""native_product_integration_potential"",""score"":2.67},{""evidence"":[{""evidence_text"":""Short video share 0.417 × 15 = 6.25."",""observation_type"":""derived"",""signal_type"":""short_video_consistency"",""source_field"":""candidate_metrics"",""source_reference"":""reels.cristianos"",""url"":""https://www.instagram.com/reels.cristianos/""}],""explanation"":""Short video share 0.417 × 15 = 6.25."",""max_score"":15.0,""name"":""short_video_consistency"",""score"":6.25},{""evidence"":[{""evidence_text"":""Frozen Phase A percentile 0.546804 × 15 = 8.20 raw; × completeness 12/12 (1.000000) = 8.20 adjusted."",""observation_type"":""derived"",""signal_type"":""engagement"",""source_field"":""candidate_metrics"",""source_reference"":""reels.cristianos"",""url"":""https://www.instagram.com/reels.cristianos/""}],""explanation"":""Frozen Phase A percentile 0.546804 × 15 = 8.20 raw; × completeness 12/12 (1.000000) = 8.20 adjusted."",""max_score"":15.0,""name"":""engagement"",""score"":8.2},{""evidence"":[{""evidence_text"":""1.0/5 for very large audience (>300k); commercial/PR=False (+2), UGC=False (+2), marketplace=False (+1)."",""observation_type"":""derived"",""signal_type"":""barter_feasibility"",""source_field"":""candidate_metrics"",""source_reference"":""reels.cristianos"",""url"":""https://www.instagram.com/reels.cristianos/""}],""explanation"":""1.0/5 for very large audience (>300k); commercial/PR=False (+2), UGC=False (+2), marketplace=False (+1)."",""max_score"":10.0,""name"":""barter_feasibility"",""score"":1.0},{""evidence"":[{""evidence_text"":""6.00/6 recency + 1.34/4 posting frequency."",""observation_type"":""derived"",""signal_type"":""recent_activity"",""source_field"":""candidate_metrics"",""source_reference"":""reels.cristianos"",""url"":""https://www.instagram.com/reels.cristianos/""}],""explanation"":""6.00/6 recency + 1.34/4 posting frequency."",""max_score"":10.0,""name"":""recent_activity"",""score"":7.34}]","Rank 28 of 30 eligible candidates: score 30.34/100, discovery confidence 0.733, data completeness 1.000, engagement rate 0.981%.","[{""evidence_text"":""Observed tagged account(s): reels.cristianos"",""observation_type"":""direct"",""signal_type"":""native_product_integration"",""source_field"":""recent_posts.tagged_usernames"",""source_reference"":""3949179910538097305"",""url"":""https://www.instagram.com/p/DbOTjR5u3KZ/""},{""evidence_text"":""Observed tagged account(s): cristianosactualizados"",""observation_type"":""direct"",""signal_type"":""native_product_integration"",""source_field"":""recent_posts.tagged_usernames"",""source_reference"":""3948700550161552550"",""url"":""https://www.instagram.com/p/DbMmjqwxNSm/""},{""evidence_text"":""Observed tagged account(s): melodias.del.cielo"",""observation_type"":""direct"",""signal_type"":""native_product_integration"",""source_field"":""recent_posts.tagged_usernames"",""source_reference"":""3948387967018541666"",""url"":""https://www.instagram.com/p/DbLfe_BkSJi/""},{""evidence_text"":""Observed tagged account(s): melodias.del.cielo"",""observation_type"":""direct"",""signal_type"":""native_product_integration"",""source_field"":""recent_posts.tagged_usernames"",""source_reference"":""3947265956745020730"",""url"":""https://www.instagram.com/p/DbHgXlhx4U6/""},{""evidence_text"":""0.40×provider identity (1.000) + 0.20×multi-query support (0.333; 1 distinct queries, full credit at 3) + 0.20×profile/post link verification (1.000) + 0.20×query relevance (0.333; 1 directly evidenced target dimensions) = 0.733."",""observation_type"":""derived"",""signal_type"":""discovery_confidence"",""source_field"":""provider_and_discovery"",""source_reference"":""reels.cristianos"",""url"":""https://www.instagram.com/reels.cristianos/""},{""evidence_text"":""Caption-derived topic excerpt used: Hay personas que llegan y uno entiende que no fueron accidente. No porque todo sea perfecto. No porque no hay…"",""observation_type"":""direct"",""signal_type"":""offer_personalization"",""source_field"":""recent_posts.caption"",""source_reference"":""3949179910538097305"",""url"":""https://www.instagram.com/p/DbOTjR5u3KZ/""},{""evidence_text"":""Observed profile name used in greeting: Reels Cristianos"",""observation_type"":""direct"",""signal_type"":""offer_greeting"",""source_field"":""full_name"",""source_reference"":""profile"",""url"":""https://www.instagram.com/reels.cristianos/""}]",https://www.instagram.com/p/DbOTjR5u3KZ/,"Здравствуйте, Reels Cristianos!

Увидели вашу недавнюю публикацию «Hay personas que llegan y uno entiende que no fueron accidente. No porque todo sea perfecto. No porque no hay…»: https://www.instagram.com/p/DbOTjR5u3KZ/
Нам кажется, такой формат контента может естественно сочетаться с категорией «женская одежда».

Мы — LD Latte. Хотим предложить для обсуждения товар бренда в обмен на согласованный контент: товар из новой коллекции LD Latte. Если идея вам интересна, возможный формат — Reels или нативный обзор; детали и творческую подачу согласуем вместе.

Будем рады обсудить предложение, если оно вам подходит; никаких обязательств до согласования условий нет.

[Черновик: требуется ручная проверка и одобрение перед использованием.]",pending,,0.733333,eligible,[],"[""reels_integrations_01""]",apify,2026-07-28T19:11:52.795572+00:00,deterministic_template,"clear: no Phase A username, URL, historical alias, replacement, rejected false lead, Nike, or Apple match"
instagram,reels_dkd,https://www.instagram.com/reels_dkd/,183560,237.5,5.0,0.13101983002832862,12,12,1.0,0.9166666666666666,2026-07-28T08:03:13+00:00,28.11,"[{""evidence"":[{""evidence_text"":""0.00/24 topical + 4.00/5 format readiness + 0.62/1 Nike/Apple format alignment."",""observation_type"":""derived"",""signal_type"":""content_and_aesthetic_fit"",""source_field"":""candidate_metrics"",""source_reference"":""reels_dkd"",""url"":""https://www.instagram.com/reels_dkd/""}],""explanation"":""0.00/24 topical + 4.00/5 format readiness + 0.62/1 Nike/Apple format alignment."",""max_score"":30.0,""name"":""content_and_aesthetic_fit"",""score"":4.62},{""evidence"":[{""evidence_text"":""Observed tagged account(s): reels_dkd"",""observation_type"":""direct"",""signal_type"":""native_product_integration"",""source_field"":""recent_posts.tagged_usernames"",""source_reference"":""3948170715133772332"",""url"":""https://www.instagram.com/p/DbKuFjcJgIs/""},{""evidence_text"":""UGC=False, marketplace=False, commercial/PR=False, contact=False; 1/12 posts have independently observed native-integration evidence."",""observation_type"":""derived"",""signal_type"":""native_product_integration_potential"",""source_field"":""candidate_metrics"",""source_reference"":""reels_dkd"",""url"":""https://www.instagram.com/reels_dkd/""}],""explanation"":""UGC=False, marketplace=False, commercial/PR=False, contact=False; 1/12 posts have independently observed native-integration evidence."",""max_score"":20.0,""name"":""native_product_integration_potential"",""score"":0.67},{""evidence"":[{""evidence_text"":""Short video share 0.917 × 15 = 13.75."",""observation_type"":""derived"",""signal_type"":""short_video_consistency"",""source_field"":""candidate_metrics"",""source_reference"":""reels_dkd"",""url"":""https://www.instagram.com/reels_dkd/""}],""explanation"":""Short video share 0.917 × 15 = 13.75."",""max_score"":15.0,""name"":""short_video_consistency"",""score"":13.75},{""evidence"":[{""evidence_text"":""Frozen Phase A percentile 0.062921 × 15 = 0.94 raw; × completeness 12/12 (1.000000) = 0.94 adjusted."",""observation_type"":""derived"",""signal_type"":""engagement"",""source_field"":""candidate_metrics"",""source_reference"":""reels_dkd"",""url"":""https://www.instagram.com/reels_dkd/""}],""explanation"":""Frozen Phase A percentile 0.062921 × 15 = 0.94 raw; × completeness 12/12 (1.000000) = 0.94 adjusted."",""max_score"":15.0,""name"":""engagement"",""score"":0.94},{""evidence"":[{""evidence_text"":""2.0/5 for large audience (150k–300k); commercial/PR=False (+2), UGC=False (+2), marketplace=False (+1)."",""observation_type"":""derived"",""signal_type"":""barter_feasibility"",""source_field"":""candidate_metrics"",""source_reference"":""reels_dkd"",""url"":""https://www.instagram.com/reels_dkd/""}],""explanation"":""2.0/5 for large audience (150k–300k); commercial/PR=False (+2), UGC=False (+2), marketplace=False (+1)."",""max_score"":10.0,""name"":""barter_feasibility"",""score"":2.0},{""evidence"":[{""evidence_text"":""6.00/6 recency + 0.13/4 posting frequency."",""observation_type"":""derived"",""signal_type"":""recent_activity"",""source_field"":""candidate_metrics"",""source_reference"":""reels_dkd"",""url"":""https://www.instagram.com/reels_dkd/""}],""explanation"":""6.00/6 recency + 0.13/4 posting frequency."",""max_score"":10.0,""name"":""recent_activity"",""score"":6.13}]","Rank 29 of 30 eligible candidates: score 28.11/100, discovery confidence 0.733, data completeness 1.000, engagement rate 0.131%.","[{""evidence_text"":""Observed tagged account(s): reels_dkd"",""observation_type"":""direct"",""signal_type"":""native_product_integration"",""source_field"":""recent_posts.tagged_usernames"",""source_reference"":""3948170715133772332"",""url"":""https://www.instagram.com/p/DbKuFjcJgIs/""},{""evidence_text"":""0.40×provider identity (1.000) + 0.20×multi-query support (0.333; 1 distinct queries, full credit at 3) + 0.20×profile/post link verification (1.000) + 0.20×query relevance (0.333; 1 directly evidenced target dimensions) = 0.733."",""observation_type"":""derived"",""signal_type"":""discovery_confidence"",""source_field"":""provider_and_discovery"",""source_reference"":""reels_dkd"",""url"":""https://www.instagram.com/reels_dkd/""},{""evidence_text"":""Caption-derived topic excerpt used: Tera milna bhi jaruri ..🌿💞"",""observation_type"":""direct"",""signal_type"":""offer_personalization"",""source_field"":""recent_posts.caption"",""source_reference"":""3951082519811766207"",""url"":""https://www.instagram.com/p/DbVEJ43ore_/""},{""evidence_text"":""Observed profile name used in greeting: reels_dkd"",""observation_type"":""direct"",""signal_type"":""offer_greeting"",""source_field"":""full_name"",""source_reference"":""profile"",""url"":""https://www.instagram.com/reels_dkd/""}]",https://www.instagram.com/p/DbVEJ43ore_/,"Здравствуйте, reels_dkd!

Увидели вашу недавнюю публикацию «Tera milna bhi jaruri ..🌿💞»: https://www.instagram.com/p/DbVEJ43ore_/
Нам кажется, такой формат контента может естественно сочетаться с категорией «женская одежда».

Мы — LD Latte. Хотим предложить для обсуждения товар бренда в обмен на согласованный контент: товар из новой коллекции LD Latte. Если идея вам интересна, возможный формат — Reels или нативный обзор; детали и творческую подачу согласуем вместе.

Будем рады обсудить предложение, если оно вам подходит; никаких обязательств до согласования условий нет.

[Черновик: требуется ручная проверка и одобрение перед использованием.]",pending,,0.733333,eligible,[],"[""reels_integrations_01""]",apify,2026-07-28T19:11:52.795572+00:00,deterministic_template,"clear: no Phase A username, URL, historical alias, replacement, rejected false lead, Nike, or Apple match"
instagram,jai_mata_rani_reels,https://www.instagram.com/jai_mata_rani_reels/,422802,157.0,4.5,0.038079290069583396,12,12,1.0,0.75,2026-07-28T16:35:14+00:00,27.58,"[{""evidence"":[{""evidence_text"":""0.00/24 topical + 4.00/5 format readiness + 0.79/1 Nike/Apple format alignment."",""observation_type"":""derived"",""signal_type"":""content_and_aesthetic_fit"",""source_field"":""candidate_metrics"",""source_reference"":""jai_mata_rani_reels"",""url"":""https://www.instagram.com/jai_mata_rani_reels/""}],""explanation"":""0.00/24 topical + 4.00/5 format readiness + 0.79/1 Nike/Apple format alignment."",""max_score"":30.0,""name"":""content_and_aesthetic_fit"",""score"":4.79},{""evidence"":[{""evidence_text"":""Observed structured account mention(s): jai_mata_rani_reels"",""observation_type"":""direct"",""signal_type"":""native_product_integration"",""source_field"":""recent_posts.mentions"",""source_reference"":""3951339249938711110"",""url"":""https://www.instagram.com/p/DbV-hzbp8JG/""},{""evidence_text"":""Observed structured account mention(s): jai_mata_rani_reels"",""observation_type"":""direct"",""signal_type"":""native_product_integration"",""source_field"":""recent_posts.mentions"",""source_reference"":""3951332684552607009"",""url"":""https://www.instagram.com/p/DbV9CQ8JhUh/""},{""evidence_text"":""Observed structured account mention(s): jai_mata_rani_reels"",""observation_type"":""direct"",""signal_type"":""native_product_integration"",""source_field"":""recent_posts.mentions"",""source_reference"":""3951306819043278378"",""url"":""https://www.instagram.com/p/DbV3J3zpz4q/""},{""evidence_text"":""Observed structured account mention(s): jai_mata_rani_reels"",""observation_type"":""direct"",""signal_type"":""native_product_integration"",""source_field"":""recent_posts.mentions"",""source_reference"":""3951214667952909683"",""url"":""https://www.instagram.com/p/DbViM5apW1z/""},{""evidence_text"":""Observed structured account mention(s): jai_mata_rani_reels"",""observation_type"":""direct"",""signal_type"":""native_product_integration"",""source_field"":""recent_posts.mentions"",""source_reference"":""3951169550032851292"",""url"":""https://www.instagram.com/p/DbVX8WFDFFc/""},{""evidence_text"":""Observed structured account mention(s): jai_mata_rani_reels"",""observation_type"":""direct"",""signal_type"":""native_product_integration"",""source_field"":""recent_posts.mentions"",""source_reference"":""3951120666075638143"",""url"":""https://www.instagram.com/p/DbVM0_WJKl_/""},{""evidence_text"":""Observed structured account mention(s): jai_mata_rani_reels"",""observation_type"":""direct"",""signal_type"":""native_product_integration"",""source_field"":""recent_posts.mentions"",""source_reference"":""3950489298315621691"",""url"":""https://www.instagram.com/p/DbS9RYTFbU7/""},{""evidence_text"":""UGC=False, marketplace=False, commercial/PR=False, contact=False; 7/12 posts have independently observed native-integration evidence."",""observation_type"":""derived"",""signal_type"":""native_product_integration_potential"",""source_field"":""candidate_metrics"",""source_reference"":""jai_mata_rani_reels"",""url"":""https://www.instagram.com/jai_mata_rani_reels/""}],""explanation"":""UGC=False, marketplace=False, commercial/PR=False, contact=False; 7/12 posts have independently observed native-integration evidence."",""max_score"":20.0,""name"":""native_product_integration_potential"",""score"":4.0},{""evidence"":[{""evidence_text"":""Short video share 0.750 × 15 = 11.25."",""observation_type"":""derived"",""signal_type"":""short_video_consistency"",""source_field"":""candidate_metrics"",""source_reference"":""jai_mata_rani_reels"",""url"":""https://www.instagram.com/jai_mata_rani_reels/""}],""explanation"":""Short video share 0.750 × 15 = 11.25."",""max_score"":15.0,""name"":""short_video_consistency"",""score"":11.25},{""evidence"":[{""evidence_text"":""Frozen Phase A percentile 0.010746 × 15 = 0.16 raw; × completeness 12/12 (1.000000) = 0.16 adjusted."",""observation_type"":""derived"",""signal_type"":""engagement"",""source_field"":""candidate_metrics"",""source_reference"":""jai_mata_rani_reels"",""url"":""https://www.instagram.com/jai_mata_rani_reels/""}],""explanation"":""Frozen Phase A percentile 0.010746 × 15 = 0.16 raw; × completeness 12/12 (1.000000) = 0.16 adjusted."",""max_score"":15.0,""name"":""engagement"",""score"":0.16},{""evidence"":[{""evidence_text"":""1.0/5 for very large audience (>300k); commercial/PR=False (+2), UGC=False (+2), marketplace=False (+1)."",""observation_type"":""derived"",""signal_type"":""barter_feasibility"",""source_field"":""candidate_metrics"",""source_reference"":""jai_mata_rani_reels"",""url"":""https://www.instagram.com/jai_mata_rani_reels/""}],""explanation"":""1.0/5 for very large audience (>300k); commercial/PR=False (+2), UGC=False (+2), marketplace=False (+1)."",""max_score"":10.0,""name"":""barter_feasibility"",""score"":1.0},{""evidence"":[{""evidence_text"":""6.00/6 recency + 0.38/4 posting frequency."",""observation_type"":""derived"",""signal_type"":""recent_activity"",""source_field"":""candidate_metrics"",""source_reference"":""jai_mata_rani_reels"",""url"":""https://www.instagram.com/jai_mata_rani_reels/""}],""explanation"":""6.00/6 recency + 0.38/4 posting frequency."",""max_score"":10.0,""name"":""recent_activity"",""score"":6.38}]","Rank 30 of 30 eligible candidates: score 27.58/100, discovery confidence 0.733, data completeness 1.000, engagement rate 0.038%.","[{""evidence_text"":""Observed structured account mention(s): jai_mata_rani_reels"",""observation_type"":""direct"",""signal_type"":""native_product_integration"",""source_field"":""recent_posts.mentions"",""source_reference"":""3951339249938711110"",""url"":""https://www.instagram.com/p/DbV-hzbp8JG/""},{""evidence_text"":""Observed structured account mention(s): jai_mata_rani_reels"",""observation_type"":""direct"",""signal_type"":""native_product_integration"",""source_field"":""recent_posts.mentions"",""source_reference"":""3951332684552607009"",""url"":""https://www.instagram.com/p/DbV9CQ8JhUh/""},{""evidence_text"":""Observed structured account mention(s): jai_mata_rani_reels"",""observation_type"":""direct"",""signal_type"":""native_product_integration"",""source_field"":""recent_posts.mentions"",""source_reference"":""3951306819043278378"",""url"":""https://www.instagram.com/p/DbV3J3zpz4q/""},{""evidence_text"":""Observed structured account mention(s): jai_mata_rani_reels"",""observation_type"":""direct"",""signal_type"":""native_product_integration"",""source_field"":""recent_posts.mentions"",""source_reference"":""3951214667952909683"",""url"":""https://www.instagram.com/p/DbViM5apW1z/""},{""evidence_text"":""Observed structured account mention(s): jai_mata_rani_reels"",""observation_type"":""direct"",""signal_type"":""native_product_integration"",""source_field"":""recent_posts.mentions"",""source_reference"":""3951169550032851292"",""url"":""https://www.instagram.com/p/DbVX8WFDFFc/""},{""evidence_text"":""Observed structured account mention(s): jai_mata_rani_reels"",""observation_type"":""direct"",""signal_type"":""native_product_integration"",""source_field"":""recent_posts.mentions"",""source_reference"":""3951120666075638143"",""url"":""https://www.instagram.com/p/DbVM0_WJKl_/""},{""evidence_text"":""Observed structured account mention(s): jai_mata_rani_reels"",""observation_type"":""direct"",""signal_type"":""native_product_integration"",""source_field"":""recent_posts.mentions"",""source_reference"":""3950489298315621691"",""url"":""https://www.instagram.com/p/DbS9RYTFbU7/""},{""evidence_text"":""0.40×provider identity (1.000) + 0.20×multi-query support (0.333; 1 distinct queries, full credit at 3) + 0.20×profile/post link verification (1.000) + 0.20×query relevance (0.333; 1 directly evidenced target dimensions) = 0.733."",""observation_type"":""derived"",""signal_type"":""discovery_confidence"",""source_field"":""provider_and_discovery"",""source_reference"":""jai_mata_rani_reels"",""url"":""https://www.instagram.com/jai_mata_rani_reels/""},{""evidence_text"":""Caption-derived topic excerpt used: 29 july 2026 गुरु पूर्णिमा की हार्दिक शुभकामनाएं..❤️🙏 Follow me @jai_mata_rani_reels #gurudev #gurupurnima #e…"",""observation_type"":""direct"",""signal_type"":""offer_personalization"",""source_field"":""recent_posts.caption"",""source_reference"":""3951339249938711110"",""url"":""https://www.instagram.com/p/DbV-hzbp8JG/""},{""evidence_text"":""Observed profile name used in greeting: manjay kumar"",""observation_type"":""direct"",""signal_type"":""offer_greeting"",""source_field"":""full_name"",""source_reference"":""profile"",""url"":""https://www.instagram.com/jai_mata_rani_reels/""}]",https://www.instagram.com/p/DbV-hzbp8JG/,"Здравствуйте, manjay kumar!

Увидели вашу недавнюю публикацию «29 july 2026 गुरु पूर्णिमा की हार्दिक शुभकामनाएं..❤️🙏 Follow me @jai_mata_rani_reels #gurudev #gurupurnima #e…»: https://www.instagram.com/p/DbV-hzbp8JG/
Нам кажется, такой формат контента может естественно сочетаться с категорией «женская одежда».

Мы — LD Latte. Хотим предложить для обсуждения товар бренда в обмен на согласованный контент: товар из новой коллекции LD Latte. Если идея вам интересна, возможный формат — Reels или нативный обзор; детали и творческую подачу согласуем вместе.

Будем рады обсудить предложение, если оно вам подходит; никаких обязательств до согласования условий нет.

[Черновик: требуется ручная проверка и одобрение перед использованием.]",pending,,0.733333,eligible,[],"[""reels_integrations_01""]",apify,2026-07-28T19:11:52.795572+00:00,deterministic_template,"clear: no Phase A username, URL, historical alias, replacement, rejected false lead, Nike, or Apple match"
